Exajoules,1965,1966,1967,1968,1969,1970,1971,1972,1973,1974,1975,1976,1977,1978,1979,1980,1981,1982,1983,1984,1985,1986,1987,1988,1989,1990,1991,1992,1993,1994,1995,1996,1997,1998,1999,2000,2001,2002,2003,2004,2005,2006,2007,2008,2009,2010,2011,2012,2013,2014,2015,2016,2017,2018,2019,2020,2020_2,2009-19,2020_3,iii,jjj
Canada,0.647949168,0.635221296,0.629359776,0.683746308,0.6601327560000001,0.708741504,0.6736561200000001,0.635681844,0.654689916,0.665198784,0.6471536760000001,0.7661844,0.979041312,0.8050379040000001,0.7622906760000001,0.928409,0.9479420000000001,1.001681,1.0480150000000001,1.1673769999999999,1.122086,1.039979,1.1177439999999998,1.200307,1.197786,1.136171,1.0997860000000002,1.1203530000000002,0.994715,1.054689,1.102441,1.125095,1.17589,1.2571770000000002,1.208485,1.2786780000000002,1.328843,1.336577,1.333287,1.2594750000000001,1.2540419999999999,1.21476,1.269971,1.206829,1.0082820000000001,1.033147,0.931414,0.890688,0.8615790707900001,0.8228356089,0.8241174212933899,0.77060191245,0.7839980362000001,0.6527893101652601,0.63469215306,0.49524653923337414,-0.22183785598838468,-0.04523143562572807,0.003270580300903197,,
Mexico,0.02888,0.030805,0.037798000000000005,0.039623,0.040165,0.045045,0.056551000000000004,0.062502,0.067005,0.07402500000000001,0.08502599999999999,0.06525,0.093852,0.097853,0.096131,0.097337,0.086036,0.103036,0.11730299999999999,0.117637,0.127518,0.140607,0.135982,0.128702,0.142464,0.141268,0.136638,0.138177,0.15585300000000002,0.188346,0.209731,0.24047900000000003,0.240711,0.246052,0.250371,0.27427300000000004,0.301224899,0.504380882,0.37194614200000004,0.38059092600000005,0.480346286,0.515513829,0.473701501,0.423163079,0.431087216,0.533227517,0.616777342,0.5373576369999999,0.5336157960000001,0.5325798610000001,0.5315416310000001,0.520679917,0.6363100429999999,0.567163673,0.5414934050000001,0.20884674463499225,-0.6153671989520693,0.0230639999201534,0.0013792121596009651,,
US,11.607278834933092,12.171046241691226,11.941188080943949,12.35907528883598,12.410055429376202,12.292773943720771,11.625122836310078,12.104730864333172,13.001364119616712,12.692041367667388,12.691949155785869,13.615351921195593,13.954166438382037,13.797277945008078,15.074223068767724,15.45832865432589,15.944161986654576,15.356867520169322,15.931047853417677,17.109936666515544,17.518681868197415,17.300156748149433,18.049925542961965,18.889716187107414,19.113680805861954,19.2167907285522,19.03540895530129,19.166511197850916,19.880829535734694,19.95531568763777,20.13499254338364,21.05028266782582,21.494801068021758,21.705618477538426,21.672342015946793,22.6315300075073,21.96473787381902,21.954435200665397,22.372334436194148,22.51793599480957,22.849044806070815,22.49885715606268,22.80185938491572,22.438996610410957,19.7365550263707,20.881949878112906,19.7030570558028,17.418257115404877,18.080177053918558,18.039081626155944,15.584679980371163,14.258668112612813,13.869333511990687,13.282051073142153,11.341655494096226,9.20277684698986,-0.19080308401787693,-0.053892445727673155,0.06077462089076779,,
Total North America,12.284108002933092,12.837072537691226,12.608345856943949,13.08244459683598,13.110353185376201,13.046560447720772,12.355329956310078,12.802914708333173,13.723059035616712,13.431265151667388,13.424128831785868,14.446786321195592,15.027059750382037,14.700168849008078,15.932644744767725,16.48407465432589,16.978139986654575,16.46158452016932,17.096365853417677,18.394950666515545,18.768285868197417,18.48074274814943,19.303651542961966,20.218725187107413,20.453930805861955,20.494229728552202,20.27183295530129,20.425041197850916,21.031397535734694,21.19835068763777,21.44716454338364,22.415856667825818,22.911402068021758,23.208847477538427,23.131198015946794,24.1844810075073,23.59480577281902,23.7953930826654,24.07756757819415,24.158001920809568,24.583433092070816,24.22913098506268,24.545531885915718,24.068988689410958,21.175924242370698,22.448324395112905,21.2512483978028,18.846302752404878,19.475371920708557,19.394497096055943,16.940339032664554,15.549949942062813,15.289641591190687,14.502004056307413,12.517841052156227,9.906870130858227,-0.2107423206193212,-0.0512130429813733,0.06542441335127196,,
Argentina,0.030438177071465594,0.02509854587589617,0.02822542915980998,0.0274285269917837,0.03283981198673134,0.04220135416802159,0.03699915130315722,0.031144661635787777,0.03418747912402024,0.04257331870448741,0.04143938504845019,0.04191330675389806,0.03963061109207022,0.0483091032944123,0.045006025783457936,0.040120522654445503,0.03801768194480252,0.038397874139419357,0.034847867611043734,0.025866805296863023,0.038158580742223905,0.04359365758903723,0.04838282201028164,0.04958045869814018,0.05364996543951057,0.04415807587351091,0.038858444918265136,0.0438053890960686,0.029051953992,0.02543438516439304,0.026690948692061522,0.027960538119148223,0.022059770459441762,0.029654673701806793,0.035587690348568915,0.027045530291854497,0.02216466820859398,0.016510667369904742,0.020137912678829153,0.03427134991186201,0.03946192181875399,0.035725754078428006,0.05169729995762689,0.06305784743756057,0.03463537700785296,0.04849948817913441,0.05262712295184964,0.049209050091015664,0.05378148980601422,0.0572101797641976,0.05693086539972248,0.04387910886468,0.04509103744661183,0.04935293160336,0.029246265054720003,0.03189681431452715,0.08764878144694088,-0.01677016278923682,0.0002106447684019061,,
Brazil,0.07264098,0.07871184,0.081349524,0.080051616,0.08934631200000001,0.10204126419643202,0.10271678528462401,0.10812928224711602,0.106266817803384,0.11272421498616,0.13401089217756001,0.14301502178734798,0.181389732885252,0.208566053147196,0.226543175093304,0.2471211431028,0.24176828417554802,0.255570492530592,0.287412516016812,0.354928714778016,0.41957295505181996,0.424773015038352,0.44479724918903996,0.45456420157524,0.45104932410883203,0.4018348456104528,0.4606687508791536,0.4470480513991297,0.4605705678400848,0.4727939376916225,0.4958273605876416,0.5116288869998208,0.5146965419788081,0.504144794866608,0.510508068598584,0.5442533615000161,0.5356368163172881,0.5184374098464001,0.5379074240507999,0.5639647928307481,0.5439045692121626,0.5363063055748295,0.5683381975512365,0.5764764797264512,0.4651457769380086,0.605511506535999,0.6468109216846545,0.6400670739248117,0.6899165803862698,0.7335589308303728,0.7379197609752026,0.6665268960073689,0.7029770964830224,0.6873784259035317,0.6481235264519214,0.5789682591013453,-0.10914145984973955,0.03372940548822778,0.003823473831833842,,
Chile,0.04877622,0.050241600000000004,0.050241600000000004,0.050241600000000004,0.050241600000000004,0.053716644,0.05187445200000001,0.042872832,0.046557216000000005,0.044128872,0.035252856,0.0355878,0.038309220000000005,0.037346256,0.041323716,0.04563612,0.045552384,0.0303543,0.036383292000000005,0.049069296,0.049111164,0.046640952000000006,0.048064464,0.0669888,0.09051861600000001,0.1090493928,0.0895891464,0.07746417359999999,0.07815499560000001,0.0921807756,0.09937788480000001,0.13770996472799998,0.17927165844,0.16867361160000002,0.1740620232,0.1345093236,0.10553248080000001,0.1063698408,0.1017015588,0.11780426538789411,0.1154523904311658,0.1441385061745436,0.17107765445782047,0.18294307444186123,0.16724727261086025,0.18802500119999999,0.24115130640000002,0.28115618039999996,0.31603641120000003,0.3188080728,0.3061974312,0.31053790858972125,0.3228827883226948,0.31162204239515345,0.313504485768,0.3004914095167834,-0.044127250675304985,0.0648500889480792,0.001984428373951974,,
Colombia,0.084322152,0.084322152,0.09252828,0.08428028400000001,0.089974332,0.093909924,0.07303064547600001,0.075878925516,0.077275181448,0.093446570844,0.09498446224254001,0.09290054848464001,0.09523667800530002,0.09625971693312,0.097099177032,0.1018336041918,0.10375204200659999,0.10802973324780003,0.11906830262340001,0.12396182399640002,0.12785301916920003,0.12624634722960004,0.1587394216746,0.12662870673959997,0.14671218762720004,0.0668951978058,0.0841278823866,0.14071317102180003,0.147535662105,0.1688707512648,0.15111687121128,0.11714764685130004,0.13874615586000003,0.13195077012,0.10537937753767747,0.11317613475931014,0.1114503132599999,0.09166107230279996,0.1016093941086899,0.08891537723639996,0.05602443118740013,0.15958815735824083,0.14051498016603375,0.18591156123229305,0.1710030027231441,0.20126642577118803,0.16295913986074445,0.19641721797517966,0.21128399072120269,0.2238008967471525,0.20800790561214982,0.2287693201590709,0.17434129647537897,0.16366533866748373,0.2035329460660708,0.2681321551244719,0.3137900215964802,0.017567196843303323,0.0017707296772761002,,
Ecuador,0,0,0,0,0,0,0,0,0,0,0,0,0,0,0,0,0,0,0,0,0,0,0,0,0,0,0,0,0,0,0,0,0,0,0,0,0,0,0,0,0,0,0,0,0,0,0,0,0,0,0,0,0,0,0,0,0,0,0,,
Peru,0.0015109433961795124,0.001905849057307317,0.002146226414926829,0.00212905660417561,0.0035884905659707323,0.00364,0.005105,0.005522999999999999,0.0063170000000000006,0.006736,0.007029,0.005439,0.006234,0.005314,0.005647999999999999,0.005942,0.006025,0.0068200000000000005,0.005774,0.0046029999999999995,0.005021,0.0068200000000000005,0.007699,0.007573000000000001,0.00841,0.006066,0.011757,0.011506,0.012092,0.014895,0.015648,0.016401,0.017071000000000003,0.018715,0.016973,0.026366,0.023923000000000003,0.03276,0.035156,0.038014000000000006,0.038579999999999996,0.032825,0.043340000000000004,0.038645000000000006,0.034718000000000006,0.034048,0.034241999999999995,0.036547,0.036859,0.0364,0.033927,0.041004,0.0417242,0.0468504,0.03160020954111764,0.023190115896750223,-0.2681455199130056,-0.009365322899928752,0.00015314622156669528,,
Trinidad & Tobago,0,0,0,0,0,0,0,0,0,0,0,0,0,0,0,0,0,0,0,0,0,0,0,0,0,0,0,0,0,0,0,0,0,0,0,0,0,0,0,0,0,0,0,0,0,0,0,0,0,0,0,0,0,0,0,0,0,0,0,,
Venezuela,0.0008373600000000001,0.000879228,0.000921096,0.0009629640000000001,0.001004832,0.001004832,0.005973893712000001,0.006293639628,0.011405387484000001,0.008541825624,0.010546758540000001,0.006917765904,0.010720008324,0.00330254784,0.0068845227119999994,0.006557324292,0.006478277508000001,0.0036974886840000004,0.005173963704,0.0056604698640000005,0.007494832548,0.008334160344,0.010948063320000001,0.007958227572000001,0.021851620956,0.019375924248,0,0.00015281820000000003,0.00119198196,0.002322878508,0.00021394548000000003,0.00067240008,0.0014364910800000001,0.0014976183600000001,0.001528182,0.005532102576000001,0.0020478057480000002,0.000764091,0.0018032966280000001,0,0.0015587456399999999,0.010361199564000001,0.005807133468,0.005898866256,0.009933308604000001,0.008343957456,0.008588466576,0.008832975696,0.008802412055999999,0.008252266536,0.005501518002,0.006173926455600001,0.003429952164,0.0013719892392,0.0008391938184,0.00054594830299573,-0.3512146669481627,-0.2189536003392185,0.0000036054118981898726,,
Central America,0.000013082692572488,0.00006563224292032136,0.00009227628764265505,0.00006774235462556135,0.00012018639938813272,0.000040023671784118005,0.000066410360577022,0.000289891769988832,0.00041550826008384,0.00017310429594031204,0.00004582982428508,0.000027523576507174,0.000028169991264953998,0.000029963586214407997,0.000059659696408076,0.0006178036755786,0.0006041547075786,0.0001153876755786,0.0001153876755786,0.0000316516755786,0.0009452049539388718,0.0009809601724698,0.001055484683720088,0.000542605322587488,0.0014250641239857119,0.0010158298958731602,0.001423064123985712,0.001312440003051288,0.0016652913537689362,0.0016843878511847443,0.001313440003051288,0.0036335084216615843,0.0017793512639999998,0.001845476672,0.0036775872120000004,0.010880826848,0.011556873308000001,0.014884865294081999,0.016797000372,0.01724525191235345,0.014284362499999998,0.015383518221200002,0.017721419428000002,0.019025926729999997,0.015016633013200002,0.018133391494400002,0.025644511257976,0.032941510903568005,0.041954881784096,0.045354271301037204,0.05647297272151681,0.06183736725833648,0.04578225458696021,0.05718022381732599,0.08550444144817934,0.0673207621694841,-0.21481475671046724,0.1899853387919579,0.00044458252839915316,,
Other Caribbean,0.0020934,0.0020934,0.0020934,0.0020934,0.0020934,0.0016747200000000002,0.001381644,0.001381644,0.001172304,0.0012560400000000002,0.0015588480000804754,0.0012560400000000002,0.002344608,0.002344608,0.001967796,0.00230274,0.002260872,0.004103064,0.0085669080738424,0.006930614217443,0.013515529521443,0.010801081407086799,0.016883719609805,0.0159661099963114,0.014622091678645598,0.0137903608107768,0.0143902345193096,0.0131979146061634,0.0146565343360454,0.011317183459202601,0.011722526726464599,0.009613279271901259,0.0100572011311066,0.012210591715207348,0.014673695270075934,0.01598695687872315,0.01800145148294713,0.036874152566053336,0.06705573484315366,0.07787451303984343,0.06790545283900942,0.08728534375750459,0.08962031287481025,0.08415188616995176,0.07593356949609222,0.07898743409005574,0.08796921881171547,0.07935260584993833,0.0870152274935598,0.09898102693370145,0.0931128374879964,0.09357578238724451,0.08409113732495388,0.09106308370713552,0.14101759558071927,0.2088925114995387,0.4772749888034751,0.06385869872169136,0.0013795144014012843,,
Other South America,0.0013230288,0.0011136888,0.0012686004000000003,0.0010341396,0.0009671508000000001,0.0012004031201522172,0.001121691280152217,0.0010911276401522172,0.0009376024401674388,0.0010117088001674387,0.0010577636001674387,0.0009419196001826603,0.0009088438801826604,0.00017154840018266033,0.00025277232018266034,0.00023183832018266036,0.00019093804019788206,0.00012397684015221696,0.00012214416018266035,0.00013525360019788206,0.00015979776022832546,0.00015979776022832546,0.00016189116022832545,0.00021757560022832545,0.00015896040022832545,0.00016314720022832544,0.00015937908022832544,0.00015058680022832544,0.00015058680022832544,0.00015058680022832544,0.00015896040022832545,0.00016733400022832544,0.00016314720022832544,0.00013386720018266035,0.00014224080018266033,0.00013386720018266035,0.00015200080019788206,0.00015480120018266036,0.00013386720018266035,0.00016037440019788207,0.00017335348019788206,0.00018549520019788207,0.00019805560019788208,0.00018968200019788207,0.00020224240019788207,0.0002449477601978821,0.00022233904019788208,0.00025206532019788204,0.00020491244016743868,0.0001703199601369953,0.00030249248012177357,0.00031450384010655186,0.00021836540000000002,0.00033517712000000004,0.0002225522,0.0002225522,-0.002732240437158473,0.009615403971264147,0.0000014697222162711033,,
Total S. & Cent. America,0.2419553439602176,0.2444319359761238,0.25886643226237954,0.24828932955058491,0.2701761157520903,0.29942916515639,0.27826967341651054,0.2726050044370449,0.2845344965596555,0.3105916552547552,0.32592579543308325,0.3279989261065759,0.3748018721780698,0.4016437972011254,0.42478484463735267,0.4503630962368068,0.44464963438272703,0.4472123171175422,0.4974643818648594,0.5711876294284984,0.6618320837468542,0.668349971540774,0.736732115647675,0.7300196855041073,0.7883978303344021,0.6623487742446419,0.7009739023075422,0.7353505447264415,0.7450695739871276,0.7896498863394312,0.8020699379007272,0.8249345584720601,0.8852813174135846,0.8688264042358049,0.8625318649670889,0.8778841036540866,0.8304654099250268,0.8184169003794228,0.8823021886816553,0.938249924719299,0.87734522710869,1.0217992799289444,1.0883150535037258,1.1563003239943157,0.973835182793356,1.183060152486975,1.260215026583138,1.3247756801607111,1.44585490588731,1.5225359648725985,1.4983727838787098,1.4526188135621287,1.4205381282036218,1.4088196124531902,1.4535912159291284,1.4796605281258965,0.015153176234954158,0.04086806216130645,0.009771594936945417,,
Austria,0.21281363910934745,0.20328334700176365,0.1924232466931217,0.18998526499118165,0.18697103306878307,0.201075,0.184441,0.167234,0.166211,0.175402,0.152426,0.16221600000000003,0.136081,0.138248,0.15007,0.154205,0.15786,0.15014,0.16076100000000001,0.18319100000000002,0.182934,0.163089,0.161782,0.154922,0.15562099999999998,0.17150600000000002,0.17990000000000003,0.1399752879,0.1258515005,0.127636,0.14521910999999998,0.14583668959999999,0.15468670920000002,0.136188,0.13525169873462628,0.15292441892754,0.15797208061606927,0.16048696196547232,0.17117169950185673,0.16767470341596283,0.1671769717596475,0.16703269385750144,0.1614945362430254,0.1595390719952397,0.1202068233900587,0.14133844616388253,0.14515069113768603,0.13483746379281353,0.13714672691509316,0.12562402776163034,0.13576893457744124,0.12592654444158816,0.13163238227561586,0.11622587044960953,0.11890078126665045,0.09328211922,-0.2176060657399922,-0.0010918448031691508,0.0006160298707381175,,
Belgium,0.8025737565798,0.73213557891984,0.7185501020671201,0.7418310416960401,0.72248526492012,0.6808841738388001,0.56382102854388,0.5385003909051601,0.45190014408468004,0.48336278424768,0.36100428283461605,0.376213580006112,0.381582972983376,0.39075860832375603,0.43536714412212,0.43889222331288,0.45465323178384,0.45536583812292003,0.38858445420458404,0.45064273458240006,0.44937608020704006,0.383434060467996,0.381575318424408,0.38559059205289203,0.405124283465964,0.44507421522,0.42573974029200007,0.3810248837640001,0.36093104891999994,0.38795642424000004,0.37054582578000006,0.354627654048,0.33106409244,0.32931652212,0.28854609174,0.31926112642800003,0.30410796679200003,0.260699098788,0.252176741784,0.23455554728400002,0.21551670230400002,0.212676293448,0.19435221896399998,0.19193781700800003,0.123642442332,0.156961792224,0.1477762461,0.13918551865200002,0.14726734056000002,0.14041911740400004,0.14119401034800003,0.133800414624,0.130743464472,0.12997522854,0.13016782134000002,0.10757010435175071,-0.17586239165358153,0.005156316342931788,0.0007103869212363162,,
Bulgaria,0.251040528,0.258869844,0.28110175200000004,0.305385192,0.30701804400000005,0.33582322800000003,0.33146895600000004,0.34164288,0.34428056400000007,0.338419044,0.354789432,0.33071533200000003,0.329375556,0.35118878400000003,0.36211633200000004,0.37982649600000007,0.385688016,0.405198504,0.40364938800000005,0.404277408,0.421945704,0.43371061200000005,0.43333380000000005,0.403691256,0.41202298800000003,0.34580849479200004,0.309102107436,0.325040585148,0.349955227116,0.320367907008,0.32040772347600005,0.319043747772,0.36379858824,0.346495046256,0.285311746872,0.26349722096399997,0.300342107664,0.27658737676800005,0.30966598566000003,0.29590690482,0.289835793612,0.29429917362,0.3310903436760001,0.31559336402399996,0.26565618625200005,0.288169112268,0.3389197434120001,0.28954066608,0.24885208764,0.26586598680000006,0.274451480748,0.23840895239999998,0.255601251108,0.22840974356400004,0.21266486348399993,0.17165146543985937,-0.19505991934692024,-0.022002868925030894,0.0011335766270225717,,
Croatia,,,,,,,,,,,,,,,,,,,,,,,,,,0.033852329532,0.019033611480000004,0.016730369064,0.014218749612000002,0.00889988076,0.007316893547999999,0.005991059592,0.01018480968,0.009737491968,0.008636363568,0.018074373732,0.02012029542,0.024457443408000004,0.027201179052,0.028884858804000005,0.0286241049,0.026572698504000004,0.028849103532,0.029688724404,0.021215436696000005,0.028583325468000003,0.029421564696,0.026385171732,0.02826738954,0.027075868128000006,0.025360075619999995,0.027255356244000002,0.016426239912000002,0.015293710512,0.017639867628000003,0.01461749273992114,-0.1736018351958546,-0.0182874688572785,0.0000965331002166847,,
Cyprus,0,0,0,0,0,0,0,0,0,0,0,0,0,0,0,0,0,0,0,0,0.0038937240000000003,0.0023864760000000002,0.005066028,0.003056364,0.00272142,0.002553948,0.0018840600000000001,0.003475044,0.00293076,0.004019328,0.004479876,0.0041868,0.0031819680000000003,0.000586152,0.001004832,0.001507248,0.002219004,0.001842192,0.001842192,0.001842192,0.001842192,0.001263442320763992,0.0011473873206932523,0.0009384883205659202,0.0004974793202971081,0.0006135343203678482,0.00028858032016977603,0.000010048320000000001,0.000010048320000000001,0.000092844000056592,0.00013926600008488802,0.000018592010999999974,0.00012488080002612983,0.0005698836000000098,0.0006996553200000118,0.0005835343500000099,-0.16824759675598688,0.03469157022938352,0.0000038536280394097755,,
Czech Republic,1.4790289680000002,1.4746746960000001,1.426107816,1.4762238120000002,1.5343365960000002,1.5533028000000002,1.618323804,1.5952545360000001,1.5609646440000002,1.55518686,1.5883881840000003,1.619370504,1.654372152,1.6608198240000003,1.66132224,1.6098664680000003,1.60333506,1.615769856,1.6066845,1.6369550640000001,1.6014091320000001,1.594165968,1.575618444,1.594082232,1.5327037440000002,1.2454000432920003,1.1408887648800001,1.065321169812,1.036367563752,0.980880070824,0.9818057304360001,0.9796271709240001,0.9204496836839999,0.8532080428320001,0.7773991206120001,0.88818105312,0.8716694024880001,0.8554704639480002,0.8694785337840001,0.870798003804,0.8413089060240001,0.871110967104,0.86945307804,0.8245785788280001,0.761674044096,0.7861721831999999,0.773959203864,0.742137011784,0.7074162143280001,0.685568989512,0.683500166028,0.68834592648,0.65279078352,0.6487151849280001,0.602049405204,0.48907709128711135,-0.18986579695043215,-0.023243527999847524,0.0032298376135302996,,
Denmark,0.1548320508,0.17548134840000004,0.15023913120000001,0.13461399359999998,0.12295794240000002,0.098347932,0.06018525,0.0614873448,0.09424068120000001,0.08902392840000002,0.08588801520000001,0.11932798680000001,0.13726842479999998,0.15123140280000003,0.18035059680000004,0.2573919036,0.20571841800000001,0.24815582280000004,0.2369896272,0.24978867480000003,0.3044515356,0.30796426080000006,0.3022953336,0.28284346080000006,0.23245113600000003,0.25500124080000003,0.3458673612,0.2880895212,0.3021990372,0.3249752292,0.2716563312,0.37340394480000005,0.2775890268000001,0.2359136196,0.1981905516,0.16625782800000002,0.17573674320000002,0.1759460832,0.2400585516,0.18400986,0.1552550935,0.2355902501,0.1947899195,0.17155812393,0.16878004643000002,0.16046519714000002,0.13557779455999996,0.10354746161,0.13548532084,0.10995850404999999,0.07236272629,0.087676310979,0.06559080218848,0.06680127956391811,0.03807636700576,0.0327107135365,-0.14326542767821115,-0.1383449449573103,0.00021601971310404458,,
Estonia,,,,,,,,,,,,,,,,,,,,,0.2430730902583122,0.2460294584556029,0.24815235854868586,0.2367152368292832,0.2450539390701073,0.23327426088000003,0.20868673359599998,0.182361265632,0.13398074010000002,0.135370506492,0.131917150116,0.13714445365199998,0.13584415917599998,0.12316330494000001,0.11210663602800003,0.118432890828,0.11680322079600002,0.11389686984000001,0.131698766628,0.135056370888,0.129474403524,0.12269580685200002,0.14789410451999999,0.140793626664,0.12780784778400003,0.16365146126400001,0.17456318316,0.163327654152,0.17538861078000004,0.17693768491200002,0.160031135304,0.16167905978400002,0.17842240792800002,0.192276612864,0.12389289670800002,0.09728464940797293,-0.21691358477470346,-0.0031062147688477593,0.0006424623550656577,,
Finland,0.07293535390799999,0.067696327332,0.06513082376399999,0.07843902811199999,0.09409699022399999,0.09564300000000003,0.08488600000000003,0.09416800000000003,0.10451500000000002,0.10650700000000002,0.09649800000000003,0.13003200000000004,0.13111500000000006,0.17673900000000006,0.17032700000000006,0.1932770000000001,0.11877900000000002,0.13174700000000003,0.14310300000000006,0.16481800000000005,0.20889300000000005,0.19099900000000003,0.21393700000000004,0.21420000000000008,0.20954300000000006,0.22063500000000008,0.22036200000000006,0.20056900000000003,0.22928000000000004,0.2792030000000001,0.2469780000000001,0.2942890000000001,0.2787410000000001,0.22874000000000005,0.22163600000000006,0.20997800000000005,0.25376100000000007,0.2757280000000001,0.3441330000000001,0.3091660000000001,0.19860800000000006,0.3101540000000001,0.2928710000000001,0.22335700000000006,0.22496300000000008,0.2841300000000001,0.2308230000000001,0.18900600000000006,0.20894900000000005,0.18728900000000004,0.15985800000000006,0.18331600000000006,0.16792400000000005,0.17597300000000005,0.14779693540800004,0.13271532484349224,-0.10449621772631035,-0.04113948884025853,0.0008764445436266944,,
France,1.732087585493218,1.6049307122949825,1.584153310567379,1.523379059032275,1.5249710148377373,1.451415996619094,1.3299665551568103,1.1830053148387103,1.1701504030233154,1.1844238399661255,1.03839152524195,1.2208712559911823,1.1758509029084114,1.2268240939465962,1.332354686888158,1.3044999017508183,1.1890512000000002,1.2158467200000003,1.10029104,1.05214284,1.02116052,0.8440588800000001,0.7682778000000001,0.7502745599999998,0.81684468,0.7950733200000001,0.8461522799999999,0.74608776,0.6095980799999999,0.59954976,0.6137848800000001,0.6539781600000001,0.57275424,0.68119236,0.61001676,0.5931406484280001,0.5190761145599999,0.534995626068,0.568725659172,0.541398415572,0.5622642963360001,0.519543319572,0.537872250744,0.5054723640000001,0.4501018921320001,0.481935179232,0.408984669108,0.46332128649708,0.4841792549208361,0.3616120570608001,0.3595469112160001,0.35110704932,0.383255125466819,0.342934177846256,0.26795837951441204,0.19361888290803667,-0.2794035031982547,-0.05054223554231119,0.0012786482169106163,,
Germany,6.730115534596541,6.283221935231049,6.052695958988041,6.13958050386379,6.321457720256877,6.242393196,5.973768108,5.831500644000001,5.850466848,5.875629516,5.322846312,5.619020544,5.396408388000001,5.4665372880000005,5.784399144,5.917539384,6.016724676000001,5.873326776000001,6.087481596000001,6.282879552000001,6.249594492,5.905355796000001,5.881072356000001,5.811822684000001,5.904350964,5.506887000000001,4.836943,4.372192736000001,4.1247871648,4.001225736,3.7941817359999996,3.777846736,3.660545736,3.5730443624,3.4400939888,3.5715449888,3.581769736,3.589735736,3.649031736,3.557196045,3.4033940744000004,3.5399205618000003,3.6298322070000006,3.354509632,3.003452770999999,3.2262199999999996,3.278848,3.369867,3.468235,3.333222,3.2942009999999997,3.203766,3.009347,2.904084,2.2471840000000003,1.8439999999999999,-0.18165946863546578,-0.028591760843031166,0.012177672324982246,,
Greece,0.088215876,0.08804840400000001,0.08415468000000001,0.09504036,0.091983996,0.105842304,0.156000168,0.16663464000000003,0.19598410800000002,0.20640924000000002,0.27029980800000003,0.319410972,0.339716952,0.30207762,0.165839148,0.16583914800000002,0.164164428,0.16667650800000003,0.20439957600000003,0.218257884,0.25309206,0.24153649200000002,0.275742648,0.30948825599999996,0.332724996,0.337415761116,0.324617090328,0.338717646576,0.33857018748,0.339296722884,0.33815510812800004,0.32895888566400006,0.354279563496,0.37062160686000006,0.35650413594,0.3778121009160001,0.39051380541600006,0.37571627257200013,0.37773895752,0.387208912968,0.381953516004,0.35174671696800003,0.37085899842,0.34908931314,0.3528295071840001,0.3294201035520001,0.33065818218,0.34077202560000003,0.29254034080800007,0.28115283096000004,0.23558688172800002,0.182491600716,0.20080709226000001,0.19143364255200002,0.216885074148,0.11452775746349518,-0.47338542985471943,-0.047496726912922727,0.0007563348712068787,,
Hungary,0.45677988,0.438064884,0.380035836,0.375095412,0.380705724,0.386902188,0.37450926,0.363958524,0.365842584,0.34892791200000006,0.33243192000000005,0.33682806000000004,0.34260584400000005,0.34227090000000004,0.344908584,0.33820970400000006,0.339842556,0.354328884,0.333101808,0.324142056,0.31836427200000006,0.31463802,0.314470548,0.296718516,0.26577806400000004,0.25779312464400006,0.24006014258400007,0.21648590463600004,0.19501067700000002,0.18499333932,0.18196829258400002,0.17970005181600002,0.17165419452000003,0.166578285672,0.17341440897600002,0.161975024676,0.153898436268,0.148488755724,0.151957728864,0.14408574937200003,0.128136972132,0.12862419004800002,0.13080429867600002,0.127058117508,0.10698236964000002,0.112711419288,0.11357092746,0.10927250737199998,0.09567696294000001,0.094575876408,0.098013909096,0.09182343222,0.093855998016,0.08879491043999999,0.07686483318,0.07194835617793108,-0.06652011067573282,-0.03252099881013604,0.00047514289905420653,,
Iceland,0.000273675024,0.000201516336,0.000154877184,0.00012231777599999998,0.000086238432,0.00005763895199999999,0.00003959928,0.00002859948,0.000018039672,0.000014519736,0.000009743999999999999,0.000009912,0.00000903,0.000007644,0.000659988,0.000879984,0.0014959728000000002,0.0013952448,0.0019941984,0.0027561312,0.0029467008000000003,0.0033191424,0.0026473823999999995,0.0026695584,0.0028518912,0.0027203616,0.0028063008,0.0022106592000000003,0.002283552,0.0022560768000000004,0.0026538048,0.0026287488000000005,0.0027265248000000004,0.0024476543999999998,0.0028626912,0.0039588192,0.004294684799999999,0.004278,0.004200000000000001,0.0044,0.004200000000000001,0.0043,0.0046,0.004,0.0037,0.0039,0.0039,0.0039900000000000005,0.0045899999999999995,0.00376,0.0041600000000000005,0.00484,0.0048,0.0048,0.0047,0.0047,-0.002732240437158473,0.024211418726341805,0.0000310385357523951,,
Ireland,0.130879368,0.14909194800000003,0.158763456,0.193890708,0.184596012,0.09001620000000002,0.085913136,0.07996788,0.078000084,0.08411281200000001,0.071217468,0.073227132,0.07670217600000001,0.072557244,0.083233584,0.07887931200000001,0.082563696,0.087336648,0.09474728400000001,0.090811692,0.10433505600000001,0.11467645200000001,0.147333492,0.150013044,0.15030612000000002,0.14494150257615412,0.1390391709697944,0.13243252820072068,0.12868644699004966,0.12313300278987405,0.12397612883942122,0.12465129366000002,0.11875918071240002,0.11954852230320001,0.102849076944,0.10950931278,0.114700400496,0.11026808654400001,0.10674246600000001,0.0997288900384012,0.11082459600000001,0.099980784,0.097636176,0.095542776,0.08352666,0.083149848,0.08160073200000001,0.094663548,0.08566192800000001,0.084196548,0.09181943911560195,0.08821587600000001,0.07511213021507344,0.05905817939323793,0.04226684049206357,0.031274942331310826,-0.26208130756639214,-0.06584817426339062,0.00020653796078818853,,
Italy,0.36115336800000003,0.3756396960000001,0.41164617600000003,0.39866709600000005,0.409217832,0.41323716000000005,0.39921138,0.37149476400000003,0.376937604,0.410473872,0.41156244000000003,0.40808739600000005,0.40130478,0.40821300000000005,0.44798760000000004,0.5256108720000001,0.538673688,0.60227118,0.563710752,0.63932436,0.6312019680000001,0.620441892,0.6158782800000001,0.577275984,0.6023130480000001,0.612932614992,0.5822070714359999,0.5106992069880001,0.44665033608,0.4716091487880001,0.5072657797800001,0.46676703085200005,0.47358381114000003,0.491623811244,0.49096560441599996,0.5240885096519999,0.556907453208,0.5748417784800001,0.6202765552680001,0.6948458078760001,0.6895207006920001,0.6980804458200002,0.6834539856240001,0.6613232725800001,0.5177643901200001,0.5724990545399999,0.641771921412,0.657839896848,0.566651225376,0.5524107044040001,0.5162236477200001,0.45983636960400004,0.40285410534,0.369241805052,0.27912390768,0.2067069349513553,-0.261467197065145,-0.05991637947352346,0.0013650809767565212,,
Latvia,,,,,,,,,,,,,,,,,,,,,0.030396168,0.03835694952000001,0.03512139048000001,0.03525201864000001,0.0287884368,0.029663478000000004,0.026000028,0.0228724884,0.020904692399999997,0.0157256208,0.011187129600000002,0.010487933999999999,0.0093700584,0.0069124068000000006,0.0053423568,0.005509828800000001,0.005141390400000001,0.0041449320000000005,0.0037178784,0.0028135296,0.0033871212000000004,0.0036299556,0.0044882496,0.0044463816,0.0035880876,0.0045803592,0.004647348,0.0037136916,0.0031359132000000002,0.00250035696,0.00193597632,0.0017165880000000002,0.0016747200000000002,0.002009664,0.0016747200000000002,0.000939449095890411,-0.44057377049180324,-0.07336667066362013,0.0000062040690107127186,,
Lithuania,,,,,,,,,,,,,,,,,,,,,0.034047727488,0.03962605233600001,0.03900707582400001,0.03932311922135725,0.03674050576450295,0.0333771696,0.0372792672,0.0174715164,0.015491159999999999,0.012861849600000003,0.0102744072,0.009441234,0.0076325364,0.006657012,0.0056814876,0.003864416400000001,0.0035085384,0.0056563668,0.007305966000000001,0.007063131600000001,0.007737206400000002,0.010508868000000001,0.010446066,0.0088634556,0.0070463844,0.008666676,0.010035759600000001,0.0097845516,0.0112583052,0.00952497,0.007636723200000001,0.0077372064,0.008294050800000001,0.0088508952,0.008310798000000001,0.006508978854396819,-0.21894446728626715,0.016641044897063972,0.00004298493040080412,,
Luxembourg,0.1141782228,0.10309576320000001,0.09660203640000002,0.1035437508,0.1099997964,0.1127882052,0.10394149679999999,0.10229608440000001,0.101362428,0.10806130800000001,0.08217013679999999,0.0760992768,0.0655904088,0.0693459684,0.0770078124,0.0763923528,0.06144129,0.056580415200000005,0.051920506799999995,0.0591092424,0.0586696284,0.052138220400000004,0.03756396960000001,0.038305033200000005,0.04745319120000001,0.04607154720000001,0.0438232356,0.041281848,0.0426551184,0.036781038,0.020686978800000002,0.019493740800000003,0.012367807199999999,0.0041156244,0.004161679200000001,0.0045929196,0.004957171200000001,0.0030856716000000005,0.0023697288000000005,0.0033285060000000006,0.0032489567999999997,0.0038769768,0.0032824512000000005,0.0031359132000000007,0.0028009692000000004,0.002805156,0.0024450912000000004,0.0022483116,0.0020054772,0.0022354162560000003,0.0020572260480000003,0.0021932133120000003,0.001897918308,0.001763940708,0.001784288556,0.0017411538829957326,-0.026840907480832232,-0.04409292567389245,0.000011498482350592469,,
Netherlands,0.371,0.338,0.325,0.308,0.262,0.192,0.145,0.124,0.126,0.12,0.101,0.126,0.132,0.151,0.144,0.167,0.185,0.214,0.221,0.267,0.266,0.274,0.289,0.346,0.343,0.366,0.337,0.336,0.339,0.361,0.373,0.36,0.35,0.357,0.313,0.325,0.346,0.348,0.36,0.355,0.339,0.323,0.352,0.333,0.314,0.316,0.3117,0.3425,0.3427,0.37910000000000005,0.4632,0.4294,0.3851,0.346,0.26880000000000004,0.17959999999999998,-0.3336707975539944,-0.015422375832185198,0.001186068302368119,,
North Macedonia,,,,,,,,,,,,,,,,,,,,,,,,,,0.055680336936000004,0.05592095233199999,0.055592958420000005,0.05586907788,0.058034616444,0.05985817718400001,0.057915418248000006,0.054168609060000004,0.07003892566800002,0.06108080652,0.055961982971999995,0.061876759068000005,0.053793304307999994,0.06193964480400001,0.05886054648000001,0.061077750156000005,0.059352746688,0.060903704880000006,0.062416353852,0.055980111816,0.054206164656,0.06190765765200001,0.058273012836,0.048745321416000006,0.045103642776,0.04066747696800001,0.036677791512000006,0.04008920569790401,0.036176664041567996,0.042874147994976,0.03591635842295792,-0.1645728726710458,-0.02632016882667676,0.00023718961170357794,,
Norway,0.031958723628,0.02942524908,0.030892345668,0.031445003268,0.035033132736,0.03578558443200001,0.033652912248,0.036539250300000006,0.039280725072000006,0.043549586352,0.041407619472,0.039952245924000006,0.034399753632,0.035452398887999996,0.04414921984800001,0.040867606008000004,0.040940540064000004,0.039375514224,0.041947884144,0.047039032944000005,0.046847277504,0.041750309052,0.040335086916000004,0.041407075188,0.036278370792000005,0.03397507813440001,0.030237538521600004,0.0303780475296,0.03285100607040001,0.0370381745088,0.0404384925024,0.04021367808960001,0.039904558272000006,0.0433048762656,0.040579001510400003,0.041562564566400007,0.0370381745088,0.03212035922880001,0.031361610585600004,0.035408270016000006,0.030237538521600004,0.0259379628768,0.028523328624000005,0.0293944844736,0.023399999999999997,0.0319,0.0354,0.0343,0.0325,0.0356,0.031905844344000005,0.032760830772,0.034248107736000004,0.033445916856000006,0.03266834436,0.03265379929927962,-0.003176258045074931,0.033929976108465265,0.00021564385468132437,,
Poland,2.490350508,2.523719304,2.569397292,2.693033496,2.8293138360000003,2.93829624,3.0076715160000007,3.146254596,3.1591918080000005,3.248245044,3.504393468,3.664119888,3.7940781599999998,3.9707192520000003,4.018616244,4.255630992,3.79449684,3.9278464200000003,3.9183423840000002,4.085730648,4.18072914,4.2876181440000005,4.4421948,4.319898372000001,4.127807988,3.2841468540000003,3.2528044692,3.144747348,3.108552462,2.8950717168,2.9443084848000005,3.0137549364,2.941038594,2.6500518072,2.5424384868,2.3548112316,2.3270694948,2.2830159852,2.3504234652,2.281355,2.307683,2.403302,2.342412,2.311857,2.170349,2.305883,2.301184,2.14487,2.23496,2.0701750000000003,2.03777,2.07241,2.083965,2.085031,1.857882,1.669375949297386,-0.10391789531095297,-0.015424884299361175,0.011024464912011794,,
Portugal,0.024785856000000002,0.025288272000000004,0.025162668,0.022650588000000003,0.021352680000000002,0.019552356,0.018086976,0.015993576000000002,0.023655420000000003,0.018380052000000004,0.017249616,0.0167472,0.015198084000000002,0.017919504,0.018714996000000005,0.0146538,0.016621596,0.015323688,0.0167472,0.02072466,0.032196492,0.0607086,0.07904678400000001,0.091146636,0.10169737200000001,0.119240064,0.12493411200000001,0.126483228,0.13774572000000002,0.143481636,0.17592933600000002,0.16412256000000003,0.149301288,0.14925942,0.15500088984704083,0.15542410618799998,0.132908416884,0.14653389693600002,0.14028434431200001,0.13879120582800003,0.13966607955600002,0.138292767288,0.12037389130800001,0.10534076722800002,0.11957990655600001,0.068982847236,0.09298284087599999,0.12186497826000002,0.110935504332,0.112166716608,0.13649055922800002,0.119156328,0.13594539600000002,0.114006564,0.05226515628906108,0.024200681616711725,-0.538228501560168,-0.07943299598908427,0.000159819940764391,,
Romania,0.18252883309104004,0.19657990534050002,0.21783665570418,0.23882319313596004,0.275977470790728,0.29984627946819603,0.316689552,0.33151082400000004,0.373295088,0.39259623600000004,0.406998828,0.41306968800000005,0.41826132,0.469675224,0.505849176,0.517655952,0.544116528,0.519916824,0.600680196,0.599633496,0.6247542960000001,0.632751084,0.677507976,0.733652964,0.732815604,0.525808237752,0.4388798027520001,0.4321136827440001,0.42739880166,0.428015684772,0.44234710117199993,0.442035268308,0.401687202312,0.338523211584,0.29428313817600005,0.30793097574,0.31845123183600005,0.342973361304,0.3838228803360001,0.37743072530400007,0.35993580469200004,0.407714687064,0.41115129624,0.395594152272,0.315401817924,0.294821225712,0.34367414788799994,0.31681930093200006,0.246079965492,0.24331596573600003,0.252322484292,0.22456429336800002,0.22503631320000003,0.214637683644,0.20801165396400004,0.15232270702932943,-0.26972108593503874,-0.04077089540532053,0.00100593059319818,,
Slovakia,0.25282999826873775,0.2560094280488614,0.24686312320193035,0.2596243961550294,0.2730825304297994,0.27530377589262556,0.288805464,0.293955228,0.28583283600000003,0.284869872,0.2836557,0.28114362,0.288763596,0.302789376,0.29780708400000006,0.33896332800000006,0.329877972,0.33578136000000003,0.33624190800000003,0.35767832400000005,0.3548313,0.327742704,0.344280564,0.35880876,0.34608088800000003,0.32787396018000003,0.29136837175200003,0.259592025132,0.25628022446400006,0.22858048126799999,0.227920432248,0.22422269235599998,0.21056878393200001,0.19175518879200004,0.19070832132,0.179114276628,0.18517525578000002,0.179365693968,0.19436620287599998,0.190644807564,0.17673793268399998,0.18431524519200002,0.16516812956399998,0.16471876032,0.1603575801,0.161233542396,0.15285039649200002,0.14414963994,0.143284144644,0.14072240919600001,0.13565793031200002,0.13389512004,0.13991561283600004,0.13886799174,0.11313960332400003,0.08295748758352162,-0.2687721597850842,-0.0342771313062733,0.0005478465838914911,,
Slovenia,,,,,,,,,,,,,,,,,,,,,,,,,,0.0658834848,0.06015175560000001,0.0626596488,0.059724702,0.0556300116,0.0577066644,0.05325609600000001,0.059046440400000004,0.059795877600000005,0.054700542000000005,0.056835977472,0.060258142188,0.06564044106,0.062284804596,0.063324763848,0.06354289612800001,0.064794205044,0.06586401618000001,0.06345748540800002,0.058918156847999996,0.060109929468000006,0.060937576092000005,0.05785965007200001,0.05588896518,0.044111036232,0.04457748762,0.0476478774,0.047500250832000004,0.046436008140000005,0.04390027272,0.04354959414865769,-0.010698487831560688,-0.028994238996548405,0.0002875990712734911,,
Spain,0.4061196,0.375723432,0.38183616,0.386525376,0.38895372000000006,0.410892552,0.41294408400000004,0.42290866800000004,0.414200124,0.401179176,0.444596292,0.43061238,0.461259756,0.39640622400000003,0.451797588,0.520796052,0.64246446,0.7119653400000001,0.748851048,0.761327712,0.752702904,0.78000084,0.7567222320000001,0.656573976,0.809392176,0.804368016,0.8373181320000002,0.854274672,0.768445272,0.792226296,0.794110356,0.6710184360000001,0.7684871400000001,0.7323131880000001,0.8207384040000001,0.876548448,0.802525824,0.9042650640000001,0.842760972,0.881279532,0.8588382840000001,0.749772144,0.8389091160000001,0.565385472,0.39481524,0.288763596,0.5355335880000001,0.648619056,0.47716959600000003,0.48730165200000003,0.5730226857975012,0.43945238952,0.5630751957600001,0.46274258803512436,0.15666723500530189,0.07279555802785899,-0.536618725299435,-0.08828641292504325,0.00048073777243899007,,
Sweden,0.09333737909999999,0.08906550332400001,0.08840440760400001,0.077235532452,0.075416744664,0.0796685238,0.071817687648,0.061702671924,0.06820276266,0.075348081144,0.08127085402800001,0.07801683120000001,0.06192708440400001,0.06352577211600001,0.07504784571600001,0.071528296032,0.061507022759999995,0.06843458577599999,0.08576262054000001,0.10348881998400002,0.12182897178,0.129884751792,0.12824482410000002,0.125897787756,0.118702227672,0.12404563117200001,0.12109142509200002,0.11275512948000001,0.114801804792,0.11651207072400002,0.11651106589200004,0.12903252865200002,0.11025351648000001,0.11100002292000001,0.10610351845200001,0.10741658266800003,0.11640216722399999,0.125000640252,0.12255580025999997,0.12608925012000002,0.11525443974000002,0.12725946072000002,0.11857616312400002,0.11861007620399999,0.08361885333600001,0.115310626596,0.10296471636000001,0.08830300330800002,0.09013493764800001,0.084547485576,0.08448598148400001,0.08290295240399999,0.08269185394800001,0.082916810712,0.08227070373600001,0.07484440991749886,-0.0927521753826196,-0.0016240735542468743,0.0004942682751257878,,
Switzerland,0.053399999999999996,0.04415,0.03724,0.0352,0.03184,0.02732,0.018449999999999998,0.01561,0.01482,0.012780000000000001,0.00958,0.009,0.0105,0.009450000000000002,0.00977,0.0143,0.021150000000000002,0.01871,0.01633,0.020980000000000002,0.021070000000000002,0.01813,0.01687,0.0144,0.01489,0.01489,0.01265,0.00876,0.00734,0.00743,0.00797,0.00596,0.0045899999999999995,0.00381,0.00396,0.005770000000000001,0.006030000000000001,0.005560000000000001,0.00571,0.00542,0.00604,0.006520000000000001,0.0073,0.006560000000000001,0.00619,0.00621,0.00574,0.00517,0.00557,0.0057,0.00521,0.00479,0.00461,0.00429,0.00381,0.00381,-0.002732240437158473,-0.04737180180381351,0.00002516102579077135,,
Turkey,0.15365556000000002,0.17098891200000002,0.15156216,0.16475058000000004,0.17500824,0.19384884000000002,0.19929168000000003,0.21386174400000002,0.21859282800000002,0.238396392,0.247565484,0.259707204,0.267578388,0.271472112,0.27821286,0.294499512,0.30061224000000003,0.337581684,0.371452896,0.417382092,0.499610844,0.5498105759999999,0.5804579519999999,0.5611986720000001,0.63241614,0.671478984,0.7173244440000001,0.714728628,0.6613469280000001,0.663314724,0.6924129840000001,0.7788704040000001,0.870100776,0.9027578159999999,0.838783512,0.9403971479999998,0.7725902040000001,0.806921964,0.871524288,0.9246966480000001,0.927669276,1.095601824,1.2335987520000002,1.239125328,1.2936374640000001,1.3162461840000002,1.4184375984000002,1.52797266,1.3215299243316259,1.512523368,1.454493859452,1.6101366370867045,1.652082569095435,1.7107929019439072,1.7550952312597778,1.6586748314919877,-0.057519555871636485,0.030976604609634473,0.010953795331672761,,
Ukraine,,,,,,,,,,,,,,,,,,,,,3.5564840331968015,3.530820889241082,3.4987419592964324,3.299852593639606,3.0090036288081174,3.4773560059999995,3.086607663000001,3.038303541,2.706097541,2.1597961170000004,2.135249236,1.6066986,1.5675421200000006,1.6064423220000004,1.588977913,1.613813005,1.5712247069999998,1.5811125829999997,1.6248915390000005,1.5438603420000003,1.5615539140000003,1.6789994470000003,1.7859632760000002,1.7499986640000003,1.5018051600000002,1.601492868,1.7371033200000001,1.7885172240000002,1.7344656360000001,1.4894959680000002,1.1448385920000002,1.3586166,1.0783940760000001,1.1746067400000002,1.0767703681999998,0.9839276788422073,-0.08871995289846302,-0.0327228014565929,0.006497803071811697,,
United Kingdom,4.915177596,4.6779116400000005,4.369805028000001,4.373112600000001,4.26258108,4.020332832,3.5629668000000003,3.120924456,3.380338584,2.9759774400000003,2.9937713400000003,3.046566888,3.0565733400000004,2.977694028,3.2008086000000002,2.97534942,2.9591883720000003,2.7598966920000003,2.785561776,1.979351568,2.632617972,2.843172144,2.912714892,2.827429776,2.721587472,2.71911726,2.7237227400000004,2.5609818239999997,2.2301408879999998,2.082263112,1.986887808,1.857515688,1.6566330240000002,1.6152883740000001,1.4361017076,1.5377320907999998,1.6291634292000001,1.4951104668000001,1.5953340852000002,1.5332094385381112,1.5670889369004217,1.7137543181351904,1.6072098174702458,1.491133207175692,1.2473560959143926,1.2948853436449492,1.3167059098187317,1.6310954412624736,1.54799016948,1.2457521950400001,0.96606976824,0.46401634512000006,0.37924201872,0.31743103428,0.21754487196000002,0.19356888572941436,-0.11264279753768225,-0.16023873257759547,0.0012783180383539807,,
Other Europe,0.3791225508931171,0.3704884668929794,0.3238348428929044,0.337931230892992,0.3330098148931045,0.34952187489311703,0.3863551846797221,0.3777997304665524,0.39697153625303233,0.4082201020396999,0.43639940782638004,0.46359040561290993,0.46306772739954005,0.5100783571860824,0.5614077269726625,0.5389817487592549,0.6166883267539609,0.6367587367486796,0.7210385907433856,0.7857660887380917,0.8523937147328101,0.868512464727516,0.8438936507222221,0.8506758367169279,0.8191488027116339,0.6605942567063401,0.5623341960087,0.5306403002504401,0.48283531485516007,0.34191155557313996,0.38737434338891996,0.4066971617023801,0.46325247602040004,0.5133816024532201,0.42237408618231304,0.5038211394670796,0.5007981810426597,0.53051364997884,0.56189714093466,0.58109410804368,0.5326347763975748,0.55920241825212,0.5294586379835001,0.5714712523218798,0.58006457171024,0.5833284985298399,0.65564956408524,0.590122796951734,0.6108159807441043,0.5040033933464,0.5756342810844,0.5991244690525996,0.5936350967273847,0.5883891352593849,0.6839209205697154,0.5743318002554343,-0.16253097330417765,0.01660666988887871,0.0037928549182905825,,
Total Europe,21.941174411291804,21.051786113401974,20.36959388593468,20.684129535775277,20.95445345405315,20.610097881095832,19.728207598356416,19.05823434711442,19.36125584396503,19.18549661788551,18.73581187740295,19.619956302334202,19.571590796927328,19.933001625660445,20.80212520074694,21.19153645626296,20.8326551301618,20.949730241671602,21.241375234031974,21.205199080648487,26.06185180396696,25.840829239192193,26.04888594591175,25.513186364444078,25.196214077484317,23.9704395819249,22.58273756806009,21.271050454276754,19.868781785071608,18.72704683819582,18.526485367874738,17.999417803735984,17.5057882183648,17.03081245827802,16.088805558438384,16.556250258353018,16.405011539255526,16.396253125741108,17.04865010413812,16.766428066784155,16.36927023636325,17.13942637067438,17.362628504433467,16.37948902405698,14.67171029578099,15.335346674099036,15.985713953873827,16.343886578802103,15.805487291835659,14.843641615126884,14.210194460181029,13.69570612681089,13.226685049162736,12.902982767865002,11.134261944317716,9.397988692504267,-0.15824585638083222,-0.027212303529658977,0.06206378894316991,,
Azerbaijan,,,,,,,,,,,,,,,,,,,,,0.0038518560000000003,0.0038518560000000003,0.0038518560000000003,0.0038518560000000003,0.0038518560000000003,0.003726252,0.002805156,0.000502416,0.000125604,0.000167472,0.000125604,0.000125604,0.000125604,0,0,0,0.000125604,0.000083736,0.000125604,0.00003851856,0.00013481496,0.00013481496,0.00020640000032190144,0.0001548000002414261,0.0001548000002414261,0.00023220000036213914,0.00020640000032190144,0.0001548000002414261,0.0001290000002011884,0.00007740000012071305,0.0001290000002011884,0.00005160000008047536,0.00005160000000000001,0.000025800000000000004,0.000025800000000000004,0.000025800000000000004,-0.002732240437158473,-0.16404119805243922,1.703817494493178E-7,,
Belarus,,,,,,,,,,,,,,,,,,,,,0.090404567568,0.09889878927600002,0.09615794252399998,0.1030188461471666,0.10113216878127992,0.08895673026,0.084503356704,0.070380694152,0.060444203579999994,0.042349523868000005,0.039851678988,0.048364448219999995,0.050965665192000006,0.045229722121407245,0.041963240595803405,0.04165821194582989,0.029910685880619722,0.02821481348750208,0.02655637769231748,0.026013376941074647,0.028727473572824663,0.02572088383999803,0.02908880673686724,0.027117553908415682,0.025836398192061738,0.027026455805834772,0.032467013510699305,0.033117671736,0.0351514475172,0.0348712375536,0.031009785408000007,0.0340847388,0.035252856,0.052879284000000006,0.05568444,0.05547247276902537,-0.006528419145875097,0.07981707024598617,0.0003663370913436506,,
Kazakhstan,,,,,,,,,,,,,,,,,,,,,1.5965943120000001,1.6774832880000001,1.7429648400000002,1.8180760320000002,1.735261128,1.6211061670608,1.5824683167552003,1.5941524948776,1.447654470444,1.4161407115464,1.1436854802912002,1.0214744295168,0.8769087137664,0.8634762786888001,0.7995013048008,0.7468705994904,0.9336522132,0.94590279,1.0444056335999998,1.1133078012000002,1.1256169932,1.1864302632,1.3037192783999998,1.4146221675599997,1.29525524352,1.3977204746400003,1.521504054,1.584955008,1.569170772,1.5505813800000001,1.433518452,1.4190252924797355,1.5224961114361244,1.7047843839678083,1.661803924991063,1.6357290882677569,-0.01838005159523981,0.0252326822654525,0.010802262933496044,,
Russian Federation,,,,,,,,,,,,,,,,,,,,,8.293986031176063,8.519259506298102,8.649231070999488,8.52156683584632,8.23992217357413,7.632768304205135,6.9944797318644,6.572543565394801,5.9323311055656,5.1884105630364,4.998044399572801,4.905493208565841,4.5232135919208,4.2352225358832,4.2695734588668,4.428204256108801,4.3196688893052,4.337782062112799,4.3646886076752,4.182306943953599,3.9596494867776,4.062105632541599,3.932076720852,4.216874378925601,3.8582963325396005,3.7908636186960005,3.9363037560000005,4.1208830208,3.7897657560000004,3.6656187624000003,3.8568801600000007,3.736719,3.51398124,3.6282808800000006,3.5667349200000005,3.273941504975147,-0.08459799148562419,-0.007826723674223324,0.021620925628387515,,
Turkmenistan,,,,,,,,,,,,,,,,,,,,,0.013481495999999999,0.013481495999999999,0.013481495999999999,0.011555568,0.013481495999999999,0.015407424000000001,0.013481495999999999,0.005777784,0,0.00020934000000000003,0.00020934000000000003,0.0019259280000000001,0,0,0,0,0,0,0,0,0,0,0,0,0,0,0,0,0,0,0,0,0,0,0,0,0,0,0,,
USSR,12.453077810000002,12.90678857,13.10659297,12.99229333,13.17854763265329,13.069417289999999,13.333698409999998,13.706379093624935,13.853145529999999,13.92115437,14.317411479999999,14.301909957022609,14.558812278633043,14.470706243464345,14.575447852132172,14.13176488,14.042101979528201,14.257177428634357,14.293750442635,14.158843952423977,,,,,,,,,,,,,,,,,,,,,,,,,,,,,,,,,,,,,,,,,
Uzbekistan,,,,,,,,,,,,,,,,,,,,,0.06229861424483534,0.07052673310736077,0.058772277589467306,0.06464950534841404,0.07287762421093946,0.0764039608663075,0.0699155014204303,0.055010851823741394,0.0447492121566204,0.04519588146630037,0.037345438309793325,0.034889987219601834,0.034662894020710176,0.03475843698043424,0.03474641605801537,0.039612678454527414,0.03320492258027207,0.03536273990005483,0.027583182414235,0.03727551635156812,0.035392496657801614,0.03849891116034988,0.03315691970248799,0.04187293542344521,0.03986127555693641,0.03323177654619473,0.03557596315404441,0.04814050278865366,0.07189012763149863,0.06615524141531295,0.05322571654896588,0.06287248545099923,0.059370210567311184,0.08504759077012981,0.07528627832486672,0.09995186274907698,0.3239965163078222,0.06565459935412621,0.000660076482011854,,
Other CIS,,,,,,,,,,,,,,,,,,,,,0.21507525955865694,0.2302316179709781,0.23134796126329926,0.19656610742785402,0.18604467902785402,0.1845880998648175,0.16493295570000702,0.09599160767607351,0.08012581728492071,0.07754468605344852,0.038471397089808713,0.04220093555453881,0.033153448030898314,0.03189430887256882,0.03192083320283471,0.025071491650280393,0.01817737967912905,0.02777496255007088,0.03252472815304752,0.030440566867846304,0.034927683550413695,0.03355445988482596,0.03313572203089798,0.04230818442080207,0.04026652584143912,0.04067631646530784,0.04640233753286621,0.05340116456145126,0.05717293858701102,0.07175155600157984,0.07922925994673576,0.07526491717168174,0.0858929474,0.09235261360000001,0.08570111159827647,0.10987031682611571,0.27851462670927063,0.07846046597172296,0.000725577395092419,,
Total CIS,12.453077810000002,12.90678857,13.10659297,12.99229333,13.17854763265329,13.069417289999999,13.333698409999998,13.706379093624935,13.853145529999999,13.92115437,14.317411479999999,14.301909957022609,14.558812278633043,14.470706243464345,14.575447852132172,14.13176488,14.042101979528201,14.257177428634357,14.293750442635,14.158843952423977,10.275692136547555,10.613733286652442,10.795807444376257,10.719284750769758,10.352571125594205,9.62295693825706,8.912586514444037,8.394359413924215,7.565430413031143,6.770018177970549,6.257733338251602,6.0544745410767815,5.5190299169308075,5.210581282546411,5.1777052535242545,5.281417237649839,5.334739694645221,5.375121104050427,5.495884133534799,5.389382723874089,5.18444894871864,5.346444965586772,5.3313838477225755,5.7429500202385055,5.259670575650279,5.289750842153701,5.5724595241979324,5.840652167886346,5.523280041735911,5.3890555773706135,5.453992373903903,5.328018033902496,5.217044965403435,5.56337055233794,5.445236474914207,5.174991045587123,-0.052226335887138986,0.0034732968239714612,0.03417534991208094,,
Iran,0.008834148,0.009713376000000001,0.010718208,0.011806776000000001,0.013020948000000001,0.014360724000000002,0.010117485935999999,0.01580789142,0.026579690460000003,0.029110108644000005,0.053926109603999996,0.053298089603999996,0.053918489628,0.032946012936,0.047555390988,0.050081371164,0.041821191576,0.056407207284000005,0.053220591936000004,0.041146195680000004,0.040480787556,0.039869975304,0.03921901164,0.040471199784,0.02973297888,0.029740222044,0.042451179372,0.037387830924000005,0.045959424696,0.046144230048,0.043217991792,0.045209987496,0.04633920932399999,0.053960985648000004,0.051353572212,0.054574770528000006,0.05350320093600001,0.050693606928000005,0.05492579184000001,0.05749640330400001,0.065169970344,0.062905581432,0.065575420056,0.049103753364000004,0.05684054108400001,0.053831404188000004,0.059757610248000005,0.047043596556,0.060069401243999995,0.06843973554,0.06534543913200001,0.0633274434,0.0689561856936,0.07158918885120001,0.07440051455260914,0.07440051455260915,-0.002732240437158251,0.027286955718911043,0.0004913368150931386,,
Iraq,0,0,0,0,0,0,0,0,0,0,0,0,0,0,0,0,0,0,0,0,0,0,0,0,0,0,0,0,0,0,0,0,0,0,0,0,0,0,0,0,0,0,0,0,0,0,0,0,0,0,0,0,0,0,0,0,0,0,0,,
Israel,0,0,0,0,0,0,0,0,0,0,0,0,0,0,0,0.000041868,0.000041868,0.023236740000000002,0.043793928,0.070882524,0.077330196,0.085871268,0.091439712,0.087629724,0.094663548,0.099234821844,0.107454473208,0.132254480592,0.14942362629600003,0.158372157672,0.172868450256,0.209568264336,0.22788790081200003,0.24463296554400002,0.240268017204,0.26188044627600005,0.30228762988799995,0.319537748304,0.33115691379600004,0.33434491078800005,0.3324134227176,0.32863364468185685,0.33609468937436526,0.33073125942204795,0.3238766479570104,0.3237111493549488,0.33210699124428,0.3688882609585392,0.2967896916,0.2758040283005662,0.27009786081142134,0.2308354977623606,0.20949421006138624,0.19721290464455654,0.20843581867199992,0.16758251629666357,-0.19819615633304954,-0.04311604663962543,0.0011067055156490056,,
Kuwait,0,0,0,0,0,0,0,0,0,0,0,0,0,0,0,0,0,0,0,0,0,0,0,0,0,0,0,0,0,0,0,0,0,0,0,0.0000010435431527999998,0.0000027225169416,0.000011805595322400002,0.0000039235423896,0.0000035463284568,0,0.00009773121636,0.0000166331097,0.00002813434140960001,0,0.0001609526332368,0.0005668588404143999,0,0.0114707801753568,0.0091186104461184,0.007558851005992802,0.009319498469222401,0.00705408551629107,0.007919701223905607,0.00726980788445733,0.0012917285538938115,-0.822801474072077,0,0.000008530502745196317,,
Oman,0,0,0,0,0,0,0,0,0,0,0,0,0,0,0,0,0,0,0,0,0,0,0,0,0,0,0,0,0,5.014745997567265E-7,2.72499599867806E-7,1.7414999991551702E-7,0.0000014004239993206315,0.000002010774599024541,2.4024959988345105E-7,0.000010451296194929908,0.000005902394997136653,0.000014057723393180372,0,0.000033424596583785184,0.000013143242393624001,0.00012880523573751448,0.000029390405385742236,0.00005022070617563712,0.00005862712017155902,0.0012405826019981732,0.00042614386299327073,0.0012929019059727926,0.0018807975014875947,0.001496611946273969,0.0020598846668007167,0.002306088132681279,0.0031805812736570493,0.0031189303160869563,0.0070998848479528155,0.013573437562015737,0.9065593255277415,0.6155309194133447,0.0000896382185216017,,
Qatar,0,0,0,0,0,0,0,0,0,0,0,0,0,0,0,0,0,0,0,0,0,0,0,0,0,0,0,0,0,0,0,0,0,0,0,0,0,0,0,0,0,0,0,0,0,0,0,0,0,0,0,0,0,0,0,0,0,0,0,,
Saudi Arabia,0,0,0,0,0,0,0,0,0,0,0,0,0,0,0,0,0,0,0,0,0,0,0,0,0,0,0,0,0,0,0,0,0,0,0,0,0.00033035526720000003,0.0005191297056,0.0006607105344000001,0.00058992012,0.0011711566158336,0.0008299232216208002,0.0023226334964640003,0.0026871097434048004,0.0009845058898656001,0.0028297052348112,0.0026858119191408,0.0030904971214608,0.0040174975980288,0.006944775809462439,0.005545249128000001,0.0037046983536,0.004936858113509899,0.004281774213617654,0.004491033958539922,0.004491033958539922,-0.002732240437158473,0.16389231877525856,0.000029658535763268483,,
United Arab Emirates,0,0,0,0,0,0,0,0,0,0,0,0,0,0,0,0,0,0,0,0,0,0,0,0,0,0,0,0,0,0,0,0,0,0,0,0,0.000774013716,0.003947398776,0.00464399856,0.005263184412,0.0060887795040000005,0.011790614952000001,0.005676002891999999,0.014370604848,0.01146680784,0.027550148832,0.018626193972000004,0.05787681595200001,0.07409149686000001,0.08260640136000001,0.07178971982400001,0.077061235968,0.089136972,0.080396168706,0.0827821381032,0.10844321781355747,0.3064041029465896,0.2185669933428982,0.0007161529134491219,,
Other Middle East,0.00027280292809238153,0.0002615288654798395,0.00027275310968824377,0.00027865859997860585,0.0003068870923414387,0.0002999841600676512,0.000317275704,0.000263852136,0.000571456332,0.000389456136,0.0004176333,0.00027838033200000003,0.00027838033200000003,0.000362451276,0.000277877916,0.000277877916,0.00040687322400000006,0.00035374273200000005,0.000218425356,0.000136196604,0.000056396196,0.000028219032000000006,0.000028219032000000006,0.000028219032000000006,0,0,0.000056396196,0.000056396196,0.003112760196,0.0031632354598342466,0.00509876805575317,0.005667587424,0.005648166172366632,0.005693747273343129,0.005658823088093217,0.005675352022555747,0.005672973999219278,0.005646546261045302,0.005639368392,0.00571987769695151,0.005721048575999251,0.005683941323477251,0.005714927060760158,0.00704601840776637,0.008057215913235242,0.011182466289481682,0.01545143054145963,0.021040664977839386,0.0199597619964696,0.025518692085466376,0.01765400695706483,0.019117820373955458,0.017066113932318848,0.018183734711089115,0.014582190254729498,0.014687583132457521,0.004475518974128789,0.06111823016268225,0.00009699597322831021,,
Total Middle East,0.009106950928092382,0.00997490486547984,0.010990961109688243,0.012085434599978608,0.01332783509234144,0.014660708160067653,0.010434761639999998,0.016071743556000002,0.027151146792,0.029499564780000005,0.05434374290399999,0.053576469935999994,0.05419686996,0.033308464212000004,0.047833268904,0.05040111708,0.0422699328,0.079997690016,0.09723294529200001,0.112164916284,0.117867379752,0.125769462336,0.130686942672,0.12812914281600002,0.12439652688,0.128975043888,0.149962048776,0.16969870771200002,0.19849581118800005,0.20768012465443403,0.22118548260335305,0.26044601340599993,0.27987667673236594,0.30428970923994214,0.29728065275369314,0.32214206366590353,0.362576798718358,0.3803702932933608,0.3970307066647896,0.4034512672459922,0.4105775209998265,0.41007024206305237,0.41542969639467514,0.4040171008328044,0.40128434580428274,0.42050640913447673,0.4296210406282882,0.49923273747181224,0.46827942697534275,0.4699288554878875,0.44005101152527965,0.40567228245981973,0.39982500659076314,0.3827024026664559,0.3990613882734887,0.38447003186973716,-0.039196528231846384,-0.0005553464803936814,0.002539018474449643,,
Algeria,0.00293076,0.002847024,0.002177136,0.00230274,0.00293076,0.003475044,0.0009629640000000001,0.0008373600000000001,0.0009629640000000001,0.0007954920000000001,0.001004832,0.001967796,0.002553948,0.001297908,0.003014496,0.002679552,0.0018840600000000001,0.03495978,0.031191660000000003,0.034582968,0.03609021600000001,0.037053180000000005,0.044296344,0.04165866000000001,0.035210988,0.027591012,0.02847024,0.033829344,0.027549144,0.025958160000000004,0.025958160000000004,0.012225456,0.021436416,0.022943664000000003,0.024576516000000003,0.02030598,0.02344608,0.030772980000000002,0.025372008,0.030270564,0.024869592,0.036927576000000004,0.031694076,0.031694076,0.020347848,0.012979080000000002,0.0115137,0.012225456,0.006615144000000001,0.007494372,0.0055684440000000005,0.002051532,0.0076199760000000005,0.020934,0.017291484,0.017291484,-0.002732240437158473,-0.0161443630346223,0.00011419198815871656,,
Egypt,0.016872804,0.011471832000000001,0.017668296,0.018380052000000004,0.019845432000000003,0.018296316,0.015014409084,0.013286474856,0.011572817616,0.020207297124,0.024150467232,0.023621925600000003,0.026940885696000002,0.025809109920000003,0.028627705548000003,0.02304749664,0.029704759848,0.030696403428000004,0.02911626324,0.029525313600000005,0.031174703460000005,0.03134489688,0.03315882798000001,0.036247262868,0.037097057664000004,0.031782291876,0.032711928948,0.033509305008,0.040364352648,0.043441776252,0.029067235812000002,0.0399504456,0.03381255493200001,0.033264419076,0.030237362676,0.03640045788,0.032020813871999995,0.0343516473,0.035618572980000006,0.036405063359999996,0.035618572980000006,0.035638460280000006,0.032396788512,0.029153651364000003,0.025912021464000002,0.01942717068,0.018454911984000004,0.016350542568,0.0161537211,0.016286652,0.03354920903250381,0.0510117808472256,0.050226393788440155,0.08988308963734937,0.08258673921438775,0.03140889660317726,-0.6207250674411587,0.12289953615993365,0.00020742258726829752,,
Morocco,0.007609200011867308,0.011667000018195853,0.011617800018119124,0.010440600016283162,0.010433400016271932,0.011962800018657186,0.012516000019519956,0.015468600024124833,0.015325800023902117,0.015178200023671923,0.01725180002690591,0.018718200029192906,0.017676600027568427,0.017819400027791137,0.017381400027108033,0.016660800025984187,0.017700600027605855,0.01971960003075469,0.02442720003809666,0.02097900003271885,0.027716616000000003,0.037639332000000005,0.04366832400000001,0.043082172,0.047562048,0.045887328000000005,0.049990392,0.046347875999999996,0.05061841200000001,0.056438064,0.068370444,0.08750412,0.083359188,0.09943650000000001,0.095082228,0.11241558,0.14289548400000002,0.142099992,0.1370172168,0.15156216,0.15893092800000003,0.16161048,0.13534584623999998,0.15341774976000003,0.1132919065476,0.11669539311144002,0.12465324805824,0.12661385616,0.12564670536,0.16903032696000003,0.18610744680000002,0.1793373912,0.18641212693488002,0.21561264785016,0.27895489075080004,0.2800773929634398,0.0012807211699696897,0.09429271863659894,0.0018496153563687954,,
South Africa,1.032339276,1.01927646,1.048709664,1.097737092,1.108539036,1.145173536,1.2246311215157533,1.233304736364264,1.313748776773414,1.3762264759551144,1.4688361247958568,1.5421984017125594,1.5976515829020286,1.551711743720328,1.6550884074095815,1.7882354249117947,2.119896163059133,2.324113931795648,2.3605246054315083,2.5435318851781994,2.6120653678141683,2.6483963556595187,2.6948630512184564,2.915738144013675,2.7211634738424344,2.818431642681027,2.767510302564197,2.7780638018374404,2.789025905794065,2.8786680822151487,2.9869680243452366,3.0330263576958347,3.0999123884174558,3.006821067712134,3.1417177287228903,3.124675328747,3.1358478272729315,2.982953201942001,3.315478346011213,3.63278464680239,3.348950534110478,3.411100492675368,3.5027188642136493,3.907809140362477,3.928210370968084,3.886330313650874,3.789562081370589,3.69858205531108,3.6994037321072617,3.7465907591408087,3.5153560866420954,3.7801945674251876,3.71860129474035,3.528937147254412,3.6412062405085166,3.4824753105040585,-0.046206086323121065,-0.007558185602382306,0.022998071155726264,,
Eastern Africa,0.0758912160500776,0.08830944030005768,0.08917227851427163,0.09398101321655823,0.09116467695649977,0.10322226455307588,0.10523684975742478,0.09818359286271594,0.10783572076785496,0.09928777201838263,0.09022988320106584,0.11912867011356494,0.09705276102030319,0.09493387808357141,0.09319622820660459,0.09691220065951976,0.09100962316728788,0.08787570521917093,0.09731502792518243,0.09167744431855497,0.09783249072160952,0.11345916065060142,0.13457645658201564,0.13548669653048445,0.1332364347635409,0.18851253615954094,0.1548013854511788,0.15830261095542023,0.19078908996309832,0.17074508422017998,0.16615374856000875,0.15393472533341407,0.17092290824134054,0.16189060353137114,0.1377644029523781,0.12761992450739373,0.13509683720951893,0.12809038271251103,0.10514309508213085,0.12871047442017217,0.11857308407177153,0.09657386772000826,0.09999210100243579,0.07415430644714031,0.08497447079748559,0.1121543034447213,0.1256531877402573,0.10339953582434172,0.15624320614743123,0.24056721583566407,0.20245822537876,0.16505677850375727,0.20086936240300296,0.23085817397242853,0.19570437452528372,0.203439098169781,0.03668226186252843,0.08700416084427909,0.0013435003663782477,,
Middle Africa,0.007618697406078338,0.008407791566477044,0.00802370529346482,0.008786473681671073,0.009437289603265061,0.008977775766935578,0.009308405531862326,0.008855821691962452,0.008989217831899873,0.008821755072,0.008626566456,0.009275687928,0.009380902212000001,0.008781101244,0.00787662684,0.008781101244,0.008932454064000001,0.008617941648,0.00844812504,0.008615010888000001,0.008590559975999999,0.00874789992,0.008873210844000001,0.008954853444,0.009199153223999999,0.009289250105999942,5.134199997509316E-9,6.372341996908674E-7,1.2899999993742004E-7,1.803419999125132E-8,0,5.211341997471894E-7,0.0000019755059990416505,6.932459996636953E-8,0.0000010698743994809865,6.836999996683261E-8,7.367447996425931E-7,0.000004460278197836247,0.000002686244398696859,0.0000141124967931538,0.0000032288183984336478,0.0000026808005986995002,0.000004881850197631735,0.000007760356196235325,0.000007871321996181493,0.00001113257099459941,0.000007319950196448974,0.0001673779643188022,0.000010442575794934135,0.00013689611573358947,2.6635919987078483E-7,0.0000027089999986858206,0.003662309998223354,0.0042488213979388284,0.0011352515994492711,0.0005440889757360538,-0.5220421674822033,0.644009960208519,0.000003593133005503731,,
Western Africa,0.019767203194766887,0.01870612977615483,0.008825777263645598,0.0015276506982117265,0.0018676443289444705,0.003337191380637857,0.006509105581272214,0.008489145944509321,0.008634747239633254,0.007018326273741077,0.007635039362053949,0.0070470524485880355,0.0074000745248077576,0.006687201431310372,0.006573563058454711,0.005831954481949617,0.005337267527974968,0.0033771091052821685,0.003290806630376568,0.0037569545842333686,0.004503952294971768,0.005592796590277368,0.005285524223842453,0.003534371719630452,0.0037329419438582464,0.003791065214748852,0.0037453319191208525,0.003000737054770452,0.0020083266288560522,0.002394568801330452,0.0025192872596360525,0.0023246504212264076,0.002294605173327302,0.00245301490198555,0.002416750760502907,0.002257177519187756,0.0019763838843844346,0.003066478513624532,0.002618418043296686,0.005758243019715367,0.006217986087915127,0.006791659652261655,0.007898669896269432,0.008321539607183686,0.009623346304945646,0.010829435593063116,0.0139720202962074,0.013362220752005837,0.013398861519925233,0.019133927205638033,0.02189897851832603,0.0400710504771198,0.04053608833733702,0.04302680039467882,0.04066238350163623,0.03673698928010045,-0.09900473515096175,0.1550124664571182,0.00024260901174590494,,
Other Northern Africa,0.0007829415139237201,0.0005934186866984402,0.00063624773858688,0.00078185705275584,0.00072927874734084,0.00071951030236044,0.0007954920000000001,0.0008373600000000001,0.000879228,0.000921096,0.0010467,0.000879228,0.000544284,0.000711756,0.0008373600000000001,0.000544284,0.000669888,0.000376812,0.000711756,0.0006280200000000001,0.000544284,0.000293076,0.00041868000000000005,0.000753624,0.000753624,0.000376812,0.000293076,0.000376812,0.000376812,0,0,0,0,0,0,0,0,0,0,0,0,0,0,0,0,0,0.00060666732,0.0004911116400000001,0,0,0,0,0,0,0,0,,,0,,
Other Southern Africa,0.0007740000012071304,0.0019608000030580637,0.0022188000034604406,0.0027090000042249564,0.0029670000046273333,0.0035604000055528,0.003870000006035652,0.0038958000060758903,0.004128000006438029,0.003870000006035652,0.005108400007967061,0.00903000001408319,0.01091340001702054,0.012384000019314088,0.013493400021044308,0.014112600022010011,0.01374080445059898,0.01449589383059898,0.012660325780104245,0.01313574175702971,0.015279011526679456,0.016755249342920882,0.016810617390639222,0.01912311263463922,0.02027938119063922,0.03445356340774024,0.033977784623056194,0.03645156933493548,0.03708257098552716,0.04136167715144211,0.03945332439940186,0.03542034252211426,0.038217000693725606,0.04389686491648521,0.04393417310067988,0.044111577282379445,0.040831420434307014,0.04142419596637946,0.0389151684174218,0.04033873259379198,0.043748565834021334,0.04131241494651626,0.042610136995160065,0.041583851023771684,0.04557132397972742,0.028344859208153928,0.040618574549673526,0.05278688578388659,0.049130197978260605,0.059999264376839764,0.058278409824,0.058317096000000006,0.06700506,0.0693370534596,0.059687111666590804,0.056053767451732975,-0.06343909898163125,0.027351103395064635,0.00037017592874618183,,
Total Africa,1.164586098177921,1.1632398963506418,1.1890497048315483,1.2366464786697047,1.247914517656949,1.2987248380272196,1.378844347495868,1.3831588917496522,1.472077272259142,1.5323264144729456,1.6238898130818495,1.7318669618459885,1.7701144383997285,1.720136098446315,1.8260891871107932,1.9568054139852584,2.2888756201446006,2.5242331770574546,2.5676857700852684,2.746432338358736,2.8337972017934296,2.8992819470433187,2.9819510362389536,3.204578897210429,3.008235102628473,3.160115501445057,3.071500446639753,3.0898826934247654,3.137814743019546,3.219007430674301,3.3184902243762826,3.364386618706789,3.449957036963848,3.3707062034625763,3.4757302320868497,3.4677860943059615,3.512115583417941,3.362763338712714,3.6601655115784606,4.025843996692863,3.7369124919025842,3.789957632074752,3.8526613647097108,4.246142074920769,4.22793915938384,4.186771688259247,4.125041711269165,4.023979042003633,4.066602010788674,4.259239413634685,4.023217066554886,4.2760429054532905,4.2749326122022335,4.202837733966566,4.317228475766664,4.108027027948026,-0.05105719250640173,0.0020920815410321314,0.027129179527397913,,
Australia,0.7273000000000001,0.7537999999999999,0.7748999999999999,0.7981,0.8254,0.8341000000000001,0.83725,0.87455,0.91075,0.9506500000000001,0.98115,1.01445,1.05905,1.0867,1.13595,1.1691500000000001,1.1993,1.21205,1.2116,1.28125,1.3253000000000001,1.35895,1.4161,1.4895500000000002,1.56225,1.59965,1.6317499999999998,1.64145,1.6520000000000001,1.6857499999999999,1.7429999999999999,1.81425,1.90605,1.9910999999999999,2.1145296861771254,2.1297009330358643,2.1082027974835422,2.155660364123687,2.217399174122069,2.3105883525799986,2.2972641059241026,2.359484506388806,2.3390221473281256,2.437994798502346,2.3572419312789994,2.186380860818886,2.131171380690369,1.995832976682918,1.8942329768953097,1.8785501945026757,1.94526248855605,1.9439872550091202,1.877230949626084,1.831563613927491,1.7542632797421518,1.6887405801840414,-0.039980740444768736,-0.029112160562650646,0.011152347845651661,,
Bangladesh,0,0,0,0,0,0,0,0.003913150752,0.005085036072,0.004520027412,0.0052314903360000005,0.005168730204,0.005398920468,0.0052314903360000005,0.00389225862,0.00519958692,0.005345203824000001,0.006475221144,0.003664747908,0.0014665941720000003,0.002050736508,0.003097059696,0.00487573794,0.005022234072,0.0052314903360000005,0.011781320256,0.003766696488,0.0035365062240000004,0.001318339584,0.001234645452,0.013434478236,0.007365962844,0.013518214236,0.0038922167520000005,0.0019251743760000002,0.013811164632000002,0.014648189688,0.015296892480000003,0.014627255688,0.014648189688,0.03005278126616838,0.04566193535017375,0.03726503033410858,0.03922583486164631,0.04901338767119239,0.031232758484875,0.04649595348782539,0.038365609772912895,0.05311466535776174,0.031872221563188634,0.0948675714802945,0.06971344754741399,0.07821601067573618,0.08570270252507041,0.13876168401673356,0.15458086429177387,0.11095878733321451,0.10967418805611162,0.0010208433367992252,,
China,4.7905365600000005,5.1246432,4.5552384,4.52132532,5.45979654,6.94673856,8.009557740000002,8.47052442,8.581474620000002,8.4908304,9.56955942,9.803392200000001,10.78394076,11.841107760000002,12.249739439999999,12.740469160104002,12.672702075851998,13.409416302408,14.3604162702,15.617759202360002,17.05055208192,17.825126159232003,19.3400705862,20.776404996144002,21.768846496487996,22.08426133536,23.160339985356,24.233389401815998,25.813284159600002,27.510002234820004,27.852661916881196,29.143402235233026,28.554884896502163,28.338180148458186,29.15651784665542,29.561062335738665,31.088717104475606,34.08284713417288,40.61901088228201,47.35900693409611,55.45838065970363,60.90617426023947,66.32608656593956,67.37731424493127,70.58016457398735,73.22499320425436,79.71049919296144,80.71284122235767,82.44114881031946,82.4927757948,80.93678104987198,80.213066711712,80.587596235824,81.109745001036,81.78898777761601,82.27046217740171,0.0031384630524933232,0.014848505898776176,0.5433095067360323,,
China Hong Kong SAR,0.005149764,0.004438008,0.00355878,0.002553948,0.001507248,0.000879228,0.001130436,0.000544284,0.000293076,0.000293076,0.000251208,0.000334944,0.000293076,0.00020934000000000003,0.000167472,0.000083736,0.00146538,0.03747186,0.08800653600000001,0.11488579200000001,0.142225596,0.164583108,0.20624176800000002,0.23860573200000001,0.25564600800000004,0.22993905600000003,0.248109768,0.26301477600000006,0.3045897,0.217587996,0.23454453600000003,0.17429648400000003,0.147082284,0.182837556,0.156289,0.181619,0.28687799999999997,0.223159,0.28301499999999996,0.264263,0.28750400000000004,0.287043,0.313193,0.286998,0.299692,0.26072300000000004,0.31012900000000004,0.30526800000000004,0.325355,0.341014,0.280444,0.280423,0.26268400000000003,0.26268400000000003,0.258369,0.13763,-0.4687676859505828,-0.014727127733591305,0.0009089007820430081,,
India,1.4882664640556305,1.4846953005646777,1.5094269050695381,1.561768981368624,1.659028345368624,1.5725119563421561,1.59433992660924,1.683659112834456,1.661217864834456,1.87508196759384,2.015662328128008,2.098925396620308,2.197246202887392,2.126390804620308,2.258974377112608,2.3744339376467765,2.6717127022183997,2.642054517,2.804572983331775,2.9459189886244994,3.0866294853756284,3.31646419309711,3.6418674048729955,3.90800646006192,4.247788067519329,4.593690519756882,4.88835970768696,5.177723624449055,5.362651179298107,5.534233493342934,5.873808250389982,6.0425370992920335,6.319305548101447,6.529172749598986,6.468026175007505,6.880198385666662,6.937031450124864,7.246043634962715,7.588740945641441,8.076702677004473,8.842008059513919,9.18153409110763,10.049558821529867,10.87446068961836,11.76419881942821,12.162719039021606,12.754429393146983,13.815927145042512,14.785191519311333,16.23470289971419,16.553686527076074,16.84232476265401,17.4409492210722,18.587696416128463,18.59766414768289,17.53670246605794,-0.05962448619523486,0.04686240699104505,0.1158113971216712,,
Indonesia,0.005400972,0.006615144000000001,0.004647348,0.003475044,0.0041868,0.003642516,0.0041868,0.0041868,0.002805156,0.003056364,0.0038937240000000003,0.0038937240000000003,0.0041868,0.0055684440000000005,0.0083736,0.010592604000000002,0.011304360000000001,0.010676340000000001,0.010676340000000001,0.011178756,0.037681200000000005,0.060541128,0.09491475600000002,0.09914342400000001,0.14879887200000003,0.14323652985318108,0.14495859836867864,0.17694325350734094,0.2062682544861338,0.20634057161500818,0.22707889135399675,0.2706800652528548,0.3338239477977162,0.35824287112561176,0.4930704000000001,0.5510498740619902,0.6995943954323002,0.7216409128874388,0.9687122721044046,0.8899768717781404,1.0199398610114194,1.2084917520391518,1.5161931484502449,1.3189487197389889,1.3885487765089723,1.652593800978793,1.9623392104404571,2.2192735066884177,2.3865062094616643,1.8886616280587278,2.1413200287112564,2.233468189233279,2.3933011419249595,2.8385148332789565,3.414164869820555,3.2558139200716174,-0.04898609837960488,0.0941385878809986,0.0215012120768699,,
Japan,2.0394823896,2.1735822441600003,2.3875009286400006,2.45683810476,2.6243377376400003,2.52829882584,2.29559773788,2.2432371984,2.3717573046,2.51404444656,2.35174775004,2.2996459548000003,2.1695641722,1.96463664072,2.0981315026800003,2.43741763296,2.73265192836,2.60621056836,2.56889655072,2.8727296959600004,2.9981754349200007,2.85507228564,2.9135752794000003,3.1491786571200002,3.1541906754,3.2676831003600006,3.24173080188,3.1869167976,3.2500997964000002,3.4031725538400006,3.5274799018800005,3.62009694204,3.71860564716,3.5449899368400004,3.7295177040000005,3.9981720996,4.0937567436,4.3484690952000005,4.468533958800001,4.586769190800001,4.805331051041692,4.723710656455621,4.958653060216139,5.093211183381735,4.273010809759541,4.8698444913878385,4.617538911686023,4.875116963194058,5.073977149471724,4.988648094462732,5.03273139635182,5.023388011200512,5.097468409167723,4.991750416593706,4.905337804355326,4.574389165743043,-0.07001494766808658,0.013896194214916946,0.03020900886516686,,
Malaysia,0.0006280200000000001,0.0008373600000000001,0.000502416,0.000502416,0.0006280200000000001,0.000669888,0.001716588,0.004354272,0.004144932,0.004144932,0.000376812,0.00041868000000000005,0.000460548,0.001004832,0.001423512,0.0020934,0.0038937240000000003,0.00355878,0.009252828000000001,0.010006452,0.013355892000000001,0.009922716000000002,0.013690836000000001,0.01088568,0.050115996,0.05547984,0.06535408000000001,0.06861760000000001,0.057362640000000006,0.06372232,0.06983096000000001,0.07016568000000001,0.06786448,0.07242504000000001,0.08116960000000001,0.10401424000000001,0.12430664,0.15238128,0.22242144000000003,0.27748288000000004,0.28823576,0.30534832,0.37015848,0.40927888,0.44446631999999997,0.61826968,0.61806048,0.66450288,0.63040328,0.64253688,0.7282670400000001,0.78424896,0.8690586400000001,0.9321952,0.9548373379420046,1.1367053769132678,0.18721752854849405,0.07946621303473278,0.007506738400268555,,
New Zealand,0.06887286000000001,0.0669888,0.061169148000000007,0.0575685,0.05903388000000001,0.059075748000000004,0.05254434000000001,0.053842248,0.061001676,0.06280042,0.05909983,0.0609001,0.05800022,0.05350002,0.047699979999999996,0.04906161,0.04888061,0.04791795,0.053095500000000004,0.04938179,0.04559771,0.05240468,0.04373952,0.04739746,0.05160339,0.05014180501476177,0.04780995758974791,0.052645557870133704,0.05186266193119209,0.049023736188671084,0.04915947490993024,0.04844794397840383,0.052302050338372,0.04768964278476277,0.04885681096000003,0.04629575504490002,0.057335688068730004,0.057307030002000006,0.0827079512906714,0.085459216456707,0.0951389000287819,0.09367748790963504,0.0709955691160109,0.08810053701138704,0.0677482213733777,0.057859137329711416,0.05857076584110716,0.07297930267562579,0.06435901485019203,0.05943558070755222,0.06002451551796106,0.049666086197667506,0.05233092342603052,0.056422139030358635,0.06421594260986646,0.06129619262612051,-0.04807569264596534,-0.005340359259209282,0.0004047966098535188,,
Pakistan,0.057735972,0.048734352,0.046808424,0.051539508000000005,0.046389744000000004,0.038644164,0.030605508,0.024534648,0.024367176,0.022315644000000003,0.021645756000000002,0.021436416,0.023320476000000003,0.024827724,0.027674748000000002,0.029475072,0.03345253200000001,0.037932408,0.043040304,0.048818088,0.055391364000000005,0.062843868,0.07134307200000001,0.074608776,0.081726336,0.08662489200000001,0.085745664,0.08804840400000001,0.092444544,0.09177465600000001,0.09252828,0.09378432,0.087671592,0.08775532800000001,0.087797196,0.084908304,0.08813214000000001,0.09880848,0.12502847316133098,0.13978335347065304,0.15511759358985056,0.1659862385358341,0.22731935228535896,0.25073980098237114,0.2061933520643141,0.19375887368159225,0.16698185559907072,0.16925393651822254,0.1341387684468501,0.19797030075634525,0.19474595777771153,0.22362149888895208,0.2992221399062381,0.4957899213494383,0.5582683793503844,0.6215235555645572,0.11026421466793823,0.10473175323938899,0.004104506617094943,,
Philippines,0.0018558828360000005,0.0017582047919999998,0.0013674926160000002,0.0006251394816000001,0.0008204955696000002,0.0008204955696000002,0.0008009599608000001,0.0007814243520000001,0.0007814243520000001,0.0010939940928000004,0.0020707745328000004,0.0024614867088,0.0060755743368000005,0.005567648508000001,0.004864366591200001,0.00586068264,0.010158516576,0.011330653104,0.0206296028928,0.0330542500896,0.04674871185840001,0.036824622588000004,0.039168895644,0.049600910743200013,0.039207966861600003,0.04477561536960001,0.0502846570512,0.050108836572,0.0509097965328,0.04905391369680001,0.0591733590552,0.0824011979184,0.1022298408504,0.1032261568992,0.12106216773360001,0.1679867000712,0.17154218087280002,0.14948647853760003,0.15558158848320003,0.1691197653816,0.19210684740194878,0.21017735999999998,0.22608720000000002,0.26586180000000004,0.25372008,0.29391336,0.32352738193217556,0.3385281522699131,0.41884639614088626,0.4456262827016987,0.4863621618341621,0.547976622765959,0.6479909520162467,0.6846095996975533,0.7320202284355715,0.7277482441355094,-0.008552178256247656,0.11177479584730121,0.004806008488158035,,
Singapore,0.000167472,0.00020934000000000003,0.000125604,0.000251208,0.000125604,0.000125604,0.00016621596000000003,0.00012539466000000002,0.000181790856,0.00022261215600000004,0.00005342356800000001,0.000141011424,0.000181790856,0.00019296961200000002,0.000028219032000000006,0.000124682904,0.00019296961200000002,0.000068286708,0.000136573416,0.000209298132,0.00047499246000000004,0.000293871492,0.000491279112,0.00057589434,0.000519498144,0.0008979848640000001,0.000531388656,0.00077330196,0.00085787532,0.0010271057759999999,0.0004793886,0.000011890511999999999,0,0,0,0,0,0.00028198098,0.00036659620800000005,0.00028951722000000003,0.00035169119999999996,0.00020934000000000003,0.00033913080000000004,0.00020515320000000003,0.000167472,0.0003265704,0.0002679552,0.0010425132,0.011032218,0.016265718,0.0170151552,0.017835768000000002,0.037605837600000004,0.019987783199999998,0.019170966038583287,0.019667899320068724,0.023118076092629503,0.6064609720295282,0.0001298857013235022,,
South Korea,0.20733033600000003,0.23475387600000003,0.223951932,0.21143340000000002,0.220811832,0.235674972,0.238187052,0.24413230800000002,0.308734632,0.31840614,0.33640938000000004,0.375011676,0.40938530400000006,0.414241992,0.495842724,0.552615732,0.6382441656000001,0.6468857208000001,0.6904493748,0.831791556,0.9220212828,0.9767804400000001,0.9897134652000001,1.0534951764,1.02545199,1.0100320056,1.0134651816,0.9868371336000001,1.0818649332000003,1.1108627100000001,1.1511774072,1.3439628000000001,1.4623403832000001,1.5093665208,1.5975614628,1.7971671528,1.9143808056,2.0570041476000003,2.1404763792000003,2.2273106112,2.294177994,2.3719226832,2.497551804,2.7674664264000004,2.87193546,3.2297728824000007,3.5038240632,3.3760847951999997,3.4140841920000002,3.5336047716000003,3.5755774416,3.4122126924000002,3.6080460756000003,3.6278956944000003,3.4393180356000004,3.0290660640000002,-0.12168927213323899,0.018192200884367793,0.020003781983793767,,
Sri Lanka,0,0,0,0,0,0,0,0,0,0,0,0.000018463788,0.00010550736,0.00010972765440000001,0.000071217468,0.00009601169760000001,0.000053281216800000004,0.0007454094984,0.000749102256,0.001456001568,0.000880986456,0.0003297105,0.00030860902800000005,0.00015826104,0.000018463787999999998,0,0.000023739156000000004,0.000023739156000000004,0.0000160898724,0.000014507262000000002,0.0000419391756,0.0000087043572,0,0.0000081768204,0,0.0000142434936,0.000003692757600000001,0.00045552802680000006,0.0025015795056,0.000658102158,0.0024461881416,0.0018347729903999998,0.0017899323624000004,0.0024132170915999998,0.0024562113408000004,0.0025092290529684005,0.012522628993140002,0.019091459197692,0.02008395902016,0.038545927018200005,0.051872456152439995,0.054914487479999996,0.056884800000000006,0.05497197224400001,0.06186077732999245,0.0663956188690126,0.07037468541775604,0.3807497207771091,0.0004384729340570737,,
Taiwan,0.12497598,0.124306092,0.126148284,0.127153116,0.116727984,0.114048432,0.101278692,0.096463872,0.086331816,0.087880932,0.080135352,0.084866436,0.097175628,0.10722394800000001,0.13535924400000002,0.1601451,0.14779404,0.17331900290442306,0.2339607770706328,0.2714318843925326,0.28753421107397753,0.3500506140811332,0.378732811415886,0.43889896076273993,0.45780455556282396,0.45231346116777804,0.49544338821350575,0.5724783641558371,0.6384027351159733,0.6652810732422675,0.6866781799950836,0.7764879748874692,0.8890228365309149,0.9650752308547982,0.9965722941235291,1.1758765635864212,1.2356863441007093,1.3418195212473125,1.3896362661694026,1.4845659859143694,1.51179322943417,1.5869182315365853,1.662056601619859,1.5916171438568818,1.5174285414553494,1.628305158758293,1.687945871241441,1.649261544178935,1.6832015817397388,1.701466644238391,1.6504124638387585,1.6413769404773388,1.6958193100563526,1.704828339515826,1.6709705077089225,1.6342446996524223,-0.024650918325051507,0.009685346986316512,0.010792460114537,,
Thailand,0.0018840600000000001,0.00272142,0.0048566880000000005,0.005359104,0.005694048,0.006070860000000001,0.0047834190000000006,0.003759830136,0.004025482596000001,0.0060363189000000005,0.005769787212,0.00669239046,0.006436870056,0.008289654660000001,0.017430820704,0.018847633824000003,0.02096519166,0.027329462604,0.026240517792000005,0.033041639448,0.066366055368,0.06511355624959747,0.09401158388297412,0.09686245969410416,0.11797664844201525,0.16326367109633194,0.19121139196138678,0.20464783277293697,0.22794890474937862,0.2635798355915846,0.3006838044381643,0.36584212324182264,0.37729387499816885,0.3027050412373584,0.3218272726446792,0.3301052324673827,0.3674795187504838,0.39219084518790237,0.4005798900548735,0.448822388488374,0.4851436789999285,0.5177464633197643,0.5818616210679969,0.6275136157856309,0.6296221313387971,0.6461450616272326,0.6570679662638605,0.6896221014631918,0.6787269916530095,0.7483334896932154,0.7346654499719326,0.7489090293381582,0.7518841635553818,0.80161118930765,0.7144303481229874,0.7278538585613448,0.016005533252747117,0.012716744906224875,0.004806705959888303,,
Vietnam,0.0375769707151284,0.039471607894957204,0.04326090096542401,0.0479974752,0.051155203847004,0.054628705346148006,0.059996844,0.045133704000000004,0.06497913599999999,0.077623272,0.107893836,0.10186484400000001,0.111661956,0.10793570400000001,0.111620088,0.095207832,0.106009776,0.1172304,0.117984024,0.118109628,0.117397872,0.12937212,0.14423526,0.135108036,0.108521856,0.093072564,0.089890596,0.090141804,0.08725291200000002,0.096338268,0.12965041912496358,0.14482202722296528,0.18604565479064225,0.19955237235547837,0.14937116473612191,0.1963300541107725,0.214557139662727,0.2450123490585388,0.2852539268991798,0.3738382018354991,0.3914650075883464,0.23981458426315835,0.26251337350406356,0.49774130159416297,0.4670369682965997,0.6093264859761582,0.726157247995747,0.6739992759827869,0.719893976708303,0.8698208865942281,1.0984441939392595,1.1886457119065759,1.1876946768,1.5822503352000001,2.0672789547789616,2.101594479074803,0.013821774178830903,0.16039215090758918,0.013878811782084985,,
Other Asia Pacific,0.4534695111825626,0.48588894651103415,0.5320119733473482,0.5817480649724315,0.6250328025237614,0.6761689610042467,0.7605263184104403,0.7779858003083457,0.7951039159076395,0.826050056605987,0.8658735482124349,0.916828636314192,0.979597374016034,1.0367256825260418,1.1025433344197215,1.171546518364499,1.206003437079246,1.27695331520573,1.3296806007179418,1.3726625619125377,1.4385130714007783,1.4325819582549955,1.3741118440969795,1.3944437112887187,1.3771523273509423,1.3047822646697012,1.2759112338912504,1.1091192313052989,1.017669796255939,0.9379661636718412,0.8655099984947723,0.7574941221642921,0.7430388132149534,0.680786449291945,0.762997956058832,0.8243589505870719,0.8486737770438182,0.8099263248624557,0.8296798172454574,0.8330801973044262,0.8852231311292629,0.9083583064789575,0.7783091182725342,0.8565325428231769,0.6866133785674515,0.6740494105109692,0.5621904411704917,0.5826284012788069,0.45398015096379474,0.5102631855998797,0.48663162368285995,0.6221691003217311,0.6243215292352731,0.6293748753041429,1.2320032486221697,1.2282462984483884,-0.005773373069549059,0.06020527123916408,0.008111269499390903,,
Total Asia Pacific,10.010633214389323,10.553443895922667,10.275475224638312,10.428239329782654,11.70067628494899,13.072098916102151,13.992668577820485,14.531728467442797,14.8830350392181,15.245050603320625,16.406824420029245,16.796451090319298,17.912081180180227,18.789464382636762,19.69978690462753,20.82242093306088,21.510129893998446,22.267626197736558,23.57305263310515,25.61515217865917,27.63689668414078,28.70035209083084,30.76719270879284,32.96794682966669,34.452850637892716,35.19162596536823,36.63468683589874,37.90641616498861,39.89680431834594,41.886965784499104,42.8769211857349,44.756057572944464,44.961080063720765,44.91700543781873,46.2870919112728,48.04267098889653,50.25092660766118,54.097790999329334,61.79427339685565,69.54236543537635,79.04168053997482,85.11409398981517,92.21895395682625,94.78562388977953,97.85925843507094,102.34272300468331,109.84971969985014,112.19961978570367,115.1882768603402,116.62009450001102,116.06911152156256,115.89794827513272,117.56830501648624,120.29759403273866,122.37192328977312,120.97266146091563,-0.014135499220647274,0.02260517582350685,0.7988966548546849,,
Total World,58.104641831680446,58.76673785420813,57.81891503572056,58.68412803521418,60.475449025533,61.41098924626245,61.07745332503935,61.77109225625803,63.604258364410605,63.6553843773812,64.888335960637,67.27854602876027,69.26865718666042,70.04842946062905,73.3087120029265,75.08736655095178,76.13882217767033,76.98756157240283,79.36692726043191,82.80393076231843,86.356223158145,87.32905874574496,90.76490773660144,93.48187085751847,94.37659610667606,93.23069153368002,92.32428027142747,91.99179917690373,92.44379418037805,92.79871892997141,93.45005008012524,95.67557377616794,95.51241529814796,94.91106897311992,95.32034348898989,98.73263175403264,100.29064140644225,104.22610884417178,113.35587361964758,121.22372333550231,130.20366805713863,137.05092346520564,144.81490430950615,146.78351112323384,144.56962223685437,151.20648316592963,158.47401935420532,159.07844874443313,161.97315245827164,162.49899302255972,158.63527825027083,156.60595637938417,157.39697236923968,159.26031115833518,157.63914384113042,151.42466891780882,-0.042046685648090665,0.008692291959525367,1,,
