Exajoules,1970,1971,1972,1973,1974,1975,1976,1977,1978,1979,1980,1981,1982,1983,1984,1985,1986,1987,1988,1989,1990,1991,1992,1993,1994,1995,1996,1997,1998,1999,2000,2001,2002,2003,2004,2005,2006,2007,2008,2009,2010,2011,2012,2013,2014,2015,2016,2017,2018,2019,2020,2020_2,2009-19,2020_3,ddd,eee
Canada,1.9445859000000003,2.1259800000000006,2.4003,2.57175,2.51839476,2.5724358,2.5950672000000004,2.726055,2.6307288000000004,2.7740610000000006,2.5642062,2.4777954000000006,2.6008965,2.4462486000000006,2.6811351000000005,2.898492552,2.7185454900000003,2.946834594,3.402967032,3.6153695790000007,3.7241203140000003,3.9196281780000004,4.318729488,4.754305071000001,5.146095753000001,5.498684999999999,5.5410506999999996,5.750312399999999,5.9617476,6.1394472,6.3469683,6.4590921,6.5060127,6.337691999999999,6.3624672,6.449488199999999,6.4583064,6.2884485,5.993697600000001,5.581829700000001,5.385278699999999,5.438567699999999,5.410987200000001,5.469132600000001,5.7236975999999995,5.7872043,6.191399700000001,6.2604711,6.363945900000001,6.0834906,5.947015299272043,-0.025104662183422777,0.008643341542893701,0.0428669752933006,,
Mexico,0.3970910609047369,0.3930542306514334,0.4085288161661092,0.44390138439028404,0.46534330931754153,0.47300522814144563,0.4638777376239702,0.4919499457254851,0.6158111236456448,0.747556756020345,0.9041486974026641,0.974084662419438,1.0386832003006343,1.0474619868334016,1.0302970136158407,0.9994956311790354,0.8878179281002478,0.9024156486998065,0.9141562305421395,0.8775532523714152,0.9499010286285859,0.9633274817766805,0.9337511579061069,1.00001556,1.05202835,1.0507050439999999,1.108980973,1.1198330010000002,1.185628073,1.2324696610000003,1.201632091,1.1930653539999998,1.2141983,1.254254691,1.3329736170000002,1.595228081,1.7442792090000003,1.6869086750000002,1.7003008220000002,1.8929898400000003,1.8424014410000005,1.87556367,1.8306067320000003,1.8895694110000003,1.8467929170000004,1.726090111,1.571451265,1.3776639739999998,1.266877,1.1266160000000003,1.0825837985545805,-0.041709047871185234,-0.05057040930615675,0.0078034258548565156,,
US,20.572642740990194,21.155781500730367,21.087180292114816,21.068003174915255,20.140098855451953,18.649492946652828,18.49754211466913,18.578255786495095,18.502194910979178,19.06350066142198,18.90326690245612,18.705337896976687,17.394835086487888,15.756256961325295,17.099437594714953,16.123724368840435,15.706322011865472,16.2713215128483,16.710752486475698,16.94688474786175,17.40160537989415,17.3091011423984,17.448081117729988,17.646477301940966,18.371910916996065,18.119550841540864,18.368354851244803,18.415436402151215,18.623809511021324,18.364969704541675,18.669610118617076,19.148219536275665,18.404235507197463,18.642809062320893,18.111962985354403,17.61986900434906,18.06206601790527,18.788000045951268,19.65842903728166,20.072970399301074,20.705668086595185,22.224907683706487,23.36849380044776,23.60493846387178,25.37015336044056,26.650915307005437,26.18482001232036,26.86214561263003,30.273702157347326,33.47955098079499,32.92635438963543,-0.01921051176702071,0.05248714004488564,0.23733808458366226,,
Total North America,22.914319701894932,23.674815731381802,23.896009108280925,24.08365455930554,23.123836924769495,21.694933974794274,21.5564870522931,21.796260732220578,21.748734834624823,22.585118417442324,22.371621799858787,22.157217959396128,21.034414786788524,19.249967548158697,20.810869708330795,20.02171255201947,19.31268542996572,20.120571755548106,21.027875749017838,21.439807579233165,22.075626722522735,22.19205680217508,22.700561763636095,23.400797932940968,24.570035019996066,24.668940885540863,25.018386524244804,25.285581803151214,25.771185184021324,25.736886565541674,26.218210509617077,26.800376990275666,26.12444650719746,26.23475575332089,25.807403802354404,25.66458528534906,26.264651626905273,26.76335722095127,27.35242745928166,27.547789939301076,27.933348227595182,29.53903905370649,30.61008773244776,30.96364047487178,32.940643877440564,34.16420971800544,33.94767097732036,34.500280686630035,37.90452505734733,40.689657580794986,39.955953487462054,-0.020714683171834447,0.03977585244302917,0.2880084857318194,,
Argentina,0.21076020000000006,0.22775755500000006,0.21650184000000006,0.23575734000000004,0.25375248000000006,0.26929692000000005,0.25676334,0.2650257000000001,0.27342810000000006,0.2531223000000001,0.29392645500000003,0.30582985500000004,0.34274790000000005,0.4600314000000001,0.47193480000000004,0.48628890000000013,0.5430051000000001,0.5304015000000002,0.6287796000000001,0.6648399000000003,0.6245784000000001,0.6977493000000001,0.7033509000000001,0.7534152000000002,0.7796727000000001,0.8756001000000002,1.0128393000000002,0.9585738000000001,1.0359459000000002,1.2102957,1.3097241000000004,1.3002714000000004,1.2642111000000003,1.4368104000000002,1.5712488000000002,1.5975063000000003,1.6139610000000004,1.5694983000000002,1.5425406000000006,1.450842883085702,1.403891847335701,1.357842423765601,1.3208833186874995,1.2440107284138,1.2414916636865976,1.2776811929486986,1.3421648309328011,1.3373959780925988,1.4193140345162985,1.4981693965343978,1.3784965732656,-0.08239335794356839,0.0032150847614693667,0.009936409370816534,,
Bolivia,0.001507248,0.001507248,0.04019328000000001,0.06196464000000001,0.06485353200000002,0.06393243600000001,0.065900232,0.069542748,0.068537916,0.07494372,0.09190025999999998,0.09801298800000001,0.10165550400000001,0.09759430800000002,0.093868056,0.09303069600000002,0.09474728400000001,0.09910155600000001,0.10475373600000001,0.11048965200000001,0.112917996,0.11224810800000001,0.10192044144628792,0.10168861625450937,0.10964953819815247,0.10956120931768996,0.11063921711773492,0.09325601671197817,0.09739801063642635,0.07842261797212202,0.11240649317341711,0.16369543131554926,0.20973044881350517,0.24103399156430697,0.33911569272218833,0.4183769284391092,0.44803054397207687,0.47988693166698293,0.49651268167315715,0.4277370353315021,0.4937220832218727,0.5412240448097551,0.6170322105532858,0.704716710240006,0.7299656864782762,0.7041814445039858,0.6758836361360455,0.6564878935249505,0.6132972226205041,0.5382123739989514,0.518747501792968,-0.03879921034126532,0.023240408329502582,0.003739209540211298,,
Brazil,0.0029196446017699103,0.004634935805309734,0.0063137314513274315,0.0072261203893805295,0.0139048074159292,0.015145656371681412,0.017444876495575214,0.02171485672566371,0.028576021539823,0.031313188353982294,0.03660504419469026,0.032846001769911495,0.04693328697345131,0.06346577453097343,0.07386700842477875,0.09266222054867254,0.10791736359292033,0.12054482649557521,0.1213112332035398,0.12437686003539819,0.11323848887076104,0.11772218708569906,0.13335838024603536,0.15622065730019466,0.17061012572001766,0.18829780715978756,0.20576717217446014,0.2239798787047433,0.23462369856939816,0.2754908399537521,0.2775496720152526,0.2834567297465641,0.34245272667259186,0.3720280073435601,0.4091680001358095,0.404691865536688,0.41322497751408915,0.4160784629738545,0.5175385099800974,0.44196992754893105,0.5407399206514034,0.6201707479732637,0.7139825848016313,0.790185399635782,0.8405163388557875,0.8569618210041767,0.8684487977342652,0.9785311872860708,0.9058448427956933,0.9268749737181236,0.8614144979952211,-0.0731642013975693,0.07686892202619111,0.00620920447394378,,
Colombia,0.0449757,0.0468162,0.05718780000000001,0.05925600000000001,0.06165180000000001,0.05369670000000001,0.0545328,0.0618291,0.08210970000000002,0.09380160000000001,0.10024110000000001,0.1098684,0.11712960000000004,0.1286838,0.13082670000000002,0.13344300000000003,0.1300554,0.13704930000000004,0.13215870000000002,0.133569,0.1412856,0.13990140000000004,0.14331240000000003,0.14030550000000003,0.14473620000000006,0.1517364,0.1636866,0.204264,0.23362380000000005,0.2049444,0.20648906478282014,0.21380375225231849,0.21595253368199,0.20699927772502524,0.22085352146336415,0.23206839440452656,0.24352856202944148,0.2612838323975963,0.3138791203402215,0.3640255094770297,0.39036195972366355,0.37965047245900896,0.4149233164077973,0.476045133201273,0.4439820307644294,0.4179713698345545,0.4327272863379305,0.4423660653475776,0.46283465454470707,0.47498001868598244,0.4772985639380171,0.002135775769793513,0.026961948465197505,0.0034404393999731813,,
Peru,0.01431045,0.017082450000000002,0.016424100000000004,0.0160776,0.016562700000000003,0.0204435,0.022176,0.022020075000000004,0.0230076,0.021275099999999998,0.022869,0.026264700000000002,0.027564075,0.018156600000000002,0.0245322,0.019126800000000003,0.020287575,0.020166299999999998,0.01902285,0.016129575,0.015436575,0.0144837,0.01306305,0.013756050000000002,0.014345100000000003,0.013894650000000001,0.01410255,0.00835065,0.014171850000000001,0.014241150000000001,0.011971575000000002,0.012820499999999999,0.0153153,0.01812195,0.029799,0.05255892435215095,0.06151119336060082,0.09270717551186305,0.12592596569812872,0.12908879572916251,0.2633380525741062,0.4132994660325012,0.4304906908953651,0.44636851955806117,0.4725802808839034,0.455641797881655,0.5046636715696076,0.4683868892687235,0.4612134808663075,0.48584851721154787,0.43523067729946446,-0.1066319911099679,0.14172427037745527,0.0031372077843765398,,
Trinidad & Tobago,0.06396327,0.067086,0.0693387,0.06659280000000001,0.0608391,0.05529510000000001,0.06223770000000001,0.07315740000000001,0.08733690000000001,0.0902754,0.10199700000000002,0.1123542,0.13655250000000005,0.14147010000000004,0.14823360000000002,0.15174720000000003,0.15528420000000004,0.1644966,0.18933930000000002,0.18970109999999998,0.1966815,0.19926595661850005,0.19255684039255128,0.21611929623300005,0.24752599029108005,0.2657275970747401,0.3000385676662117,0.32559611193649585,0.32559611193649585,0.4106712250553866,0.4979041604686846,0.5297351621358827,0.6214470708263176,0.9066749732079525,1.0288319442255227,1.0803724308854192,1.2801697633882352,1.3573203866517425,1.3463825692419318,1.3880955761607376,1.4505490959074823,1.3926677880608598,1.3871666597361032,1.3949013512462405,1.3704193970238827,1.2944108353624877,1.1261411444138087,1.1474253931601377,1.2226000735630194,1.2441920578726675,1.0607495098166957,-0.1497684940048536,-0.0108849602737775,0.007646041037637654,,
Venezuela,0.3080916000000001,0.29858112000000003,0.29678292000000006,0.3655940400000001,0.38637324000000006,0.37578384000000004,0.46585368000000005,0.5085109800000002,0.5131263600000001,0.5747047200000001,0.5916277800000002,0.59482458,0.6346846800000001,0.6249744000000002,0.6913080000000001,0.6923269800000001,0.7621970400000001,0.74273652,0.76035888,0.7807384800000001,0.87774138,0.8752039200000001,0.8638552800000002,0.9322268400000001,0.9860329800000001,1.09893996,1.18805076,1.2319668000000004,1.2921265800000004,1.0953036000000003,1.1158430400000001,1.1825362800000003,1.1354833800000004,1.0079510400000002,1.1350638000000004,1.0956632400000001,1.2580207200000002,1.34089776,1.2032355600000002,1.1446542000000002,1.0962626400000004,1.0885104,1.1485702800000004,1.1012576400000003,1.1443744800000002,1.2983403600000003,1.3405944220603587,1.389793958732501,1.1382875826224255,0.9207438713884218,0.6750522034768476,-0.26884357369203915,-0.021532391824322095,0.004865877195855256,,
Other S. & Cent. America,0.026660412000000005,0.028073124,0.026965656000000008,0.020788092,0.02376478800000001,0.027288900000000005,0.042433380000000014,0.045843588000000005,0.052252919999999994,0.03348612000000001,0.02998314,0.030343824000000002,0.03204284400000001,0.03509377200000001,0.03715102800000001,0.03836556000000001,0.03559190400000001,0.03506839200000001,0.046935432000000006,0.06672636000000001,0.08621420400000002,0.09141109920000001,0.09982378800000002,0.08241838845747122,0.107705772,0.10304093880000001,0.10502669880000001,0.10055874960000001,0.0953644356,0.11762136000000004,0.13001239800000003,0.13662783143100002,0.12723644360396547,0.11718902210669882,0.12705626246319363,0.13640140581929466,0.1465870627533744,0.1434314616842056,0.1378917625030981,0.13682080697480312,0.13636586702964704,0.11359203127479704,0.10749314132894164,0.09837380926921119,0.09445056080167838,0.10424404808189837,0.11259907087294618,0.11134150533857284,0.10834329724108588,0.1148982527141476,0.09642426039953111,-0.16307860333280777,-0.017310925355008222,0.0006950404833711196,,
Total S. & Cent. America,0.6731885246017699,0.6915386328053098,0.7297080274513275,0.8332566323893807,0.8817024474159295,0.8808830523716815,0.9873420084955755,1.067644447725664,1.1283755175398231,1.1729221483539825,1.2691497791946906,1.3103445487699117,1.4393103899734514,1.5694701545309735,1.671721392424779,1.7069913565486727,1.8490858665929208,1.8495649944955754,2.0026597312035395,2.0865709270353987,2.168094143870761,2.247985670904199,2.251241080084875,2.3961505482451755,2.56027840620925,2.8067986623522176,3.1001508657584074,3.146546006953218,3.328850386742321,3.4069908929812613,3.6619005034401755,3.8229470868813156,3.931829003598371,4.306808661947545,4.861137021010078,5.017639489437189,5.465033823017818,5.661104310886245,5.683906769436636,5.483234734307869,5.775231466443876,5.906957374375787,6.140542202410623,6.2558592915643745,6.337780438494555,6.409432869617458,6.403222860057765,6.531728870751132,6.3317351887700415,6.20391946212424,5.5034137879843446,-0.11533713940071655,0.01242516452112663,0.03966942928618536,,
Denmark,0,0,0,0,0,0,0,0,0,0,0,0,0,0,0.00870696,0.042108660000000006,0.07141959000000002,0.09102901500000002,0.08990311500000002,0.11529216000000002,0.11773161000000001,0.1479176412714,0.15407638433991,0.16903044443754,0.18314517652200005,0.19830618304443,0.24096680024472003,0.294980849793,0.28392119256474,0.29106008682741,0.30598150749687003,0.3145806019233901,0.3183231452199451,0.3015559358225045,0.3555299096799981,0.3928683379538151,0.3903465248613,0.34614614049909004,0.37764416237352005,0.3152430694428401,0.30729379562043996,0.2468564259001788,0.2156830183254453,0.1790490746089853,0.17282355580999684,0.1725676294293971,0.16920369538140803,0.18180103059695504,0.15453940968927407,0.11529204405058002,0.04966894716690001,-0.5703672350604809,-0.0956940691465834,0.00035802119616345693,,
Germany,0.43246709999999994,0.5327901,0.6378687000000001,0.7141482000000001,0.7417331999999999,0.6885072,0.7099551000000001,0.7058376000000001,0.729765,0.7308170999999999,0.6653358,0.6815727,0.5983290000000001,0.6613668,0.6498917999999999,0.6158772,0.5045454,0.5662998,0.5269833000000002,0.5515290000000002,0.5408865,0.55423016208,0.562174866288,0.5594527764,0.5865154142400001,0.605221869168,0.655422271056,0.64428069384,0.629530764912,0.6724195067520001,0.635956163136,0.642001734864,0.64032416784,0.6665638482720001,0.6168065772959999,0.59553629352,0.588319590096,0.538910493408,0.49086244166399995,0.458862059376,0.40046373561599996,0.37675623182400003,0.340609410288,0.309748507488,0.290978748144,0.270879596064,0.24922948579199997,0.229541812416,0.19950386702400003,0.191907337104,0.16190104392000002,-0.15866327063105135,-0.0834821177516697,0.001167006927076133,,
Italy,0.4529358,0.46152719999999997,0.48914370000000007,0.5283089999999999,0.5273442,0.5026257,0.5401035000000001,0.4738032,0.47323800000000005,0.4617306,0.42968249999999997,0.4815314999999999,0.4944267,0.4433382,0.4692213,0.4830921,0.5413545000000001,0.5548256999999999,0.5639067,0.5764059000000001,0.5873976,0.5907987,0.6168627,0.6565589999999999,0.6927344999999999,0.6844031999999999,0.6851115,0.6654918600000002,0.6565739759999999,0.603652824,0.574512696,0.5264901000000001,0.505095552,0.47959794000000006,0.44769452400000004,0.416963412,0.3792403440000001,0.33525628881530156,0.31734640620000004,0.27476621505972,0.28823634170667006,0.28972178014176003,0.2950489474798171,0.26522982100842835,0.24514402488439813,0.23218876246458942,0.19835147660644564,0.1898301078176425,0.1868110891892757,0.16636490777472546,0.13952495694491285,-0.16362324797505046,-0.04893578909983198,0.0010057167471703877,,
Netherlands,1.0050000000000001,1.3890000000000005,1.852,2.252,2.6700000000000004,2.892,3.09,3.1000000000000005,2.838,2.976000000000001,2.878,2.672000000000001,2.2850000000000006,2.4330000000000003,2.4630000000000005,2.579,2.358,2.3620000000000005,2.0850000000000004,2.279,2.2830000000000004,2.5812000000000004,2.5921999999999996,2.642400000000001,2.5066,2.5482000000000005,2.8839000000000006,2.5542000000000002,2.4364,2.2656000000000005,2.2090000000000005,2.3273,2.2867,2.185800000000001,2.5782,2.352,2.3221000000000007,2.232100000000001,2.5526999999999997,2.358,2.7096,2.5019000000000005,2.4625000000000004,2.6066000000000003,2.173900000000001,1.6514000000000006,1.5943000000000003,1.3655000000000004,1.1637,1.0024000000000002,0.719,-0.2846812458841951,-0.08198510935916015,0.005182659482926819,,
Norway,0,0,0,0,0,0,0,0.09485957700000001,0.50739261885,0.73852927425,0.8964055664100001,0.8915035890600002,0.8560921220100001,0.84367719756,0.9276435193500001,0.93561341742,0.9321850881900001,1.0058311567800002,1.0122155361,1.02679912863,0.9103807842300001,0.89421513876,0.9230366360700001,0.88624148904,0.9590506538400002,0.993779928,1.3362285033900003,1.5344149527900004,1.57907177172,1.7318613981600004,1.77920918631,1.9307237519700002,2.3436698326200003,2.6068586562000005,2.8290610608300004,3.06715602654,3.1681182160800003,3.2267664742500006,3.5758374979500003,3.72471211683,3.8230338236400003,3.618248043240001,4.09905086058,3.885494365620001,3.869681017950001,4.18071159693,4.172073512130002,4.454252008920001,4.36632719616,4.1133523290300005,4.01235330186,-0.027219098232684313,0.009974293259017442,0.02892164240436365,,
Poland,0.1842957,0.19004490000000002,0.2010267,0.2039319,0.1974069,0.20317590000000002,0.22115700000000005,0.2327796,0.24960690000000002,0.22394879999999998,0.1902069,0.16905240000000002,0.15580080000000002,0.1523205,0.1673082,0.17302320000000002,0.1570833,0.15781320000000001,0.15661800000000003,0.1450215,0.0995589,0.11129400000000002,0.10717380000000003,0.13694760000000003,0.12976290000000001,0.13268880000000002,0.13147289999999998,0.13415040000000003,0.1360125,0.1298826,0.1387242,0.1462041,0.1494333,0.1511973,0.1643562,0.16263000000000002,0.1624626,0.16314699996,0.154487,0.15407,0.15461699999999998,0.16118500000000002,0.16356900000000005,0.16006700000000004,0.156014,0.154197,0.14874500000000004,0.14543999999999999,0.143327,0.143467,0.14139758706954403,-0.017117142866053037,-0.007104840531681145,0.0010192149450472087,,
Romania,0.7827428178000001,0.8365012443000001,0.8556731262,0.9058923864,0.9349772886000001,1.0156400883,1.1078429184,1.1732252418,1.1812428792000003,1.1286921303,1.1654424306000002,1.2266985222,1.2402848952,1.2307912074,1.2220019982,1.1680255188,1.1820312243000004,1.1234085408,1.1001272004000002,0.9862029468000001,0.9592299,0.8397665999999999,0.7373637,0.7017129000000001,0.6206346,0.6048108000000001,0.5762718000000001,0.49856219999999996,0.46680840000000007,0.4686012,0.4592133,0.45134640000000004,0.44375760000000003,0.4366215,0.4344831,0.40617450000000005,0.40019040000000006,0.3865563000000001,0.3765006,0.3742344000000001,0.3608442,0.362862,0.3635271,0.3600684,0.36699479999999995,0.3678201,0.3258999000000001,0.3604104370000001,0.358475384,0.34641311899999994,0.3134138731202301,-0.09773177192367055,-0.007695267717143683,0.002259134049523482,,
Ukraine,,,,,,,,,,,,,,,,1.460955752212389,1.3526106194690262,1.2129203539823006,1.1038938053097345,1.0493805309734512,0.9573893805309734,0.8313274336283185,0.7154867256637168,0.6541592920353981,0.6200884955752213,0.578453982300885,0.5847911504424779,0.593479203539823,0.5710946902654866,0.5756431415929203,0.5683690265486725,0.5816225663716813,0.6364424778761062,0.6586907079646016,0.6971907079646017,0.7082637168141592,0.7186893805309734,0.7190300884955751,0.7306141592920352,0.7321473451327433,0.6994053097345132,0.7035960176991151,0.6981446902654865,0.7257079646017698,0.7278884955752211,0.6780088495575222,0.6848230088495577,0.6984513274336283,0.7086725663716814,0.6984513274336283,0.6830853982300884,-0.024672131147540965,-0.004700546703695019,0.004923781664514618,,
United Kingdom,0.39418722,0.6550667280000001,0.9452119680000002,1.0262684160000002,1.2377018160000002,1.2888226440000001,1.3648549320000005,1.4260659480000004,1.3656085560000004,1.378964448,1.3109289480000001,1.3079981880000002,1.329434604,1.3708001880000003,1.3400690760000002,1.4951481480000002,1.5719340600000005,1.645705476,1.5848294040000004,1.5520048920000007,1.7137409760000002,1.9080922320000004,1.94037246,2.2813035840000007,2.435545296000001,2.66563224,3.1701877200000004,3.23463132,3.3983031599999998,3.7345212,4.08452544,3.98929212,3.9055121999999995,3.8810198395642916,3.6328730786868855,3.324204863257729,3.0149431200000003,2.717742110013982,2.619740338556167,2.2034069322515992,2.084433573850101,1.6589710221397567,1.4109258589564677,1.3312936710674599,1.3475344851192568,1.463802592143897,1.5025748073281757,1.50784733550375,1.4657531436781877,1.4232681954664592,1.42110144546646,-0.004250457400704066,-0.0427636032506884,0.010243511658619971,,
Other Europe,0.5258830710240001,0.5496672470040003,0.5768530524,0.6220224897840001,0.6357646680479999,0.6319960629480001,0.6504495446520001,0.701964762156,0.74424683718,0.7199470815119999,0.6919620144840002,0.6616064568240001,0.681217403328,0.672707930148,0.6778472949000001,0.6855586509632922,0.6296355283853099,0.6381673718213097,0.6150110548446373,0.6327625106239647,0.5857462957079648,0.5910515107964603,0.575007604380531,0.5948688091238941,0.5543325117345131,0.5740786562389381,0.5334648652389382,0.4848066579999999,0.44419593700000026,0.41854988200000004,0.40180930784829905,0.3906176540206533,0.3893046190346212,0.37350995503552603,0.3905550294132924,0.3670970608177805,0.3889711209808136,0.3600362816494367,0.3400257624227619,0.33304745344989856,0.336550370750999,0.3329901583979974,0.3013520092893617,0.25764661834509356,0.22795016770949128,0.2187623834888362,0.31242474871885123,0.32345192264578293,0.3040780247509479,0.26647816264494023,0.2270515810717817,-0.15028226210656825,-0.022052477510021595,0.0016366217381852532,,
Total Europe,3.777511708824,4.614597419304,5.5577772466000015,6.252572392184,6.944928072647999,7.222767595248,7.684362995052001,7.9085359289560015,8.08910079123,8.358629434062001,8.227964159494002,8.091963356084001,7.640585524538001,7.808002023108,7.925690148450002,9.63840264739568,9.300799310344335,9.358000614383611,8.838488115654373,8.914398569027416,8.75506194646894,9.049893418536179,8.923754876742159,9.282675895036833,9.288409547911735,9.585575658752257,10.797817510372138,10.638998137962828,10.601912392462227,10.891791839332331,11.15730082733984,11.300179029149724,11.61856289459067,11.741415682858925,12.146750187870776,11.792894210903484,11.533381296549086,11.025691177091383,11.535758368458483,10.928489591542801,11.164478150918722,10.25308667934281,10.350410895184577,10.080905422739738,9.578909295192364,9.390338510078243,9.357625634806439,9.456525982333758,9.051187680863368,8.467394422504334,7.868498134849916,-0.07326869228972,-0.025192269221088637,0.05671731081359097,,
Azerbaijan,,,,,,,,,,,,,,,,0.49381964601769907,0.4773238938053096,0.438716814159292,0.41765840707964597,0.38958053097345124,0.3474637168141592,0.30183716814159284,0.2772690265486725,0.2386619469026548,0.2246230088495575,0.23164247787610612,0.2062670973451327,0.19643984070796455,0.18331343362831856,0.19643984070796455,0.18520869026548667,0.18155856637168136,0.1683970619469026,0.16787060176991148,0.16355362831858403,0.20118149203539817,0.2373773840707964,0.3801779522123893,0.5733677787610618,0.5728834353982301,0.5851675061946902,0.5742417026548672,0.6051519345132741,0.6280705008849555,0.6618267900000001,0.67622589,0.65799144,0.63931059,0.6856781706,0.8754560298,0.9303676794,0.059819864873033035,0.043318257408187844,0.006706229313283768,,
Kazakhstan,,,,,,,,,,,,,,,,0.13924359272650474,0.14863538930336573,0.1610642070558965,0.18206814342208302,0.17124716040961271,0.1815449591019046,0.2012371064896926,0.2070431763843553,0.1706193392253986,0.11453653222090919,0.15097823421031098,0.16650021974848184,0.20708145816388052,0.20283728487384792,0.25383116732011424,0.29456298073497883,0.2962958692881552,0.3600809703331246,0.42357257773506707,0.56407181283,0.6921456471565428,0.7243161947991554,0.8249522243202067,0.9183519132132254,0.953481972322958,0.9996762355127249,1.0557336958561359,1.0684184831928676,1.1205976631829093,1.1415871574527574,1.148148494824882,1.1554424928627127,1.2404754749000886,1.2286312809978979,1.2255118797004467,1.1409066386538418,-0.07158027086705976,0.025416978199845897,0.008223825604942274,,
Russian Federation,,,,,,,,,,,,,,,,15.295724070796457,16.65241592920353,18.019701769911503,19.526033628318583,20.38679469026548,21.5852389380531,21.287283185840703,21.320389380530976,20.46956017699115,20.10539203539823,19.48299557522124,19.883580530973454,18.84735663716814,19.48630619469027,19.598867256637167,19.334017699115048,19.251252212389378,19.711428318584073,20.542393805309732,20.972774336283187,21.22107079646018,21.772123407079647,21.658072566371683,22.012308849557524,19.302831663716812,21.541922792920353,22.205798004424782,21.66677949557522,22.12186386902655,21.281585609734513,21.039824312389378,21.213913237168136,22.880191053982294,24.088067256637164,24.445614159292035,22.985630973451322,-0.062292787832501695,0.023901060799849105,0.1656838641663615,,
Turkmenistan,,,,,,,,,,,,,,,,2.8343495575221236,2.8857964601769908,3.0016371681415928,3.0084513274336278,3.0629646017699113,2.8527345,2.7411615,1.810809,2.119887,1.1638935000000001,1.049895,1.14345,0.5623695,0.43243200000000004,0.7411635,1.5277185000000002,1.6677045000000001,1.7390835,1.923075,1.8953550000000003,2.047815,2.0374200000000005,2.2176,2.2176,1.1995829999999998,1.4446017699115044,2.027212389380531,2.1226106194690266,2.1226106194690266,2.286150442477876,2.3713274336283185,2.275929203539823,2.1123893805309732,2.2146017699115044,2.2738746263776353,2.1226106194690266,-0.0690730648266531,0.06604029624928387,0.015300094653063034,,
USSR,6.750049911522747,7.242974569741248,7.549880271848928,8.057979712004977,8.886625107695712,9.864222070809376,10.94470064880631,11.798921519672687,12.69205121002954,13.865215303242866,14.840595728584704,15.867024798967055,17.074187227257262,18.267709402120463,20.030712157561247,,,,,,,,,,,,,,,,,,,,,,,,,,,,,,,,,,,,,,,,,
Uzbekistan,,,,,,,,,,,,,,,,1.1785088495575222,1.3151327433628317,1.356017699115044,1.3594247787610616,1.400309734513274,1.325016,1.3613985,1.384614,1.462923,1.5343019999999998,1.5602895,1.5925140000000002,1.6330545000000003,1.78101,1.806651,1.8333315000000001,1.8527354999999999,1.8984735000000001,1.9112940000000003,1.936935,1.9663875,2.0374200000000005,2.1205800000000004,2.19681,2.1032550000000003,2.0571705000000002,2.0391524999999997,2.0349945,2.012472,2.0266785,1.9300050000000004,1.9124653539823007,1.922243672566371,2.0577568584070796,2.0625608407079645,1.694637123893805,-0.18062685256959243,-0.0019518733530700105,0.012215197719427065,,
Other CIS,,,,,,,,,,,,,,,,0.025906194690265484,0.02880530973451327,0.02880530973451327,0.025398230088495573,0.025398230088495573,0.021698854867256635,0.020445279646017698,0.019862642477876103,0.01699401681415929,0.01663488849557522,0.015342143362831856,0.01451978849557522,0.013992453982300885,0.013809686725663716,0.014398570796460177,0.014851219469026546,0.015185188495575222,0.013987970796460174,0.014288270796460174,0.014054946902654866,0.012870088495575218,0.011924159292035398,0.010815929203539822,0.010950044247787609,0.011084159292035397,0.011852300884955749,0.012280353982300884,0.011890121446055356,0.01222587787610619,0.011926970796460174,0.012080929867256639,0.011497608451327431,0.010813893584070795,0.011174211238938052,0.011396822300884955,0.011367050619469026,-0.005337382224951059,0.0027856299529420703,0.00008193540011947195,,
Total CIS,6.750049911522747,7.242974569741248,7.549880271848928,8.057979712004977,8.886625107695712,9.864222070809376,10.94470064880631,11.798921519672687,12.69205121002954,13.865215303242866,14.840595728584704,15.867024798967055,17.074187227257262,18.267709402120463,20.030712157561247,19.967551911310576,21.508109725586543,23.005942968117843,24.519034515103495,25.436294948020226,26.31369696883642,25.913362740118004,25.01998722594188,24.478645479933363,23.159381964964275,22.491142930670488,23.006831636562648,21.460294390022284,22.099708599918095,22.611351335461706,23.18969058958454,23.26473183654479,23.89145132166056,24.98249425561118,25.546744724334427,26.141470524147696,26.820581145241636,27.212198672107817,27.929388585779595,24.143119230730036,26.640391105424225,27.914418646298618,27.50984515419644,28.017840530439546,27.409755470461608,27.177612060709833,27.2272393360043,28.8054240655638,30.28590954779258,30.894414358178967,28.885520085487464,-0.06757909162840947,0.024964110769205572,0.2082111468571971,,
Bahrain,0.023404212000000004,0.034122420000000014,0.042579756,0.06037365600000001,0.07444130400000001,0.07833502800000003,0.082103148,0.08905323600000001,0.09784551600000001,0.10847998800000001,0.08804840400000001,0.08164260000000001,0.128911572,0.13510803600000001,0.13921110000000003,0.16994221200000004,0.19456059600000003,0.18903401999999997,0.200798928,0.20887945200000002,0.21876029999999996,0.20854450800000002,0.24367176000000002,0.261005112,0.26720157600000005,0.27163958400000005,0.27972010799999997,0.3003191640000001,0.3157684560000001,0.326737872,0.33029665199999997,0.34394561999999995,0.356380416,0.36278622000000005,0.333716,0.36627426697105353,0.38747545779678483,0.4031505478942794,0.4326328178960553,0.4368061584205425,0.44743161843464047,0.4544668527711435,0.4698667617025176,0.50248187461593,0.5290748924810625,0.5250364378230009,0.5198893565584461,0.5207876296234135,0.5273084208762425,0.5855746750182,0.5917254500138515,0.007742887434957657,0.02974419725975741,0.004265245500422013,,
Iran,0.12583633822925444,0.304358390039762,0.41041563916420615,0.45353256514105805,0.47059233264249284,0.49024269548526217,0.4994554953431914,0.5071824422707768,0.3177149750711205,0.3060203365926652,0.16327454658772672,0.17740946020992998,0.24296768931734666,0.2776791958666241,0.3232393757887699,0.3487117707579246,0.3349970895095683,0.41010361012150165,0.4452288358159503,0.562206069,0.889849341,1.0511888309999997,1.1125590408000001,0.5944739670000001,0.9443324457000003,1.1472478812000002,1.34925784344,1.4176776879000001,1.6009841700000003,1.9072809863999998,2.0281179740400006,2.2537885680000005,2.6800971435000007,2.8111544523,3.2774446195199993,3.4780509792000003,3.789981927,4.248519298200001,4.4484272568,4.8864818232000005,5.180765733000001,5.4355053168000005,5.649687315000001,5.671009969199999,6.3162217206000015,6.607724266800002,7.176309111,7.696938111474275,8.352525125375685,8.691174342083995,9.028304379812674,0.035951705388095556,0.05927376783363281,0.06507736760609999,,
Iraq,0.026676000000000002,0.031634999999999996,0.031977,0.031122,0.028591199999999997,0.044288999999999995,0.061731,0.0402876,0.0417582,0.05988420000000001,0.0438102,0.021204,0.023256000000000002,0.016074,0.020177999999999998,0.029069999999999995,0.053009999999999995,0.12825,0.19152000000000002,0.22059,0.13611600000000001,0.059508000000000005,0.077634,0.08721000000000001,0.108414,0.108414,0.110808,0.10431,0.10089000000000002,0.108756,0.10773,0.094392,0.08071199999999999,0.053352000000000004,0.0342,0.04959,0.04959,0.163546452,0.2324745,0.24669828,0.25686936000000005,0.22686912,0.22828842000000002,0.25461558,0.27111003480000007,0.26283948300000004,0.3562408116,0.36424074219049696,0.3806544800320297,0.3948067382973618,0.37772934717362106,-0.04586912218998207,0.048146150076489036,0.0027227296009862643,,
Kuwait,0.06966539999999999,0.0719568,0.0850554,0.0952812,0.1002402,0.1098504,0.13214879999999998,0.1440846,0.1614582,0.21378420000000004,0.1392282,0.16019280000000002,0.125685,0.137997,0.14965920000000002,0.14364,0.195966,0.16347600000000004,0.23392800000000002,0.279072,0.14329800000000004,0.0171,0.089604,0.185364,0.20417399999999997,0.3173076,0.3181284,0.317034,0.32459220000000005,0.29712960000000005,0.32832,0.3249,0.297882,0.342,0.37278,0.42066000000000003,0.42442199999999997,0.385092,0.43434000000000006,0.39292380000000005,0.40126860000000003,0.46282860000000003,0.530613,0.5578429896346645,0.5139841415632953,0.5782877999999999,0.5913522,0.5848790488316126,0.6066320859318922,0.6452846537689456,0.5389369138970054,-0.167089430178474,0.05085864204322155,0.003884737840761655,,
Oman,0,0,0,0,0,0,0,0,0.010891530000000002,0.018322200000000007,0.023259015,0.027415440000000003,0.029994120000000006,0.037255140000000006,0.046823400000000015,0.05961501000000001,0.06969222,0.07807293000000001,0.07856491500000001,0.08153379000000001,0.08811621000000001,0.08933769000000001,0.09765054000000001,0.09371466,0.09812556,0.13745043,0.1486134,0.16903926000000002,0.17551989000000004,0.18498636000000002,0.3715598829654383,0.5552870753315341,0.5991875249326201,0.6600776368443075,0.6716713300011671,0.7505783579710846,0.8744924979846901,0.8858346324401926,0.8689073631931961,0.8609029349721232,0.9251193953804606,0.9766036177139179,1.01959174838591,1.1082924762378095,1.0565668711647251,1.106896243784994,1.1331901073538455,1.1636429022703838,1.3079753274057213,1.3208470069220053,1.329494578029565,0.0037968608280918303,0.04373400434379704,0.00958319566387304,,
Qatar,0.037446300000000016,0.037446300000000016,0.04109778000000001,0.05887080000000001,0.04836348000000001,0.07463178000000002,0.04076244000000001,0.05779026000000001,0.05510754000000001,0.16252812000000003,0.17664966000000001,0.16107498000000003,0.18834930000000003,0.19505610000000004,0.22095180000000003,0.20343960000000005,0.21610800000000002,0.20902860000000004,0.21834360000000003,0.23101200000000005,0.23473800000000006,0.2842938000000001,0.2961278112517668,0.3085853667220207,0.3218520145727439,0.33511866242346705,0.3493407737983979,0.4828015501482028,0.5842571730163068,0.7691341691063301,0.9277740000000001,1.0060200000000001,1.0991700000000002,1.1699640000000002,1.4594742000000003,1.7065080000000004,1.8890820000000006,2.3548320000000005,2.86831206,3.327318000000001,4.432005350698585,5.412812364000001,5.851667872440001,6.044011689269057,6.099308201529352,6.327490281796324,6.283769206099998,6.136830750198405,6.086380676290261,6.195747237734122,6.167473960101748,-0.007283108501661362,0.06414286691531768,0.04445607427680883,,
Saudi Arabia,0.0553014,0.046135800000000005,0.0522918,0.06156000000000001,0.07790760000000001,0.092682,0.10005209999999999,0.1408014,0.19415340000000003,0.23837400000000003,0.33256080000000005,0.38775960000000004,0.41098139999999994,0.4013028,0.6224400000000001,0.6429600000000001,0.86184,0.9165599999999999,0.99522,1.01916,1.1463840000000003,1.202814,1.3081500000000001,1.369368,1.4627340000000002,1.468206,1.5188220000000001,1.5506280000000001,1.6012440000000001,1.5800400000000001,1.703502,1.8361979999999998,1.9391399999999999,2.054052,2.2462560000000003,2.4364079999999997,2.5123661999999998,2.545164,2.751048,2.6829899999999998,2.9979720000000003,3.155292,3.3970860000000003,3.421026,3.5013959999999997,3.57219,3.7914120000000002,3.933007524,4.0356,4.0014,4.035602087294056,0.005791935843172391,0.04078084669365456,0.029089223125220873,,
Syria,0,0,0,0,0,0,0.0011304000000000002,0.0012582000000000001,0.0012132,0.0012510000000000002,0.0016839,0.0016992,0.0017729999999999998,0.0026910000000000007,0.0045449999999999996,0.0054,0.013653900000000002,0.0134433,0.031800600000000005,0.05205330000000001,0.05731830000000001,0.0669006,0.0691992,0.06849000000000001,0.0742428,0.09361980000000002,0.09975420000000002,0.1547208,0.1950975,0.19340100000000002,0.19340100000000002,0.19815120000000003,0.2191878,0.2324205,0.21375899999999998,0.20697300000000002,0.21206249999999996,0.20358,0.200187,0.22088429999999998,0.3033342,0.2670291,0.2188485,0.17982900000000002,0.16625700000000002,0.14589900000000003,0.1272375,0.125541,0.1248624,0.11977289999999999,0.10796199828723078,-0.1010736138990207,-0.05936881770553293,0.0007782062228359467,,
United Arab Emirates,0.029238300000000002,0.0516321,0.05240430000000001,0.06091605,0.0610038,0.05826600000000001,0.06809399999999999,0.13688999999999998,0.200421,0.214461,0.2639520000000001,0.310986,0.33344999999999997,0.293436,0.3861,0.46437300000000004,0.5342220000000001,0.592839,0.609336,0.7153379999999999,0.705861,0.835731,0.7781670000000002,0.8069490000000001,0.906282,1.0993320000000002,1.18638,1.2744810000000002,1.3011570000000001,1.3509990000000003,1.3471380000000002,1.381536,1.522989,1.5721289999999999,1.624779,1.677429,1.712529,1.765179,1.763424,1.7142840000000004,1.7999982,1.8360108,1.9059300000000003,1.91646,1.9039852367820844,2.109554467811672,2.1427495964183363,2.1418269513120443,2.0892189206649023,2.088970090248851,1.995551365246515,-0.04733004632206628,0.01996423851316531,0.014384232554606972,,
Yemen,0,0,0,0,0,0,0,0,0,0,0,0,0,0,0,0,0,0,0,0,0,0,0,0,0,0,0,0,0,0,0,0,0,0,0,0,0,0,0,0.028148399999999997,0.2251908,0.3392289,0.27420839999999996,0.37270709999999996,0.3514203,0.1028286,0.0180405,0.01082403,0.0036080100000000005,0.0036080100000000005,0.0036543006615832583,0.010062675421117273,-0.18570568670109378,0.00002634074544815052,,
Other Middle East,0.004651429987008001,0.004353926364864001,0.0043040162177280005,0.0018682053114240003,0.0022831445738880005,0.0020864398763520003,0.0020101067101440002,0.001997384515776,0.0019650897146880003,0.0013994413804800003,0.000066546862848,0.00007046138419200002,0.0015687444286080002,0.0022224694930560005,0.0019406239562880004,0.0018261242069760005,0.0013691038400640003,0.0015599367555840001,0.001431736181568,0.004265737499898001,0.005524439605182001,0.0053336066896620005,0.005595441274872001,0.0063104224819140005,0.008721594330696001,0.008844901753032,0.008282648042802,0.00918602578359,0.009103841223498001,0.008982970182936003,0.008546939397918002,0.008243523217494001,0.007488418166676,0.0083973185427195,0.04949626041085051,0.06402340081371152,0.08700194692497153,0.10148815050729301,0.1245438529555905,0.09850193429708702,0.11717531053254003,0.15233158593846452,0.09076459003281821,0.22504707697127402,0.2639197147129965,0.29038878883578245,0.32570822160000007,0.3431872836,0.3647591172000001,0.36843812781272733,0.5404793062450911,0.4629392186660155,0.14101664735694452,0.0038958556353780667,,
Total Middle East,0.37221938021626244,0.5816407364046261,0.7201256913819342,0.8235244764524821,0.8634230612163809,0.9503833433616142,0.9874874900533354,1.1193451227865527,1.0825286507858085,1.3245044859731454,1.232533272450575,1.3294545415941217,1.4869368257459545,1.49882174135968,1.9150884997450583,2.0689777169649006,2.475418909349633,2.702367396877086,3.006172614997518,3.3741103484998987,3.625965590605183,3.820752035689662,4.07835879332664,3.781470528203934,4.3960799906034405,4.987180859376499,5.3691073732812,5.780197487831793,6.208614230239805,6.727447957689266,7.346386448403358,8.00246198654903,8.802234302599297,9.266333127687027,10.283576409932019,11.15649500495585,11.939003529706447,13.056386081041767,14.124296850844843,14.895939630889755,17.08713056804623,18.71897825722353,19.63655260756125,20.253323755928736,20.973244113633516,21.629135369851774,22.465898610630628,23.021705973500634,23.87952456377673,24.41562378188621,24.71691368676294,0.009574088948463455,0.050654662366002245,0.1781632087724418,,
Algeria,0.08776845,0.0925155,0.11722095,0.1555785,0.17986815,0.22148280000000004,0.27896715,0.266995575,0.41406750000000003,0.6787242,0.554751,0.6431343480000001,0.8391603240000001,1.2016534680000004,1.2231317520000002,1.3441721400000004,1.374819516,1.5516280800000004,1.6220919240000002,1.7489938320000002,1.8596509560000003,2.0053097280000003,2.088040896,2.1148782840000004,1.9443917880000001,2.213686764,2.349046008000001,2.694917556000001,2.885835636000001,3.243848904000001,3.307990680000001,3.1130114040000008,3.201897168,3.378873204000001,3.3139778040000003,3.056823,2.9267815500000003,2.9392555500000004,2.97362835,2.7564075,2.7862758000000003,2.865555,2.823975,2.8561995000000002,2.8862064,2.9308009499999996,3.29012145,3.3471553500000004,3.378375,3.1302810000000005,2.9324294999999996,-0.0657652148350315,0.012800693906476424,0.021137390203323156,,
Egypt,0.0029452500000000004,0.0029452500000000004,0.0024601500000000004,0.0019750500000000003,0.002079,0.0017325,0.013167000000000002,0.015939000000000002,0.025640999999999997,0.03880800000000001,0.075537,0.08454600000000001,0.0925155,0.1084545,0.13929299999999997,0.17082449999999996,0.196812,0.21760200000000002,0.23977800000000002,0.268191,0.27962549999999997,0.314622,0.340263,0.39119849999999995,0.419265,0.433125,0.46084500000000006,0.47124,0.48510000000000003,0.5821200000000001,0.72765,0.87318,0.9459449999999999,1.0429650000000001,1.14345,1.472625,1.8953550000000003,1.9296585,2.0433105,2.1722085,2.1247380000000002,2.129158109925,2.109534532875,1.94273412795,1.6905977550000002,1.5332625,1.4490629999999998,1.7572553524291994,2.1080997569091795,2.3377930814699996,2.1047555563650002,-0.1021425827799457,0.0073733467179570855,0.015171392689065345,,
Libya,0.0100548,0.0242136,0.0968544,0.15496020000000002,0.13936500000000002,0.158517,0.1634418,0.17274420000000001,0.17513820000000002,0.232047,0.17681400000000003,0.10773,0.11456999999999999,0.126882,0.15732,0.17784,0.19151999999999997,0.171,0.1881,0.23255999999999996,0.21203999999999998,0.223668,0.231534,0.217512,0.218538,0.216828,0.219564,0.224694,0.217512,0.17784,0.201096,0.211356,0.20178000000000004,0.1881,0.27565200000000006,0.38646,0.45126900000000003,0.522576,0.54378,0.54378,0.5750388000000001,0.268641,0.41723999999999994,0.43776000000000004,0.5650982999999999,0.5298606000000001,0.5325102,0.48937680000000006,0.4746951,0.5221562285131861,0.47901582849960095,-0.08512622085695987,-0.004049570470769259,0.0034528176996460416,,
Nigeria,0.0037962000000000004,0.0070281000000000015,0.009422100000000003,0.014432399999999998,0.013474800000000002,0.0120726,0.0224181,0.0295146,0.035756100000000006,0.047127600000000006,0.05696010000000001,0.0838926,0.0873981,0.09907740000000001,0.0953154,0.09028800000000001,0.10530180000000001,0.1042758,0.12536010000000003,0.1451448,0.13820220000000003,0.13481639999999998,0.14593140000000002,0.16628040000000002,0.1518822,0.1652886,0.18594540000000004,0.17908550762956668,0.21663680543755312,0.15615779372982158,0.40336070533559903,0.549408326253186,0.6170540917926934,0.7701800084122197,0.8241910887316802,0.8274235207871422,0.9680942967527737,1.2108322009128458,1.1800518747669038,0.8349097956004714,1.1126400262712894,1.31132936026941,1.4097708916199303,1.1915845503837572,1.439371199476475,1.7123502751632003,1.5349327504992005,1.6994022822333004,1.7377039367117995,1.7740493499249,1.7795210148504,0.00034361256634629633,0.07828264189020917,0.012827053494689824,,
Other Africa,0.004055085000000001,0.006579997164000001,0.008527846404600001,0.027013599431999998,0.034591037844600006,0.021387235140000002,0.016221633444000003,0.018723282552000002,0.021482195832,0.023281002432000004,0.029830099716000005,0.033789994452000004,0.036762490404,0.036977216400000006,0.036082345752,0.03731691477600001,0.040061958624,0.03981561303600001,0.04778618230800001,0.043779052512000004,0.108207478908,0.106010100468,0.10404878133600001,0.11039501419200001,0.10864939518000002,0.11281043660400002,0.14456960532000002,0.179862621984,0.188454432697875,0.22024598533875003,0.22354736121225005,0.25133159241765,0.2512501241953501,0.222497075384325,0.3332388459977918,0.38050224424454626,0.38990499787193117,0.4441345108188467,0.5640906598899577,0.5815652875002104,0.6563814742477073,0.647401338347183,0.681685340607142,0.7393818357918236,0.7449026520948082,0.781453016306923,0.8209779677487853,0.9685576075516896,0.9928894839546352,1.011680457654812,1.0310494453778634,0.01636081097587816,0.05692577349740424,0.007431958533315746,,
Total Africa,0.108619785,0.13328244716399998,0.23448544640460003,0.35395974943200004,0.3693779878446001,0.41519213514000003,0.494215683444,0.5039166575520001,0.6720849958320001,1.019987802432,0.8938921997160001,0.953092942452,1.170406414404,1.5730445844000005,1.6511424977520002,1.8204415547760004,1.908515274624,2.084321493036,2.223116206308,2.438668684512,2.5977261349080005,2.784426228468,2.909818077336,3.000264198192,2.84272638318,3.141738800604,3.3599700133200012,3.7497996856135676,3.993538874135429,4.380212683068573,4.86364474654785,4.998287322670837,5.217926383988043,5.602615287796546,5.890509738729472,6.123833765031688,6.631404844624706,7.046456761731693,7.304861384656861,6.888871083100681,7.255074100518998,7.222084808541592,7.44220576510207,7.167660014125581,7.326176306571282,7.487727341470124,7.627605368247985,8.261747392214192,8.691763277575616,8.775960117562898,8.326771345092864,-0.053776396830427675,0.024506358938676476,0.06002061262004011,,
Australia,0.062294308631999994,0.09297604569960001,0.13346734631040003,0.16944767974440003,0.19332716472,0.2076118941132,0.2450779826094,0.279966375576,0.30141137032920007,0.34695065801880004,0.3983971646304,0.4317998025348,0.42113100714839996,0.45746935385040005,0.45114214956370924,0.4822294440612996,0.5267854125090109,0.5378205270712284,0.550776203809632,0.6374723029739173,0.7420012936265701,0.7767539995645981,0.8400094306158709,0.8778205006971157,1.0076837990412133,1.0654548606413208,1.0668133061854204,1.066955294247509,1.089853484693309,1.1056511913260192,1.122923895103983,1.1750874421735928,1.1880417490688666,1.2148281306889677,1.293491253954949,1.3764700690597984,1.46456017885815,1.539042652593207,1.5005845236659745,1.6811133416242714,1.8945183399668197,1.9498781340075313,2.086632299356882,2.169000696541073,2.337393886427482,2.6675466913363786,3.3839254295816112,3.9644865808359255,4.536567913835177,5.153364677830635,5.130576547310096,-0.007142149164675482,0.1185345107418514,0.03698196272016497,,
Bangladesh,0,0,0.015826104000000004,0.02189696400000001,0.024074100000000005,0.024199704000000002,0.031861548,0.03554593200000001,0.039230316,0.045133704000000004,0.050827752000000004,0.049009883682375015,0.06362944858462499,0.0708018659964,0.08172238662472502,0.09280970765797503,0.10465253640765,0.1229613337953,0.14472388074374998,0.15299521847032502,0.16467124681507503,0.1695869528661,0.1849325901192,0.20700911430045002,0.21954858003539998,0.24272402453145,0.260512797127275,0.25607786871397503,0.27671205998205,0.30169287356670005,0.32609479162837507,0.3651555217464,0.384160956119325,0.41322347373037505,0.444248349046425,0.4774808767806001,0.5170812552674999,0.5521093403017501,0.58955112531315,0.6748825792206364,0.6931341767715751,0.7049573819442001,0.7681060528911,0.7903003185346502,0.8288017767067501,0.9307462594815001,0.95223407635125,0.9573362063842501,0.95694373484325,0.9102396214642501,0.8896985327478433,-0.025237265531802833,0.03036892385490253,0.006413080024605963,,
Brunei,0.007686900000000001,0.0076167,0.015637050000000003,0.06828704999999999,0.1482273,0.1943838,0.2563704,0.2942082,0.28836405000000004,0.30210570000000003,0.3032289,0.2935764,0.2932254,0.3058263,0.3094767,0.30170205,0.30249180000000003,0.3017898,0.3135483,0.3072654,0.31328505,0.318006,0.3422952,0.36242505,0.3647241,0.4128111,0.4092309,0.40954680000000004,0.37806210000000007,0.3941028,0.3965598,0.40003469999999997,0.40221090000000004,0.43362540000000005,0.429365599416,0.4215399294599999,0.4412205570785707,0.4301146273021385,0.4265999046738,0.40062993387300005,0.43111251721102506,0.449236476,0.4410459510210001,0.42844729355999994,0.45677327111342725,0.4784922754209261,0.46594240840008466,0.46277669317804504,0.45234979598512737,0.4672848980509627,0.455068430522,-0.028804320346430656,0.01550913632221329,0.003280201275139733,,
China,0.10413274336283185,0.13569911504424778,0.1756106194690265,0.2169734513274336,0.2732123893805309,0.3211061946902654,0.36646017699115035,0.43975221238938045,0.4981681415929202,0.5264690265486724,0.5177610619469026,0.46224778761061935,0.4328584070796459,0.44301769911504413,0.45099999999999996,0.46914159292035396,0.4992566371681415,0.5039734513274335,0.5173982300884955,0.546025663716814,0.5550601769911503,0.5620265486725664,0.5729115044247788,0.6082876106194689,0.6370964601769911,0.6512831858407078,0.7298,0.8237371681415928,0.8446362831858406,0.9142637168141591,0.9869026548672565,1.1004327433628316,1.1850451327433627,1.2704557522123894,1.504300884955752,1.7894867256637164,2.124489380530973,2.5122477876106193,2.913539823008849,3.093830973451327,3.475602654867256,3.821961946902655,4.013210619469026,4.385185840707964,4.722510619469026,4.884079646017699,4.965898230088494,5.371181415929202,5.811078761061945,6.3921539823008855,6.984513274336282,0.0896843104876257,0.07526389780083842,0.05034541579258301,,
India,0.022782478329765,0.024142387499999998,0.026481262499999998,0.0264119625,0.029894287500000005,0.038270925000000004,0.0464916375,0.04965345000000001,0.055457325,0.06897082499999999,0.0407917125,0.0712144125,0.09336442500000001,0.1110879,0.12722613750000003,0.1556218125,0.2174408775,0.25047722699999997,0.293417586,0.34885654650000003,0.41733846,0.464788863,0.5196488220000001,0.5280150645,0.570849048,0.650801844,0.7103419785000001,0.7722947925,0.8475435045000002,0.868441266,0.9130569525,0.915398946,0.9559588500000001,1.023368346,1.012959486,1.0264369500000001,1.0147252500000001,1.04272245,1.0581070499999998,1.3013977960721435,1.7074507576591076,1.545602196507312,1.3416416209393383,1.1182726117931516,1.0567878557738568,1.0131401187986713,0.9569633723280055,0.9969596763371199,0.9897454887127456,0.9686161850950655,0.8553800287476745,-0.11931791150044657,-0.029100750299771216,0.006165707117517873,,
Indonesia,0.046040399999999995,0.05481000000000001,0.04059594,0.06292188,0.06496812000000002,0.08513820000000001,0.08586900000000001,0.2068164,0.39755520000000005,0.5766012,0.6763554000000002,0.6858558,0.6971831999999999,0.7954758,1.072449,1.180242,1.2281094000000001,1.3121513999999999,1.4330988000000002,1.5076404,1.6034337750231362,1.760731623318213,1.8659189913985532,1.938512347262694,2.2087184778680493,2.2186954614466545,2.3377960638964166,2.4000831829577574,2.3600345111317127,2.5591980369799083,2.5446392940345937,2.470553904088494,2.7212487401838064,2.849646447048114,2.725008831621972,2.7457120978812632,2.7142955716465265,2.612848635748071,2.693877881952159,2.809586056235932,3.132018553198311,2.9764455459674672,2.818784518780041,2.794451532992658,2.750384792689947,2.7418392243939067,2.7028787172357602,2.617379576971992,2.620860300031428,2.433003689894085,2.2734887522671556,-0.06811607241603213,-0.01428800179298717,0.016387646788963612,,
Malaysia,0,0.0029834969417617853,0.004177833832863044,0.004177833832863044,0.00870934516924492,0.010498547100012436,0.012498364088825684,0.01143632645570145,0.08516014031353386,0.10567481756115689,0.09399366,0.079172388,0.09960397200000001,0.240196716,0.3648796200000001,0.40314697200000005,0.5421906000000003,0.5862357360000003,0.6052019400000002,0.6550248600000003,0.648409716,0.76995252,0.8060427360000001,0.8684679240000001,0.9198818280000002,1.018397232,1.3012574400000003,1.4871094920000003,1.4841368640000003,1.5201852120000001,1.7885590920000005,1.7648618040000004,1.8211742640000004,1.898002044,2.165119884000001,2.437199266827445,2.428772071034263,2.4346331399652934,2.491382696282962,2.3819648360963965,2.3429541119032486,2.4102420159446125,2.493025952106798,2.613189621234245,2.598267882317061,2.7664563471323973,2.761037318205339,2.8247627261746113,2.7802075452488686,2.853530406696299,2.6350012245451575,-0.0791050407309819,0.018227250810360696,0.018993482731450267,,
Myanmar,0.00026527500000000004,0.0005128650000000002,0.0005482350000000001,0.0006631875,0.005933317500000001,0.006366600000000001,0.008842500000000001,0.008135100000000001,0.009549900000000004,0.009549900000000004,0.0123795,0.014855400000000001,0.015916500000000004,0.021222,0.022636800000000006,0.032540400000000004,0.03784590000000001,0.042090300000000004,0.036784800000000006,0.038553300000000006,0.0300645,0.030418200000000003,0.0307719,0.03890700000000001,0.0505791,0.0580068,0.05659200000000001,0.0534087,0.062251200000000007,0.060836400000000006,0.120258,0.24759000000000003,0.29710800000000004,0.339552,0.360774,0.43151400000000006,0.4456620000000001,0.4782024,0.4385880000000001,0.408685401757287,0.439483586530662,0.451800857306043,0.45039966509472756,0.4629939092040021,0.5955549052437215,0.691800614822957,0.6580827320860564,0.6407601002586271,0.6109815006598033,0.665348579743772,0.6364542436042235,-0.046040952206018115,0.04994369741051474,0.004587657331104931,,
Pakistan,0.10477413,0.10447353,0.09682326000000001,0.11029014000000001,0.12201354000000002,0.13707359999999996,0.139779,0.1527048,0.1569132,0.17675280000000002,0.2158308,0.2353698,0.25671239999999995,0.25310520000000003,0.2597184,0.2651292,0.2843676,0.3045078,0.32284440000000003,0.34418699999999997,0.3676338,0.3970926,0.3895776,0.44849520000000004,0.4572126,0.46893599999999996,0.509517,0.508014,0.535068,0.6102179999999999,0.64629,0.6823619999999999,0.7397765999999999,0.9198136893016002,1.1043574141962105,1.1739667910945129,1.199501224015491,1.2168091909399095,1.2458739945702597,1.249260086115018,1.2725422318998898,1.2722272862308197,1.3175003005573769,1.281086231227233,1.2595208202362813,1.2617123824425724,1.248432791938732,1.2474539152631272,1.231203740184528,1.1767042648018888,1.1019931936669078,-0.0660505649763039,-0.005965526173522195,0.007943331676326302,,
Thailand,0,0,0,0,0,0,0,0,0,0,0,0.009812019429858758,0.05000964741669947,0.05887211657915255,0.0878861525276596,0.11552861586769182,0.13478338517897379,0.18831164386433763,0.22319495552126456,0.22297022862464522,0.24299518870837844,0.30114459202845,0.32127716780915583,0.36160456766587545,0.3997290109022137,0.42321982946197767,0.48925261011322185,0.6022891840569,0.6538919658111356,0.7162774183796893,0.7522210611685525,0.7316812338287147,0.7647994370441198,0.799843117190653,0.8333126540049982,0.8826386252291656,0.9061294437889295,0.968514896357483,1.072725928093552,1.0580303188856328,1.2137436383059703,1.216939930011643,1.3841948746739186,1.401650932014771,1.407311834192288,1.3491816856415275,1.3418534787000318,1.2940745358726384,1.2502121713815382,1.287816735846472,1.1774306204630862,-0.08821374639295487,0.019848344307856314,0.008487095925773885,,
Vietnam,0,0,0,0,0,0,0,0,0,0,0,0.00034740000000000004,0.0006600600000000001,0.0022754700000000004,0.0019801800000000002,0.0012332700000000003,0.00128538,0.00128538,0.00097272,0.00114642,0.0013896000000000002,0.0025012800000000003,0.0072954,0.008685,0.008685,0.00505467,0.009970380000000003,0.018446940000000002,0.031266,0.04516200000000001,0.055584,0.06948,0.083376,0.08243802000000001,0.14451840000000002,0.22372560000000005,0.24318,0.24595920000000002,0.26051526,0.2782674,0.32662547999999997,0.29459520000000006,0.3249927,0.33874974,0.35469540000000005,0.3703284,0.3685914,0.34274484,0.34774740000000004,0.35469540000000005,0.31365356399999994,-0.1181261808042049,0.0245645439069877,0.002260861777216125,,
Other Asia Pacific,0.1956832259057482,0.21977409538642284,0.23843495369337658,0.24671447287911716,0.2582714678599157,0.25384547537837054,0.2814171198175997,0.31724154263472587,0.3047344388847874,0.271766618908472,0.2788900796158003,0.26728390287629417,0.2781304962037378,0.291684874092746,0.32050575313888174,0.35032802772175303,0.36852780979533284,0.36727516223777684,0.38561928745717133,0.2196471092595348,0.2867854326515483,0.29291610930961176,0.3011818597904961,0.2980568863179592,0.29108677379252434,0.28347310958949923,0.3061900824203005,0.3190046450506376,0.2968416272459248,0.31887589484959317,0.3352810131155787,0.3551331218612225,0.40424123410500684,0.39261182180995285,0.38013197701857127,0.4067028324761978,0.5232096108498736,0.6208123543305164,0.6544630462204478,0.6656094504342545,0.6428428777628399,0.6381345458233703,0.6366610445655182,0.6553662126804599,0.8296542925856538,1.005882227216679,1.039420205334988,1.0463854876732215,0.9702897924302915,1.033899307801122,1.0215330257284647,-0.014660379206251628,0.045023066241424825,0.007363362757878379,,
Total Asia Pacific,0.543659461230345,0.6429882355720324,0.7476026048056661,0.9277846217838139,1.1286310321296917,1.2784949402818484,1.4746677290069756,1.795460339055808,2.136544082120442,2.4299752500371015,2.588456030693103,2.600544996633947,2.7024249634331086,3.0510352956337425,3.550623279354976,3.8496530927290737,4.2477373385591095,4.518879761296075,4.827581103620314,4.981784449545238,5.373068239815859,5.845919288759539,6.181863202158055,6.546286265363563,7.1357947778163915,7.498858117511609,8.187274558242635,8.716968067668374,8.860297600549973,9.414904809916068,9.988370554418339,10.277771417061258,10.947141863264486,11.637408241982051,12.39758873421488,13.392873764472698,14.02282654307028,14.65401667514899,15.345809233781155,16.003258173765904,17.572028926076705,17.732021516645652,18.07619559945573,18.438694940490212,19.197657336755498,20.161205872705214,20.84526016025035,21.766301754878764,22.5581881443747,23.69665774952544,23.47479143793889,-0.012069427217552442,0.040034793373026956,0.16920980591872503,,
Total World,35.13956847329005,37.58183777237302,39.43558839677338,41.33273214355219,42.198524633719806,42.306877112006795,44.1292636071513,45.9900847479693,47.549420082162435,50.75635284154341,51.42421296999186,52.30964314389717,52.5482661321403,53.01805074931155,57.55584768361886,59.07373083174437,60.60235185502226,63.63964898375427,66.44492803590508,68.67163550587334,70.90923974702788,71.85439618465068,72.0655850192257,72.88629084791586,73.95270609068115,75.18023591480794,78.83953848178183,78.77838557920327,80.86410726806919,83.16958608399091,86.42550417935117,88.46675566913257,90.53359227689887,93.77183101120413,96.93371061844603,99.28979204429764,102.67688280911524,105.41921089895918,109.27644865223921,105.89070238363811,113.42768254502396,117.28658633613449,119.76583995635849,121.17792443015995,123.76416683854937,126.41966174243808,127.87452294731786,132.34371472587227,138.70283346050041,143.1436274725771,138.7318619655785,-0.03346858253330931,0.030603039494889295,1,,
