Billion cubic feet per day,1970,1971,1972,1973,1974,1975,1976,1977,1978,1979,1980,1981,1982,1983,1984,1985,1986,1987,1988,1989,1990,1991,1992,1993,1994,1995,1996,1997,1998,1999,2000,2001,2002,2003,2004,2005,2006,2007,2008,2009,2010,2011,2012,2013,2014,2015,2016,2017,2018,2019,2020,2020_2,2009-19,2020_3,ddd,eee
Canada,5.226209642497807,5.713718882646166,6.433347322915984,6.911756712878425,6.768360800275241,6.91359984800186,6.95536750568974,7.326462115651132,7.07026633349377,7.455481574291529,6.872653040109389,6.6592472009679335,6.990089955624382,6.574462985289958,7.186048959697155,7.789900011087437,7.306279786049527,7.919822605938317,9.12072192862915,9.716556802640108,10.008831954838692,10.534272915827328,11.575172599268058,12.777525027532299,13.830489692199048,14.778097778070922,14.85127012747854,15.454363889121431,16.022610671638706,16.500190686483,17.011311719967345,17.359258552065718,17.485360922833593,17.032987353030382,17.052852280240288,17.33344740390014,17.357146928755007,16.90064202720531,16.064466278935118,15.0015549330686,14.473310471642343,14.616528359645676,14.502670506791928,14.698673650888399,15.382834765932198,15.553513432224705,16.594352658041842,16.825450821894187,17.103546532407943,16.349803438235753,15.939347146153478,-0.025104662183422888,0.008643341542893701,0.04286697529330062,,
Mexico,1.0672098010429982,1.0563605394110271,1.0949497003775672,1.193015796020442,1.2506424582360567,1.271234397135502,1.2432973384591477,1.3221496412047433,1.6550351580530733,2.009110693761539,2.423323168751157,2.617920172796526,2.791533229214331,2.8151268276390535,2.761429210662752,2.6862139159305363,2.3860723337652194,2.4253047215738026,2.450145622832663,2.3584853049427137,2.5529249776198113,2.5890095028172406,2.502664463602447,2.6876112607418596,2.8273992457474146,2.823842768979185,2.972320032418578,3.009628953811429,3.186457778763434,3.3123477992945465,3.220646000818558,3.2064459879118004,3.2632422478042464,3.3708965802191133,3.5726710204743517,4.287286243773274,4.687871500705754,4.533684206646876,4.5571910766843935,5.0875416483058835,4.951581813025619,5.040707606319974,4.906440411042028,5.078349007846402,4.963384209729204,4.638987036740474,4.211845098021367,3.702567598088953,3.404819912177031,3.02785873465004,2.9015696297393347,-0.041709047871185345,-0.05057040930615675,0.007803425854856517,,
US,55.290405975187554,56.85763188640509,56.518416398001726,56.62172154026032,54.12791424602124,50.121807355227574,49.577599901650764,49.93035254044129,49.72593365566069,51.23448183826019,50.66503417126293,50.271894537216994,46.74982722988075,42.34603473209975,45.83036331847202,43.33362890752768,42.21183108783565,43.73030648151351,44.78859924708581,45.54592958818332,46.76802286355388,46.51941130158988,46.76480687779408,47.42613315849022,49.37578637462894,48.697551147413996,49.23134879332857,49.49276413848717,50.052781338454636,49.35713138414497,50.03878110090001,51.462169697491255,49.4626609554846,50.10384395194213,48.54416055684003,47.35462151097428,48.54305669202296,50.494054802824465,52.689039628267224,53.94750185857067,55.64792082906847,59.73098274558631,62.63285298991349,63.43991129960063,68.18404891446687,71.62618558473771,70.18124473078284,72.19388169939276,81.36267681918049,89.97861815326732,88.25008285045371,-0.01921051176702082,0.05248714004488564,0.23733808458366237,,
Total North America,61.58382541872836,63.627711308462274,64.04671342129528,64.72649404915919,62.14691750453254,58.306641600364934,57.77626474579966,58.57896429729717,58.451235147207534,60.69907410631326,59.96101038012348,59.54906191098145,56.531450414719465,51.73562454502876,55.777841488831925,53.80974283454566,51.9041832076504,54.075433809025625,56.35946679854763,57.62097169576614,59.32977979601238,59.64269372023445,60.84264394066459,62.891269446764376,66.0336753125754,66.29949169446411,67.05493895322569,67.95675698142003,69.26184978885678,69.16966986992252,70.27073882168591,72.02787423746878,70.21126412612244,70.50772788519163,69.16968385755466,68.9753551586477,70.58807512148373,71.92838103667665,73.31069698388673,74.03659843994515,75.07281311373643,79.38821871155196,82.04196390774744,83.21693395833543,88.53026789012827,91.81868605370289,90.98744248684605,92.72190011937589,101.87104326376547,109.35628032615311,107.09099962634653,-0.020714683171834558,0.03977585244302917,0.28800848573181953,,
Argentina,0.5664326731438125,0.6121142450393807,0.5802739377454422,0.6336142227492413,0.6819774111206566,0.723754173060167,0.6881838711877544,0.7122749727074187,0.7348570061882351,0.6802837586095954,0.7877894314912451,0.8219389727986335,0.9211587824049707,1.2363663330747003,1.2648920893933635,1.3069351877022517,1.4593639136977625,1.425490863476538,1.685271656194719,1.7868033991696013,1.678597822074022,1.8752496969694654,1.8851396198748274,2.0248556687798747,2.095424523407426,2.353236072313414,2.7146385865096447,2.5762336529364758,2.7841765445723277,3.252753739299268,3.5103570522407814,3.4945696811563445,3.3976551208011734,3.861527725219611,4.211302445992149,4.293409115540227,4.337632264440159,4.2181356706041715,4.134357971711544,3.89924099795839,3.773056828998863,3.649295805382718,3.540266284282217,3.3433652194057983,3.336595058022142,3.4338569309931692,3.597305554303012,3.594344562791145,3.814505027996729,4.026434289307143,3.6946828476720017,-0.08239335794356839,0.0032150847614693667,0.00993640937081654,,
Bolivia,0.004050833666558795,0.004050833666558795,0.10772708840028855,0.16653427295852827,0.1742983708194326,0.17182286135653554,0.17662753868963976,0.18690096444872661,0.18420040867102078,0.20141645175389558,0.24631349899857635,0.2634167114837261,0.27320622617790985,0.262291479909682,0.2515876377015072,0.2500264557526012,0.25463990520618207,0.2663423135762407,0.280763724143252,0.2969486123902405,0.30347495551969633,0.30167458500122585,0.27316985340536254,0.2732952176612903,0.29469074820845714,0.29445335820846574,0.29653814575423915,0.2506320208127997,0.26176391711376457,0.21076623163616784,0.3012748456174548,0.43994283902509057,0.5636651453219594,0.6477955902504056,0.9089068174532724,1.1244170481782712,1.2041131991342762,1.2897294532407502,1.3307663756346464,1.1495729854376302,1.3269123837873429,1.454577204193657,1.6537859933824575,1.8939750958215071,1.9618334728053402,1.892536531985943,1.8115211353324787,1.764356801786524,1.6482788744772872,1.446483129752692,1.3903607265463256,-0.03879921034126532,0.023240408329502582,0.0037392095402112996,,
Brazil,0.007846747613688126,0.012456711836729898,0.01692222944215631,0.019420700343878113,0.0373701355101897,0.04070500324600715,0.04675621776503303,0.05836018537680542,0.07680004226897252,0.08415636815680515,0.0981098042224438,0.0882759106539914,0.1261364678900366,0.17056867625254563,0.19798030283771312,0.24903615238942686,0.29003540867094735,0.3239725921001485,0.3251415645417779,0.3342714483431141,0.30433630236558434,0.3163865526759251,0.35743064556273935,0.41985386479436193,0.45852656040842393,0.5060634325486337,0.5515025981138005,0.6019614776658714,0.6305674826819876,0.7404007630550645,0.7438959461048763,0.7618096450418509,0.9203654835900875,0.9998511041647266,1.096662858099653,1.0876374913076683,1.1105708223046726,1.1182397626299896,1.3871203548249746,1.1878248716347684,1.4532760868994594,1.6667519511752849,1.9136349416915424,2.123678133703174,2.25894602794614,2.303144403229761,2.3276393567442986,2.629870517151899,2.4345209188371477,2.4910408560689237,2.308785841185923,-0.07316420139756952,0.07686892202619111,0.006209204473943783,,
Colombia,0.12087531695981577,0.12582178851811374,0.1532762488161708,0.15925461486471235,0.1656934937342425,0.1443136100649048,0.14616024784031695,0.16616999979633768,0.220675520625035,0.2520983137858411,0.2686688381998723,0.295278954499159,0.3147939337325809,0.3458466485812014,0.35064516944170837,0.35863732907033574,0.3495329188280699,0.3683295107496022,0.3542152309482385,0.3589759628200479,0.3797148611774302,0.3759947275555905,0.3841096716579864,0.37708077436716786,0.38898858829455213,0.4078021119035699,0.43871713948557245,0.5489736845336439,0.6278801858416125,0.5508023067820904,0.5534374337091119,0.5746124311727648,0.5803874304810337,0.5563249333632463,0.5919374290975719,0.6236999252930513,0.6544999216038192,0.7022184436825848,0.8412670910136182,0.9783438354376781,1.0491248743355337,1.0203370084829475,1.112088408460411,1.279404353081366,1.1932325387512162,1.1233270812656646,1.1598070779131038,1.188889519477296,1.2439002743276546,1.2765417838576685,1.2792681908687606,0.002135775769793513,0.026961948465197505,0.0034404393999731835,,
Peru,0.03846032812357775,0.04591027061724897,0.04402030569774795,0.043209666463293155,0.04451340639968562,0.054943325890825345,0.059436699676284156,0.05918048068410085,0.061834522697471236,0.05717830863892672,0.06129409654116803,0.07058820512753493,0.07408036567144331,0.04879712333354657,0.06575184901688935,0.051404603206331514,0.05452426662555634,0.05419833164145822,0.05098554394106251,0.043349352885049486,0.04148686726163168,0.038925949529432194,0.035011930903061136,0.036970339624843494,0.03855345240474864,0.03734283674952706,0.037798026200386955,0.02244295176218459,0.03808783099889418,0.03827407956123596,0.03208653084086903,0.03445598403322945,0.04116093227753356,0.048703999052375685,0.07986806519000683,0.14125575900171036,0.16531560362682823,0.24915697197477116,0.33751009220083594,0.34693510272710437,0.7077393030564441,1.1107710153705488,1.1538124958596632,1.1996463931070414,1.2700923218716014,1.2245689725581894,1.3526128735846712,1.2588222907076283,1.2395432574891516,1.3057516283771538,1.1665167323482148,-0.10663199110996802,0.14172427037745527,0.003137207784376541,,
Trinidad & Tobago,0.17190572987271516,0.18029828359683564,0.18584341124837503,0.1789727743479617,0.16350930604859795,0.1486094210612555,0.16681112389261682,0.19661559270797402,0.23472398361310068,0.24262140641889177,0.27337504765881837,0.3019597146184836,0.3669943262507364,0.380210717739509,0.3972996016023826,0.4078311376535453,0.41733707077046994,0.44209603549943705,0.5074721821346442,0.5098348795043924,0.5285951892384555,0.5355410958709278,0.5160959186970712,0.5808356164172251,0.6652432876470312,0.7141613698370324,0.8041712769516183,0.8750621609270691,0.8750621609270691,1.1037074352338194,1.3344958537765872,1.4237000341947808,1.670182157473485,2.4367519519661447,2.75750249306908,2.903575931401216,3.440545136861133,3.6478927943878365,3.6086100476829257,3.730603253288937,3.8984514245157076,3.7428913902747913,3.7179206419412436,3.7488942464389567,3.683097294386556,3.4788190067227545,3.018313176119701,3.083785423817147,3.2858225976921767,3.3438525549184144,2.843048793594001,-0.1497684940048537,-0.0108849602737775,0.007646041037637658,,
Venezuela,0.8280175695465947,0.8024574941183081,0.7954454042699616,0.9825593701403107,1.0384049130928696,1.0099451652420461,1.2485933112938215,1.3666585708515164,1.3790627251034788,1.544558843737889,1.585696369047922,1.5986323646544534,1.7057591513759485,1.6796620995731184,1.852861921889099,1.860676835431845,2.0484574736098247,1.996155974729255,2.0379339103876166,2.098288881167493,2.358990911008525,2.352171311051818,2.3153276894450023,2.5054243683466284,2.6500321060112837,2.9534774552660052,3.184244959519352,3.3109963254372916,3.47267991181244,2.9437044852493073,2.9907119252503573,3.1781483703751467,3.0516904341700735,2.7089384142987423,3.042227912789587,2.944671042723486,3.3810180446778073,3.60375584483859,3.224943660693795,3.0763376497616353,2.9462819718471183,2.9254472885148166,3.0784283364658016,2.959706381210714,3.0755858828372733,3.4893798770607534,3.593096503052997,3.735167774389908,3.0592269234477314,2.474563092800853,1.8092927076058467,-0.26884357369203915,-0.021532391824322095,0.004865877195855259,,
Other S. & Cent. America,0.07165170860663149,0.07544847020840613,0.0722740619248733,0.05586944082003861,0.0638695180282425,0.07334081375019659,0.11373106346093269,0.12320782622783431,0.14043335105570112,0.08999627284854769,0.08036160207124743,0.08155113414072188,0.08611736837434283,0.09431694923737724,0.09957316440752273,0.10311010668740739,0.09565571357873998,0.0942487387249352,0.12579758188855777,0.17933172612265677,0.23170666015066396,0.24567367688429892,0.26755034757869134,0.22150514229048252,0.28946674157159646,0.2769296784104967,0.28149532623408885,0.2702586225669139,0.2562985429875231,0.31611557288145814,0.34846265575935825,0.3671967847027263,0.3419567777593022,0.3149536347707334,0.34053954338095127,0.3665882501477842,0.3939629104721557,0.385482013467006,0.3695811361710922,0.36771541987733597,0.3664927371827158,0.3052864721271797,0.2881059505063434,0.26438644370093994,0.2538424410055925,0.2801631181521074,0.3017909974433593,0.299238027392192,0.2911801349281454,0.3087970329522743,0.25843884410510237,-0.16307860333280777,-0.017310925355008222,0.0006950404833711199,,
Total S. & Cent. America,1.8092409075333944,1.8585580976015816,1.955782687545016,2.239435062687964,2.369636554753917,2.367434373671938,2.6463000738063993,2.869368592800715,3.0325875602230155,3.1523097239503923,3.4016086882312933,3.5216419679767035,3.868246621877969,4.21806002770168,4.480591736290186,4.587657807893745,4.969546670987552,4.970834360497615,5.367581394179869,5.6078042624025946,5.826903568796009,6.041617595538682,6.033835677124742,6.4398209922818745,6.8809260079535175,7.5434663152371435,8.309106058768702,8.456560896642252,8.946516576935618,9.15652461369841,9.814722243299396,10.274435769701936,10.56706348187465,11.574847353085985,13.028947565072272,13.485254563593415,14.68765790312085,15.214610954825702,15.234156729933432,14.736574116123482,15.521335610623186,15.875358135521948,16.45804305258968,16.813056266469495,17.03322503762586,17.22579592196834,17.16208667449362,17.554474917513737,17.016978009196023,16.673464368035123,14.750394683926174,-0.11533713940071666,0.01242516452112663,0.03966942928618538,,
Denmark,0,0,0,0,0,0,0,0,0,0,0,0,0,0,0.023336623674847543,0.11316994786636152,0.1919451076556916,0.24464679906404624,0.2409606983323159,0.30985568613677594,0.3164118774124564,0.39753893263759765,0.41295958618411627,0.45428105726528273,0.49221537989977165,0.5329616377418633,0.645845568998042,0.792781517926451,0.7630579211190006,0.7822441951901733,0.8200997009193792,0.8454572128260238,0.8555155578258109,0.8104525182189293,0.952900634360862,1.0558609398773875,1.0490833920711016,0.9302917897274401,1.0121718372788961,0.847237640287722,0.8258734148752666,0.6634437868504857,0.5780793103122288,0.48120682156637473,0.4644753074806123,0.46378748756066956,0.45350420393678825,0.48860289438581506,0.41533539509054496,0.30985537451465794,0.13312402128410267,-0.5703672350604809,-0.0956940691465834,0.00035802119616345715,,
Germany,1.1622853627001322,1.4319103918460843,1.7096325015693452,1.919322879494525,1.9934594825565448,1.850410911428066,1.902840370776799,1.8969875648884986,1.9612941139588698,1.964121705768968,1.783250546919204,1.831773961131398,1.6080507367589525,1.77746920174003,1.7418571310732196,1.6552127428438879,1.3560007992230698,1.5219700375820782,1.4124345299656007,1.4822724868658015,1.4536700290775995,1.4895320475303344,1.5067558934485505,1.5035681861849606,1.5763009046680239,1.6265758013036848,1.75668004536001,1.7315491049388898,1.691907646677945,1.8071741186598758,1.7045064698591452,1.7254242444350525,1.7209156665641727,1.791436629865295,1.6531812451794323,1.6005451441623784,1.5811497525668945,1.4483593741434309,1.3156224534429435,1.2332236489461597,1.0762740985353392,1.012558535794036,0.91291031864196,0.8324706234798317,0.782025591830175,0.7280077248866135,0.667991436575299,0.616909560747572,0.5361804966067217,0.5157642949272655,0.43393144501938724,-0.15866327063105168,-0.0834821177516697,0.0011670069270761335,,
Italy,1.2172964153409,1.240386399446285,1.3110158367354996,1.4198671244188152,1.4172741574210177,1.3508414721649529,1.4475996358049215,1.2733790019182576,1.2718599876695482,1.2409330510708205,1.151646361321021,1.2941493448381127,1.328806090308672,1.1915021988628123,1.2576192951756688,1.2983435657095501,1.454927811576531,1.4911325970457745,1.511397599808102,1.549130883121505,1.5786718401589097,1.5878125325886445,1.653331666729878,1.7645479053760067,1.861772073730914,1.8393811264374353,1.8362538992725717,1.7885555869431127,1.7645881544159727,1.6223588834567972,1.5398240698216241,1.414978704360468,1.357479370926814,1.2889527680675277,1.199922662775297,1.120618124590529,1.0192347597691547,0.901024557112421,0.8505602019596628,0.7384532833328342,0.7746551840912205,0.7786474030375801,0.7907979654203475,0.7128235620921738,0.6588415902077475,0.6240234228130883,0.5316268554024537,0.5101815969728883,0.502067774761974,0.44711724238334155,0.3739584669589314,-0.16362324797505023,-0.04893578909983198,0.0010057167471703883,,
Netherlands,2.7010072893721464,3.7330339551621017,4.963779211782028,6.0524063837473365,7.175810410570778,7.772450826730595,8.281899440824226,8.331465270700152,7.627322076853882,7.998206659872149,7.713691453298422,7.181185549455101,6.141096175338661,6.53885645277854,6.6013975154530975,6.931241591334095,6.337288744616439,6.348039022385084,5.588271952789163,6.124970758685693,6.135721036454339,6.937154244106852,6.947682760681087,7.1016334939671255,6.736661563721614,6.848464452515525,7.729504788800321,6.864589869168493,6.547994188881888,6.088957328160731,5.920620020964634,6.254780362742086,6.145665043390336,5.8744892866762575,6.910159591693533,6.321163327963472,6.240805001642848,5.998923751848328,6.841813819609062,6.337288744616439,7.282238160480366,6.724029987343457,6.600057402274971,7.0054185079377485,5.842507210314539,4.438252176785237,4.273084879775426,3.66987607327131,3.127524559843151,2.6940196088225266,1.9270827501464785,-0.28468124588419486,-0.08198510935916015,0.005182659482926822,,
Norway,0,0,0,0,0,0,0,0.2549417004415506,1.3636528975994755,1.9848487096158915,2.4025698249846936,2.3959778035348167,2.3008070267891334,2.2674410552105715,2.4862946097698977,2.5145260303341335,2.505312157457918,2.7032410809357197,2.7129667580647845,2.759593961343879,2.4467115764274245,2.403265281649438,2.4739471197826566,2.381835544319468,2.577515230745237,2.6708525667260963,3.581394852763442,4.123846738713839,4.243865040654239,4.654497771753629,4.768683354436931,5.188954157049662,6.2987754246648935,7.006113664436895,7.582524018687888,8.243194811269898,8.514537706691305,8.672158973184986,9.584053907686215,10.010422466040385,10.27466888076409,9.724292875171887,10.986384152151317,10.442535924730372,10.400036454754208,11.235952734398605,11.182101387439165,11.971111586859152,11.734807546877617,11.054920024344206,10.75401507024711,-0.027219098232684424,0.009974293259017442,0.028921642404363665,,
Poland,0.4953074916417336,0.5107588658786075,0.5387970596507248,0.5480811427219021,0.5305447521117993,0.546049340223628,0.5927508202700206,0.6256113397185398,0.6708358769926213,0.6018779514887013,0.5097975465213299,0.4543400643640356,0.41872546914429043,0.4093719212147364,0.44842384725738116,0.46501186510496983,0.4221722769538624,0.42413393388969595,0.41977169146375687,0.38975535185640064,0.2675714573351966,0.29911035349590415,0.28725004345987304,0.36805618493733433,0.3487468047662377,0.3566103641970576,0.3523771317131195,0.3605385156937206,0.3655430387519692,0.3490685068284644,0.37181225709022275,0.3929336714787007,0.40161237072132805,0.4063532432173007,0.44051181905371994,0.4370794183786986,0.43662951925408083,0.43846889167279335,0.41406012909858003,0.4140738239537976,0.4155439244386598,0.4331958805347756,0.43840194486607703,0.4301911778984392,0.4192984589493593,0.41441514527295215,0.3986702693609708,0.39088009966794524,0.38520126543665834,0.3855775251585609,0.37897753957448266,-0.017117142866053037,-0.007104840531681145,0.0010192149450472092,,
Romania,2.1036756781905415,2.2481551825106174,2.2933976651793198,2.434648695575253,2.512816389956224,2.7296032655491245,2.969269788484802,3.1531243086340286,3.1746722659085993,3.0334384790022653,3.1236495191906046,3.296837463009194,3.3333517839138,3.3078368386890995,3.2752419629704423,3.139149691991525,3.176790998109237,3.019238465317141,2.948589917743781,2.6504889035891455,2.5779969672474774,2.256931052707725,1.9763016228848163,1.885902147210416,1.6679985857080262,1.6254710243691535,1.5445388667258158,1.33992053373673,1.2545799911842275,1.2593982656801344,1.2307955898022809,1.213024792469529,1.192629365486855,1.1734506011906471,1.1645130559668533,1.0916221743851608,1.0755394900863235,1.0388968995549515,1.0091068312653675,1.0057809376455837,0.969793845301155,0.9752168229215479,0.974334914632509,0.9677088289279261,0.9863240099121123,0.9885420609727281,0.8734855014804761,0.9686280771172148,0.963427487805452,0.9310093129881996,0.8400201231524236,-0.09773177192367055,-0.007695267717143572,0.0022591340495234833,,
Ukraine,,,,,,,,,,,,,,,,3.926420035995851,3.6352349680278753,3.259807679138347,2.958685271496446,2.8202830482432883,2.5730504433648185,2.234250207049878,1.9176663796736222,1.758098523580232,1.6665308921437616,1.5546352465283946,1.5673726543199071,1.595016571991878,1.5348566381381168,1.5470809169348858,1.5233576450340651,1.5631510362519863,1.7104833552332674,1.7702770185612822,1.8686289108219678,1.903507922301347,1.9315276175209066,1.9324432938352714,1.958211325986721,1.9676968319383126,1.8797003381278643,1.8909631567945506,1.8711857993281993,1.9503905495968192,1.956250878008754,1.8221958655857613,1.8354806776876105,1.8771364444476433,1.9046067338785848,1.8771364444476433,1.8308234879084024,-0.024672131147540854,-0.004700546703695019,0.004923781664514622,,
United Kingdom,1.0594055269625293,1.7605373207494142,2.533382028880119,2.7581676342969215,3.3264095791891974,3.4638003543799827,3.658120161209382,3.8326512643516426,3.670167825059673,3.7060627122716796,3.5135863176056614,3.5153359604712033,3.5729478170622615,3.6841206965778195,3.59168845669587,4.018314474068921,4.22468194474861,4.422947748095182,4.247701538766794,4.171120921824111,4.60579787887735,5.1281303755486265,5.200637408241012,6.131161800651547,6.545697112529397,7.164071752264082,8.496820681416127,8.693296292289999,9.133175728016317,10.036785058223696,10.947452737077128,10.721499597567028,10.496335244708305,10.430510325234893,9.736922174421457,8.934031409975585,8.10286899916657,7.304120646548659,7.021497101939477,5.92180913976586,5.602059977294683,4.458599824533973,3.781600673895149,3.577944188903695,3.621592504465129,3.934071116002496,4.027240600843944,4.0524444223442755,3.939313358701416,3.825132110135768,3.8088735490495704,-0.004250457400704177,-0.04276360325068851,0.010243511658619975,,
Other Europe,1.4133472718340643,1.4772688964049,1.5460967547279316,1.671728635880593,1.7086616942516522,1.6985333063453192,1.74335201298957,1.886579044244518,2.0002150570301938,1.9349077762448907,1.8546148287464872,1.7781132960968185,1.830819076652829,1.80794927656537,1.8167841853063187,1.8424864811382955,1.6921892057874672,1.7151191274913655,1.6483688385820447,1.7005931876982574,1.5742338452039257,1.5884919791598597,1.5411505363070541,1.5987512334962841,1.4898071193342197,1.5428762539048142,1.4298065919487812,1.3029515593971632,1.1938074266134238,1.1248818728834344,1.076939897083106,1.049812070514658,1.0462831978097098,1.0038339414965356,1.0467758834009824,0.9865988429611098,1.045386898631276,0.9676225086304194,0.9113460102507775,0.8950881586815985,0.9045024921784544,0.894934174250922,0.8076915978073858,0.6924431783404785,0.6126319050715812,0.5879390969589765,0.8373690458622339,0.8692995033111395,0.8172308073534269,0.7161785669278407,0.6085496318176845,-0.15028226210656814,-0.022052477510021595,0.0016366217381852538,,
Total Europe,10.152325036042045,12.402051011998012,14.896101058524966,16.804222496135345,18.664976466057215,19.411689476821664,20.595832230359722,21.254739494897187,21.740020101072858,22.464397045335367,22.05280639858743,21.74771344290068,20.5346041759686,20.98454764163898,21.242643627376744,25.90387642638759,24.996544014156704,25.15027649094443,23.689148797012788,23.958065189364856,23.5298369515595,24.32221700647486,23.91768301739267,24.947836076988654,24.963245667247204,25.761900225988104,28.940595081318136,28.59304629080028,28.493375774453103,29.272446917771823,29.904091742088514,30.370015849695196,31.225694597331497,31.555869996965562,32.556039996361996,31.694222115865568,30.99676313740046,29.632310686258702,30.9184436185177,29.37107467520869,30.005310316087094,27.555882447233213,27.741444079330137,27.09313336347385,25.743983910994217,25.23718683123713,25.08055485836437,25.415070259124953,24.325695426355544,22.75671050465001,21.089356085158578,-0.07326869228971966,-0.025192269221088637,0.05671731081359102,,
Azerbaijan,,,,,,,,,,,,,,,,1.3271745905760977,1.2828411110046143,1.1790819034968885,1.1194190705658436,1.047024730305237,0.9338328675695354,0.8112083496058591,0.7431437527285852,0.6414205555023071,0.6036899345904069,0.622555245046357,0.5528425107323919,0.5279457131097667,0.49266758255713977,0.5279457131097667,0.49640121305680296,0.4879512549431523,0.45257879783824556,0.4511638995540493,0.4383607452804059,0.540689230322761,0.6379682036888682,1.0217546469494916,1.536755432462093,1.5396640148966927,1.5726783081946059,1.5433144524699192,1.6219441644204478,1.6879830857013733,1.77870545680773,1.8174040379623555,1.7635659996773874,1.7181916057341369,1.8428076984616502,2.352848873646367,2.4935959753345607,0.059819864873033035,0.043318257408187844,0.006706229313283771,,
Kazakhstan,,,,,,,,,,,,,,,,0.3742268248285131,0.3994679303154802,0.43287124110937425,0.4879838366340629,0.4602386353737763,0.48791468446070896,0.5408386980306651,0.5549225782278524,0.4585513223439408,0.3078248840080432,0.40576448869510956,0.44625827729192963,0.5565457989994572,0.5451392885579281,0.682188888757681,0.7894954645425691,0.7963157241374764,0.9677426125711096,1.1383807164582749,1.5118401395668233,1.8601894908229089,1.9466500716047903,2.217116389326014,2.4613910021101844,2.562549012466906,2.686699302618882,2.837357620043004,2.8636033781622263,3.011684036527792,3.0680947599338557,3.0857288097548894,3.09684742250623,3.333863980092054,3.3020318864934923,3.2936482788886243,3.0578880429449518,-0.07158027086705965,0.025416978199845897,0.00822382560494228,,
Russian Federation,,,,,,,,,,,,,,,,41.108320608404206,44.754524189488144,48.42919983367476,52.33418996371738,54.79092643317456,58.01182857166258,57.21105179690038,57.143469543292625,55.013364426164074,54.03463725701025,52.361903549729185,53.292496595809865,50.653579763569795,52.370801069448774,52.67331673991449,51.819543809445506,51.73907716935858,52.97583241038022,55.20910985999484,56.21178253986939,57.03310140250877,58.51409355983289,58.20757400549335,58.997970340582725,51.877700526589635,57.8954134236516,59.6796241554993,58.07187345918001,59.45404533804878,57.195739165462975,56.54598889042091,56.8580893775393,61.49210230749607,64.73835347966518,65.69928560937984,61.606693950167816,-0.062292787832501584,0.023901060799849105,0.1656838641663616,,
Turkmenistan,,,,,,,,,,,,,,,,7.617511259199973,7.755778382669044,8.067108329553044,8.063330539294324,8.23193006613869,7.666922068799408,7.367061883429142,4.853378007941578,5.697343522035075,3.128044604530209,2.8216657194779793,3.064704827058402,1.5114070834035513,1.1621910290127124,1.991928374245346,4.094631388636514,4.482071652754955,4.673907671966989,5.168397604984419,5.079980425457412,5.503645017199624,5.475707732848357,5.959953994936986,5.9436699676284155,3.2239626141362256,3.8824675729063456,5.4482740704699895,5.689076926365079,5.704663438492107,6.144188069387165,6.373107147978341,6.100005436295141,5.677193149061165,5.951896043370578,6.111195961158566,5.68907692636508,-0.06907306482665299,0.06604029624928387,0.015300094653063043,,
USSR,18.141227875272385,19.465997123988256,20.235388091170062,21.656380039540608,23.88342208338672,26.510781808200733,29.334275140238677,31.710420926732148,34.110768990422244,37.2637289579833,39.776155814260214,42.643730987720026,45.888063841718065,49.095737567422354,53.68684265922897,,,,,,,,,,,,,,,,,,,,,,,,,,,,,,,,,,,,,,,,,
Uzbekistan,,,,,,,,,,,,,,,,3.1673243713875117,3.5345105734477573,3.6443917311715217,3.6435661213798816,3.763429652038933,3.561072511974849,3.658853007204285,3.7110789360379917,3.931707151034993,4.123543170247028,4.193386381125195,4.268297995503156,4.388947371584066,4.786588052183767,4.8555000202502265,4.913743406050305,4.97935531420751,5.102279365353086,5.136735349386316,5.191424237350445,5.284802956448032,5.475707732848357,5.6992060076584945,5.887948061681898,5.652643867073048,5.528788573115765,5.480363946906901,5.454245893731513,5.408658250405315,5.4468392056853805,5.1870224612185964,5.125840047165606,5.166163354777366,5.530364452052785,5.543275488085327,4.542011083746304,-0.18062685256959232,-0.0019518733530700105,0.012215197719427072,,
Other CIS,,,,,,,,,,,,,,,,0.06962469721223986,0.07741627021447044,0.07741627021447044,0.06807300568538399,0.06825950707082339,0.05831717927113278,0.054948108813080376,0.05323637787404972,0.04567260028931051,0.04470741799446917,0.04123307567920531,0.03891631981307134,0.0376056917436806,0.0371144920497149,0.038697158883363024,0.03980462984339443,0.04081124857416788,0.03759364287041159,0.03840071997389263,0.03767043912424321,0.03458925655862016,0.032047006136738526,0.029068560816014062,0.02934859719506561,0.029789447805323003,0.031853881677708876,0.03300430410175617,0.03186821687877604,0.03285789578341938,0.03205456225011706,0.03246833794413318,0.03081619320513416,0.029063089947333233,0.03003146866602571,0.030629751353601284,0.030466268663171907,-0.005337382224950837,0.0027856299529420703,0.00008193540011947199,,
Total CIS,18.141227875272385,19.465997123988256,20.235388091170062,21.656380039540608,23.88342208338672,26.510781808200733,29.334275140238677,31.710420926732148,34.110768990422244,37.2637289579833,39.776155814260214,42.643730987720026,45.888063841718065,49.095737567422354,53.68684265922897,53.664182351608545,57.804538457139515,61.830069309220065,65.71656253727687,68.36180902410203,70.71988788373822,69.6439618439834,67.05922919610268,65.7880595773697,62.24244726838041,60.44650845975303,61.66351652620881,57.67603142241032,59.39450151381003,60.769576895160874,62.153619911575085,62.52558236397585,64.20993450098005,67.14218815035179,68.47105852664873,70.25701735386072,72.08217430696,73.13467360518034,74.85708340166038,64.88630948296783,71.59790106216491,75.02193854949088,73.73261203873804,75.2998920449588,73.66562121952722,73.04171968527922,72.9751644763888,77.4165774871081,81.39548502870971,83.03088396251233,77.4197322472219,-0.06757909162840925,0.024964110769205572,0.2082111468571973,,
Bahrain,0.06290044498906573,0.09170637328459497,0.11412338427405569,0.16225839297716063,0.20006617386504272,0.21053082750365296,0.22005502120100603,0.23933675579918212,0.26296661885410844,0.29154750083482883,0.23598965302688207,0.2194201569386014,0.3464588016481814,0.3631122289440342,0.37311725930308276,0.4567314959045042,0.5228951124582978,0.5080420556809155,0.5381865791331081,0.5613780322906065,0.5879334974380472,0.560477847031371,0.6530954734267491,0.7014693632590979,0.7181227905549508,0.7300502452398185,0.7497132058357581,0.8071286080618398,0.8486496531440676,0.8781307203840233,0.8852697920727878,0.9243777380772359,0.9577971158263461,0.9750131589092211,0.8944344187035914,0.984387527361448,1.0413671999621146,1.0834950931112668,1.1595538811053558,1.1739468835189353,1.2025035451617319,1.2214112259829617,1.259349278642709,1.3504549314577192,1.4219255136469002,1.4110718863143394,1.3934211557837741,1.3996529192315237,1.4171779985413397,1.5737726026824714,1.5859581467932622,0.007742887434957657,0.02974419725975741,0.0042652455004220146,,
Iran,0.338193897338423,0.8179843085362866,1.1000068131066523,1.218900263098155,1.264749572925388,1.3175612876289975,1.338653782394616,1.3630880334476974,0.8538810583181954,0.8224509053063747,0.43761274306981324,0.47680024401054594,0.652992537241851,0.7462821215350721,0.8663546943680859,0.9371870992109681,0.9003279409789028,1.1021819306825957,1.1933140603181034,1.51096785124205,2.391531896999006,2.8251429801368997,2.981910064040601,1.597690067869629,2.5379590243048034,3.083308348097463,3.616316433370044,3.810107232833981,4.302756132676036,5.125950096663977,5.435815247614059,6.057213284449365,7.202947184894496,7.555172803197276,8.784293450399693,9.347503529977244,10.185839613348948,11.418190640275062,11.922791977553128,13.132759227709151,13.923667671007395,14.608297992137175,15.142440846255738,15.241233099414236,16.97528448620028,17.758717821679628,19.23413281992644,20.68605566660527,22.4479912918445,23.358134578281632,24.1978993510555,0.035951705388095556,0.05927376783363281,0.06507736760610003,,
Iraq,0.0716936024390959,0.08502125930277397,0.0857055981939276,0.08364253617894521,0.07684083543472328,0.11902976302388356,0.16545305319790302,0.10827572265801919,0.11222806227966164,0.1609429459882781,0.11742125271275,0.05698722245158904,0.06250211494690412,0.04319999121330138,0.054081607416489076,0.07812764368363014,0.14246805612897262,0.3446807809571918,0.5133169517497268,0.5928509432463698,0.3658212021892329,0.159931882364137,0.20807669294140715,0.23438293105089045,0.2913701535024794,0.2913701535024794,0.2969905220837705,0.28034036851184935,0.27114888101965756,0.29228930225169863,0.2887407853592214,0.2536850547844932,0.21691910481572604,0.1433872048781918,0.0916637413838798,0.13327656863678083,0.13327656863678083,0.43954244676910637,0.6230842820569229,0.6630187587617619,0.6903542425635404,0.6097265142820341,0.611864640111536,0.684297052306186,0.7286270449917774,0.706399362704285,0.9548060124235623,0.9789222883013463,1.0230353485558967,1.0610705254073785,1.012400151825279,-0.04586912218998207,0.048146150076489036,0.0027227296009862656,,
Kuwait,0.18723060021594654,0.19338889683571506,0.22796772482170902,0.256074841532463,0.2694024983961411,0.2952305782492,0.3541886967073115,0.3872373680460397,0.4339301245063739,0.5745598831369083,0.37316309117377455,0.4305292741342631,0.337787165338048,0.3708765203099384,0.401120532295858,0.3860424746720548,0.526672233302589,0.4393531021267672,0.6269799910657378,0.7500253793628493,0.3851233259228357,0.04595743746095891,0.24015900242576504,0.4981786220767946,0.5487318032838493,0.8527862095255534,0.8526561223528497,0.8520508905261781,0.872364077883922,0.798556433321622,0.8799719172852462,0.8731913117582193,0.8005785605699042,0.9191487492191781,0.9991347810842898,1.1305529615395893,1.140663597781,1.0349614916207945,1.1641295155752736,1.056009997977914,1.0784372274588618,1.2438840023183138,1.422162947570895,1.4992417724660492,1.3813680726210404,1.5541886200547081,1.5849577522686653,1.5719030590002316,1.6303658567851453,1.7342473169650783,1.444472920984836,-0.167089430178474,0.05085864204322155,0.003884737840761657,,
Oman,0,0,0,0,0,0,0,0,0.0292717432063835,0.04924218483316851,0.062339425023502364,0.07368089878740769,0.08061128035652029,0.10012577582744261,0.12549731076941398,0.1602194791701427,0.18730268082838533,0.20982642092800133,0.21057175585983914,0.2191277225075998,0.2368184333550715,0.24010124567728272,0.2617255510104155,0.2518646564985396,0.2637192565509691,0.36940757547993625,0.3983175515724877,0.4543047497015657,0.47172189285551974,0.49716368835265673,0.995864591250543,1.4923725752881727,1.6103580821331953,1.774004486236831,1.8002312014091681,2.017231458830722,2.35025931498299,2.3807420889544835,2.3288684159733926,2.3137364206980893,2.4863226173753006,2.6246900400721405,2.7327366766428036,2.9786129921140594,2.8395968365423325,2.9748605204397185,3.0372059923758434,3.1273711057298175,3.51527452103659,3.5498680535738485,3.5633464085313578,0.0037968608280918303,0.04373400434379704,0.009583195663873046,,
Qatar,0.1006395316020062,0.1006395316020062,0.11015135313952011,0.15821936311559182,0.12998021096458112,0.20057809134210786,0.10925256603321395,0.15531533683055881,0.14810534053668373,0.4368056088039313,0.47346107455527175,0.43290019414474906,0.5062018231324789,0.5242268138671666,0.5922008378217173,0.5467580522855262,0.5808052570066029,0.5617788778977659,0.5852102714393361,0.6208607919725755,0.6308746757140686,0.7640593294759276,0.7936895645367342,0.8293446019002534,0.8649996392637727,0.9006546766272917,0.9363123492485612,1.2975626928064352,1.5702317245621966,2.067101489812325,2.4866443274470087,2.703748610203151,2.9540957037404802,3.1443594948288505,3.9117212171124227,4.586358753603864,5.077039056937029,6.328774524623673,7.687725581172616,8.942398181153385,11.911322148033067,14.547309105639483,15.68379445975726,16.243701124145456,16.392314340754325,17.005569526928642,16.841923842805198,16.493158795949284,16.357570718958975,16.651500947489755,16.53022625937367,-0.007283108501661362,0.0641428669153179,0.04445607427680885,,
Saudi Arabia,0.1486263527487411,0.12399316626966712,0.1401538605759522,0.16544677485945208,0.2093820850721288,0.2490893110383973,0.2681622754185403,0.3784135400535356,0.5218007449317275,0.6406466782057672,0.891338221216847,1.0421308518647043,1.1045410519366863,1.0785291423337835,1.668280093186612,1.727999648532055,2.316254848032329,2.4633186479073976,2.667414874270902,2.739063272673151,3.0809866073826857,3.2326461510038493,3.5061381079334013,3.680271591873589,3.931199200410425,3.9459055803979313,4.070786754858101,4.167420428959754,4.303454443844192,4.246467221392603,4.565770958331052,4.934909634557767,5.21157340807274,5.520407387810384,6.020474534093225,6.548015689437425,6.752158626639004,6.840304991689124,7.373431356919289,7.210721937624453,8.057257935655317,8.480066360296139,9.10495943166078,9.194244938439438,9.410244894505945,9.600508685594315,10.161842369816913,10.57023083729303,10.845955240786301,10.754040365864384,10.816327077718357,0.005791935843172391,0.04078084669365456,0.029089223125220887,,
Syria,0,0,0,0,0,0,0.0030297278731092896,0.0033814998721273977,0.003260559247230137,0.0033621493721438358,0.004513233161295765,0.004566717996120548,0.004765060620952055,0.007232249368856166,0.012181628789173499,0.014512874987671233,0.036695804406326714,0.03612980228180754,0.08523280626468444,0.13989685844365687,0.1540469115566363,0.17980000822225892,0.1854695196716776,0.1840716310936302,0.19953268058049592,0.2516097136612562,0.26736383598701235,0.4158228941467563,0.524338079242072,0.5197786176834452,0.5183584575258402,0.5325451100476001,0.5890824333745712,0.6246462335318597,0.5729225056864549,0.556254310152459,0.569932694828339,0.5471353870352055,0.5365464735793786,0.5936418949331979,0.8152317266824562,0.7176592493278445,0.5865635177266086,0.48330292521443163,0.4468272327454178,0.39211369404189733,0.3410253010038422,0.33740015533837675,0.335576370714926,0.3218979860390459,0.28936259328326297,-0.10107361389902081,-0.05936881770553293,0.000778206222835947,,
United Arab Emirates,0.0785799616207459,0.1387648541946185,0.14045538604103075,0.16371611451717227,0.16395194873572191,0.15659392111697262,0.18250733350274592,0.3679013809374657,0.5386453551674177,0.5763788301353631,0.7074511071859017,0.8357964705399862,0.8961700304886986,0.7886296268300548,1.0348353961495902,1.2480346845647878,1.4357587225303152,1.5932959805214866,1.6331584070142622,1.9225205496168083,1.8970504540134454,2.2460850974669384,2.0856637029669467,2.168731473782651,2.435695809180863,2.9545310899901094,3.179766944532377,3.4252561902152263,3.496949792654322,3.630903628790528,3.610634773111025,3.712973936845808,4.0931386971478565,4.225205859535664,4.354775498887685,4.508206921795254,4.602540609215117,4.744041140344911,4.726375482050492,4.60725729358611,4.837620158265415,4.934406521558194,5.108323819174796,5.150619333124521,5.117092540701853,5.669574124265577,5.743053943172607,5.756308664743834,5.614920929164287,5.614252180141827,5.348529364391953,-0.04733004632206628,0.01996423851316531,0.01438423255460698,,
Yemen,0,0,0,0,0,0,0,0,0,0,0,0,0,0,0,0,0,0,0,0,0,0,0,0,0,0,0,0,0,0,0,0,0,0,0,0,0,0,0,0.07565077968573425,0.6052159127358658,0.9117012255380048,0.7349405807861831,1.0016762128365704,0.9444664596351706,0.27635900314023154,0.04835262357999659,0.029090332269037605,0.009696777423012537,0.009696777423012537,0.00979435294685113,0.010062675421117273,-0.18570568670109378,0.000026340745448150536,,
Other Middle East,0.012501041095435619,0.011701479451629089,0.01153573770449836,0.0050209315066666515,0.006136109588817863,0.005607452054590519,0.005387540983410557,0.005368109588845802,0.005281315068301015,0.003761095890274129,0.0001783606557312161,0.00018936986300680932,0.004216109588887712,0.00597304109567311,0.00520131147522061,0.004907835616259808,0.003679561643701753,0.004192438356011861,0.0038373770490407223,0.011464465753007575,0.014847315067952999,0.01433443835564289,0.01499704917978227,0.016959698629519987,0.023439890410106152,0.02377128767036807,0.022199371583891833,0.024688082190882654,0.02446720547856193,0.024142356163505255,0.022907732239603767,0.022155041095084402,0.02012564383488426,0.02256837671150772,0.1326611816891628,0.1720673356101785,0.23382377396409615,0.2727564520448716,0.3338057172009708,0.26473078861063504,0.31491678396302036,0.40940171544419124,0.24326964642052987,0.604829647115727,0.709302560446588,0.7804400352212908,0.8729717599808718,0.9223396563417176,0.9803154571364668,0.9902030536366198,1.4486068816078592,0.4629392186660155,0.14101664735694452,0.003895855635378068,,
Total Middle East,1.00036543204946,1.5631998694772915,1.930099857857346,2.2132792177856064,2.320509434982545,2.5542212319578024,2.646689997311857,3.008317747233472,2.909370922116083,3.5596977825070377,3.30346816178177,3.5730014007309743,3.996245975299208,4.0281875113253225,5.132870671575243,5.5605212886276005,6.652860217316423,7.262800037339941,8.05722307416474,9.068155867108674,9.745034319638982,10.268536417195268,10.93092472813348,10.162964638034596,11.814770248042716,13.403394880192208,14.390423091424854,15.534682137954466,16.686081883360547,18.080483554816386,19.68997858223639,21.507172297106898,23.656615934410198,24.90391375485896,27.562312530449574,29.983855056944964,32.086901056295424,35.0899442564685,37.85631268318682,40.03387216425937,45.92284996890197,50.308553952596476,52.63040584474984,54.4322140286344,56.367049982791634,58.129803280384635,60.21369357313771,61.872433480803465,64.17788051094743,65.61868438750504,66.2469235085122,0.009574088948463899,0.050654662366002245,0.1781632087724419,,
Algeria,0.23588380420586544,0.2486418307262774,0.31417867969510826,0.41812802245729797,0.48340814355809214,0.5952504052443316,0.747695107959006,0.717569148562296,1.1128351599921407,1.8241184195754019,1.486858251358149,1.7284682208891573,2.255301643856609,3.2295271406639996,3.278269958881281,3.612555968468615,3.694922919688643,4.170108213407471,4.347573526971228,4.700542377411865,4.997941082431723,5.389409147041668,5.596422242394989,5.683882249969011,5.225687953018249,5.949436901443421,6.295975022694365,7.242778072649722,7.755883670413836,8.718069189378953,8.866163806777916,8.36643432249017,8.605320985659732,9.08095637200818,8.882210654320874,8.215424084895952,7.865928657661601,7.8994533988831215,7.969997077373485,7.4080365671443325,7.48830969751364,7.701378052832638,7.56889222440181,7.676234496916497,7.756880124410489,7.876731074277424,8.818270225565952,8.995712436826844,9.079617414161815,8.412847560978241,7.859574833756136,-0.0657652148350315,0.012800693906476424,0.021137390203323166,,
Egypt,0.007915563899525687,0.007915563899525687,0.006593758870337775,0.005308084026740754,0.005587456870253425,0.004656214058544521,0.03529054043279372,0.04283716933860959,0.0689119680664589,0.10429919491139727,0.20245625827234293,0.22722324605697264,0.2486418307262774,0.291479000064887,0.37333676984165987,0.4591027061724897,0.5289459170506575,0.5848204857531918,0.6426593152498226,0.7207819362626917,0.7515129490490856,0.8455684730316849,0.9119818606579851,1.0513731344193527,1.126803802167774,1.1640535146361302,1.2351689151477803,1.2664902239241096,1.3037399363924658,1.564487923670959,1.9502667081280738,2.3467318855064385,2.542292875965308,2.803040863243802,3.064704827058402,3.957781949762843,5.093898180047707,5.186091218406887,5.476534656110119,5.8379611866031205,5.710380921399,5.722260273764425,5.654030054439112,5.221232876522378,4.543598865324563,4.120749441811901,3.883816844472193,4.722745787263171,5.665664487696859,6.282981247854966,5.641221315641093,-0.10214258277994592,0.0073733467179570855,0.01517139268906535,,
Libya,0.027022973227043834,0.0650757314447178,0.25959171559914757,0.4164662982712097,0.37455311530681507,0.42602544526308905,0.4380610200735615,0.46426203323060694,0.47069607447514117,0.6236424263452123,0.47390154295465853,0.28953185600404113,0.3079148309884247,0.34100418596031506,0.42165321036584696,0.47795734959397257,0.5147232995627397,0.45957437460958905,0.5041505776113389,0.6250211494690411,0.5698722245158905,0.6011232819893425,0.6205635291688661,0.5845786045033973,0.5873360507510548,0.5827403070049588,0.5884812196845082,0.603880728237,0.5845786045033973,0.47795734959397257,0.5389827993372132,0.568033927017452,0.5422977620393151,0.505531812070548,0.7388097555540711,1.0386380866176714,1.2128167745947056,1.404459288806904,1.4574534880036887,1.4614465112584931,1.5454567069371261,0.7219913425116643,1.1182976448833335,1.1765103990005479,1.518740922897321,1.4240371571652728,1.4272478730139795,1.3152341333827016,1.2757760451037212,1.4033311237862525,1.2838708486073782,-0.08512622085695987,-0.004049570470769259,0.0034528176996460437,,
Nigeria,0.010202551116332876,0.018888506796454114,0.025253360751258887,0.038788077217049306,0.03621446071923562,0.03244595084743699,0.0600855824771332,0.07932253705761506,0.09609700173086508,0.12665869764240276,0.15266596127485177,0.22546718818346442,0.23488846286296095,0.2662773926487959,0.2554668472368729,0.24265526979386304,0.28300589988458497,0.2802484536369274,0.3359934440426114,0.39008672916861914,0.3714280095594699,0.3623284369422,0.39112918448501505,0.4468901218703644,0.408193959528237,0.44422459049762886,0.4983757619041545,0.4813047378391748,0.5822264583414193,0.4196849145836021,1.081097993517593,1.4765730289070704,1.658375721262661,2.069912255572245,2.2090186786081594,2.2237581701930718,2.6018206490834266,3.254195622758324,3.162806136496958,2.243878053616997,2.990297334732307,3.5242887172690445,3.7785050999991494,3.202466225362945,3.868410051640088,4.6020602738051775,4.113967212965088,4.567261643669458,4.6701999998300945,4.767880821744351,4.769519125509542,0.0003436125663460743,0.07828264189020917,0.012827053494689829,,
Other Africa,0.010898322531366817,0.01768419930747468,0.022856558695693086,0.07260092435623013,0.09296581628379341,0.0574796796145832,0.04347764949809683,0.05032012204370778,0.05773489306860889,0.06256931071912704,0.07995141946850207,0.09081295653999641,0.09880174582753988,0.09937883685282714,0.09670885407997257,0.10029179982771659,0.10766929579099435,0.10700722491647428,0.12807778528665043,0.11765924373802783,0.29081511372645846,0.2849095065782503,0.27887428607283515,0.2966942667093866,0.2920027943950796,0.3031858821737895,0.3874792664918728,0.4833932866312148,0.5064843745586597,0.5919263799551389,0.5991575293920597,0.6754711076314248,0.6752521561266641,0.5979763407731798,0.8931555379708811,1.022626204305453,1.0478967576265843,1.193642339486007,1.5118906539536598,1.5629970953073393,1.7640707925889485,1.7399360537562432,1.8270710165671074,1.9871400279632578,2.001977605154946,2.1002092471112936,2.2004067870639723,2.603065829028816,2.6684594365198193,2.7189614832248714,2.763445898102607,0.01636081097587816,0.05692577349740424,0.00743195853331575,,
Total Africa,0.2919232149801347,0.3582058321744497,0.6284740736115456,0.9512914063285278,0.9927289927381896,1.1158576950279855,1.3246099004405911,1.3543110102328355,1.8062750973332147,2.741288049193541,2.3958334333285043,2.561503467673632,3.1455485142618116,4.227666556190825,4.425435640405633,4.892563093856657,5.12926733197762,5.601758752323654,5.958454649161652,6.5540914360502445,6.981569379282628,7.4833388455831455,7.7989711027796895,8.063418377471514,7.640024559860396,8.44364119575593,9.00548018592268,10.077847049281221,10.732913044209777,11.772125757182627,13.035668837152855,13.433244271552555,14.02353950105368,15.057417643667954,15.787899453512388,16.45822849577499,17.822361019014025,18.937841868341245,19.57868201193791,18.51431941393028,19.49851545317102,19.409854440134012,19.946796040290515,19.263584025765624,19.689607569427412,20.12378719417107,20.443708943081187,22.204019830170992,23.359717383312308,23.586002237588676,22.317632021616756,-0.053776396830427564,0.024506358938676254,0.06002061262004014,,
Australia,0.16742028029993056,0.2498795792752412,0.3577226992803868,0.45540240612619054,0.5195801802411638,0.557971382447872,0.656864468327223,0.7524290758307224,0.810063988416733,0.9324539864290959,1.06779458089918,1.160491954423829,1.1318188259586686,1.229480656133628,1.209163079677645,1.2960251179695998,1.4157723772355735,1.4454300139237388,1.4762048978479876,1.7132510816969153,1.994180002794953,2.087580313306416,2.2514154154384007,2.359203553376335,2.708220185664213,2.863483925461882,2.8593011404404125,2.8675164449718653,2.929056921894788,2.97151435549709,3.0096902197248667,3.158129101453279,3.192944700809396,3.264934961517652,3.466849350433825,3.6993588956548225,3.9361071829055096,4.136284003292434,4.021906190116091,4.518108845759128,5.091649598109052,5.240432888897215,5.592646884546774,5.829339992050448,6.2819083834572345,7.169216973174238,9.06968612396208,10.654832988513325,12.192341297513039,13.850025432451229,13.751106484878115,-0.007142149164675371,0.1185345107418514,0.03698196272016498,,
Bangladesh,0,0,0.04241754105761362,0.05884961132250695,0.06470081550753631,0.06503838497974955,0.0853961607006454,0.09553216063634493,0.10543419848793308,0.12129996368195503,0.13622988053953156,0.13171746574863274,0.17100856163761424,0.19028493149992667,0.21903449452755058,0.24943253423750095,0.28126095889387714,0.3304671232756487,0.38789275954872976,0.41118527395764365,0.44256541094280344,0.4557767123121857,0.49566120216775994,0.5563513698427734,0.5900520547730542,0.6523376712091443,0.6982332650019203,0.6882270547694826,0.7436828766852732,0.8108205479157077,0.87400785515946,0.9813808218821053,1.032459246537781,1.110566780781515,1.1906861338364636,1.2832630136519445,1.3896917807713602,1.4838321917268396,1.5801304644233882,1.8137937969604119,1.8628462328089415,1.894621917739292,2.058698087356798,2.1239869862240983,2.2274623286860873,2.501445205388449,2.5522028687596086,2.572907534152972,2.571852739632462,2.4463321916918237,2.3845934565911,-0.025237265531802944,0.03036892385490253,0.006413080024605967,,
Brunei,0.020659077544950003,0.020470410170110274,0.041910833544058404,0.18352618887534347,0.39837116197408157,0.5224199609312014,0.6871307030433279,0.7907049679532918,0.7749984089978847,0.8119300476227611,0.8127220897578462,0.7890069615797344,0.7880636247055357,0.8219294184892664,0.8294676079864487,0.8108452102174325,0.8129677181843797,0.8110810444359823,0.8403804176185719,0.8257970996734809,0.8419753270659873,0.8546632080239591,0.917428616659164,0.9740424894537956,0.9802213459797967,1.1094584977450093,1.0968314439734612,1.1006854648149618,1.0160681471993445,1.0591786423502219,1.0628700277907337,1.075121035524179,1.0809697241442104,1.1653983743849878,1.1507969960234723,1.1329178330675422,1.1858108864577697,1.155962928963841,1.1433843080820751,1.0767207678921928,1.1586448273896055,1.2073542252018459,1.1821029822455047,1.1514818537485847,1.2276098854405242,1.2859812177315282,1.2488311234902765,1.243744499129788,1.2157214888575445,1.255860612785244,1.2196864013841133,-0.028804320346430545,0.01550913632221329,0.0032802012751397347,,
China,0.2798639789903759,0.36470079492125645,0.47067621073894067,0.5831312175478913,0.7342772689190001,0.8629951965382671,0.9821962248891116,1.1818646081405422,1.3388614744034357,1.4149220679966392,1.387716844472042,1.2423230286889855,1.16333702764989,1.1906408304782194,1.2087820866704613,1.2608506091796379,1.3417868818493284,1.3544636474481955,1.3867443729622513,1.467481888441173,1.4917627702420804,1.5104853778957918,1.5355325139603047,1.63481519434622,1.7122409780808396,1.7503687884589711,1.9560291947940194,2.213850841469862,2.2700186644309968,2.4571472273865824,2.645122506632063,2.9574894142157175,3.18489108634309,3.4144380572641158,4.031866879594315,4.809369841047157,5.709712739311318,6.751840385119731,7.808946223623334,8.314885583460057,9.340923488316061,10.271788137599035,10.756312875498502,11.785491463685306,12.69207523116737,13.126303209719339,13.309731318757256,14.4354230417562,15.61767770422286,17.179357712421773,18.720076563480593,0.0896843104876257,0.07526389780083842,0.050345415792583025,,
India,0.061229492575779323,0.06488434290581789,0.07097577769937526,0.07098398332251121,0.08034297358018572,0.10285576855324849,0.1246081121728973,0.13344709491788595,0.14904541201401011,0.18536388167065734,0.10933102295922739,0.19139367887647254,0.2509233756149642,0.29855644543387466,0.3409948469318693,0.4182444278087616,0.5843874578457471,0.6731749412425091,0.7864255473855645,0.9375761940713365,1.1216260921346723,1.2491523452557132,1.392776468720637,1.4190771523510486,1.534196457491692,1.7490751488366514,1.9038772927291667,2.0755958846633322,2.277832023596532,2.3339962088135078,2.4471993088512694,2.460198234656298,2.569205793223696,2.7503734947847924,2.7149607121944968,2.758620581125287,2.727144574089526,2.8023889932756054,2.8359664031479515,3.4975969488196066,4.588892480279845,4.153913233070497,3.595903233088678,3.0054352994612246,2.8401907480250226,2.7228844239110184,2.564878452483034,2.679398361190703,2.660009730981416,2.60322326024439,2.2926120976626456,-0.11931791150044668,-0.029100750299771216,0.006165707117517876,,
Indonesia,0.12373677214488493,0.14730568112486303,0.10880630834489768,0.16910692193134275,0.174606334026671,0.22881482468062062,0.23014835698515712,0.5558334367778165,1.06845720709234,1.549655765433559,1.8127855692745782,1.843285089809119,1.8737282639082575,2.1378964520588455,2.8744060755380265,3.171982333555383,3.3006292950710976,3.526498006129221,3.8410291748756866,4.0518882688078985,4.30933961628158,4.73208850667716,5.0010852593809005,5.209886547755667,5.936084287455276,5.962898123646081,6.2658226260015555,6.450390221162592,6.342756634563768,6.878022440626487,6.820209303030567,6.639785177840634,7.31354495863804,7.6586227120501436,7.3036404915375694,7.379291931238387,7.294857835351049,7.0222121504294615,7.220202499737325,7.55095762986228,8.41751735585815,7.999404095599389,7.554980559834436,7.510282547671978,7.391850123018752,7.368883314800411,7.244326775692732,7.034389369607099,7.043744054538268,6.5388663696251275,6.093464474472985,-0.06811607241603213,-0.01428800179298717,0.016387646788963622,,
Malaysia,0,0.008018355211460784,0.011197540350888342,0.011228218543630502,0.02340696993809813,0.02821557437308497,0.033498444840926546,0.030735921512924518,0.22887379079682563,0.28400841048333975,0.2519242848527581,0.21278129065174112,0.2676925914650937,0.6455453540291057,0.9779599743838697,1.0834854826470735,1.4571748883871225,1.5755492499765629,1.622078190443928,1.7604247975920098,1.7426461387221128,2.069300864667118,2.1603769852941195,2.334067854039697,2.4722462913323136,2.7370132807048924,3.487664486959342,3.996710027847273,3.988720883671561,4.085603322196758,4.7937432180957575,4.7431886540681365,4.894532300777069,5.101012294614162,5.803011377545961,6.550142273983462,6.527493600086594,6.543245629844035,6.677469566092238,6.40169590579552,6.296851875537431,6.477692790266085,6.681873863661352,7.023128572602323,6.983025363064588,7.435043541626313,7.400204990854245,7.591745984223245,7.472000841477247,7.669061123315192,7.0623997307869555,-0.07910504073098168,0.018227250810360696,0.018993482731450278,,
Myanmar,0.0007129449837693494,0.0013783603019540756,0.0014693938964207996,0.0017823624594233735,0.015946202803641115,0.017110679610464388,0.023699901555174183,0.021863646168926717,0.02566601941569658,0.02566601941569658,0.033179862177243856,0.03992491909108356,0.042776699026160964,0.05703559870154795,0.060671747981245916,0.08745458467570687,0.10171348435109387,0.11312060409140343,0.09859159046952462,0.1036146709744788,0.0808004314938596,0.08175102480555207,0.08247565741200616,0.10456526428617127,0.13593484357202262,0.1558973031175644,0.1516793699531148,0.14353959006556236,0.167304422857874,0.16350204961110415,0.3223186611503689,0.6654153181847261,0.7984983818216714,0.9125695792247672,0.9669559834511067,1.1597238402648085,1.197747572732507,1.2852021574082138,1.1755151171366396,1.098370397220315,1.181142657491276,1.214246178038017,1.207173053234771,1.2443282822834978,1.6005951644623178,1.859262192466606,1.7638106831325533,1.7220872652113224,1.6420552108991653,1.7881705113048088,1.705841438257613,-0.046040952206018115,0.04994369741051474,0.004587657331104933,,
Pakistan,0.2815877501170397,0.280779866742726,0.25950825335041383,0.296412410035696,0.32791986163393033,0.36839481868704654,0.3746393598507992,0.41040475415135885,0.4217151213917507,0.4750354240964548,0.5784753986513415,0.6325726820876261,0.6899324016638986,0.6802378011721343,0.6961041008840656,0.7125531361446823,0.7642576721007589,0.8183858581797767,0.8652960698489427,0.9250264635891848,0.9880413667856534,1.067213937468396,1.0441561513260984,1.2053619944760383,1.2287906123311356,1.26029806392937,1.3656208923593647,1.3653229025901505,1.4380324062783834,1.640003249856808,1.7322034917832652,1.8338952596920959,1.9882009841860122,2.472063163848665,2.9599278482529723,3.155117273857818,3.223742835499157,3.2702591985111638,3.3392243168184077,3.357473232754566,3.420045616313933,3.4191991779577995,3.5311990299261784,3.4430082078199478,3.385049668233015,3.3909396438492383,3.3460824729656995,3.3526190231657016,3.308945549194687,3.162474424542481,2.9535912020783393,-0.06605056497630368,-0.005965526173522195,0.007943331676326307,,
Thailand,0,0,0,0,0,0,0,0,0,0,0,0.02637048358558173,0.13440440021038427,0.15822290151349036,0.23555478235437433,0.31049117770120416,0.3622397073180715,0.5061006196529627,0.5982130023709866,0.599247972963324,0.653066443764866,0.8093470032078055,0.8610955328246729,0.9718373862047692,1.0742994748461665,1.1374326809787447,1.3113077404914193,1.618694006415611,1.7573800657888157,1.9250453017474658,2.0161227138731523,1.9664441254409595,2.0554515963819715,2.1496339202846704,2.2334665382639955,2.3721525976372,2.435285803769778,2.602951039728428,2.875148305513151,2.8435299539172445,3.2620203129288514,3.2706105688452514,3.7099555852924553,3.76703421345986,3.7822482811672185,3.6260194702538957,3.5964710598426652,3.4779151784904214,3.3600320280231974,3.46109690636494,3.155780581625422,-0.08821374639295498,0.019848344307856314,0.008487095925773888,,
Vietnam,0,0,0,0,0,0,0,0,0,0,0,0.0009336616242068494,0.0017739570859930138,0.006115483638554864,0.005307330626126641,0.0033144987659343163,0.003454548009565343,0.003454548009565343,0.0026071097812551914,0.003081083359882603,0.0037346464968273977,0.0067223636942893164,0.019553323359413934,0.023341540605171237,0.023341540605171237,0.013584776632209658,0.026722875257865715,0.049577432245383704,0.08402954617861645,0.12137601114689044,0.14897770178601094,0.1867323248413699,0.22407878980964382,0.2215579034242854,0.3873420246436285,0.6012780859892111,0.6535631369447945,0.6610324299384494,0.6982398660583101,0.7478629609896863,0.8778286590792798,0.7917450573274083,0.8710540001300828,0.9104134497640988,0.9532685183151932,0.9952832914045012,0.987908384968485,0.9211505584424776,0.9345952858310562,0.9532685183151932,0.8406625489657364,-0.11812618080420467,0.0245645439069877,0.0022608617772161264,,
Other Asia Pacific,0.525912258287843,0.5906581429392015,0.639059647141141,0.6630622782488578,0.6941225048024642,0.6822273426578274,0.7542615816361629,0.8526086757692131,0.8189949659209369,0.7303916603779154,0.7474885418839872,0.7183440497519475,0.7474950225303363,0.783923354352342,0.8590279668938032,0.9415309020376339,0.9904440801925827,0.9870775028950974,1.033546977722519,0.5903168589049987,0.7707557652513202,0.7872323844973032,0.8072355586360226,0.8010485796939033,0.7823159182621187,0.7618536670071906,0.820658728926411,0.8573471359456183,0.7977824865475943,0.8570011108396192,0.8986290081038483,0.9544449262135807,1.086426388042205,1.055171534927722,1.0188397436600365,1.0930421046034917,1.4061621619652465,1.6684763128149338,1.75410910567419,1.788871619400905,1.7276848743864657,1.7150309053423947,1.7063957116445736,1.7613422066250137,2.229753524311186,2.7033783362807355,2.7858814295615657,2.812233661391641,2.60772119617672,2.7786761859180564,2.737939739341117,-0.014660379206251517,0.045023066241424825,0.0073633627578783825,,
Total Asia Pacific,1.4611225549445725,1.7280755335926312,2.003744205404136,2.4934855984133937,3.0332742734267724,3.436043933459382,3.952443314001425,4.825424341859026,5.742110586937547,6.530727227208073,6.937648075467736,6.98914526591896,7.262954751456797,8.199869227500937,9.516474094455486,10.346210014940551,11.416089069439197,12.144803159260661,12.939010110875948,13.388891654032326,14.440494011976714,15.71131404181169,16.5687926851795,17.59359892643159,19.177943990393796,20.15370192772771,21.943749056888056,23.427457006961696,23.812665079693552,25.303210467988237,26.771094015981358,27.62222439401308,29.421203950714787,31.27634277710748,33.228344079437846,35.99427827212112,37.68732010988461,39.38368742105314,41.130242366423104,43.00986764283191,47.22604797849888,47.656039175884224,48.44829586646009,49.55527307539638,51.59503721934851,54.184640820606276,55.870015684470204,58.4984474652749,60.626697127347676,63.68641324898025,62.91775471952474,-0.012069427217552109,0.040034793373026956,0.16920980591872514,,
Total World,94.44003043955036,101.00379877729452,105.69630339540836,111.08458787005063,113.4114653098779,113.70267011950445,118.2764154019583,123.60154641105254,127.7923684053125,136.41122289249094,137.82853095178044,140.5857984439024,141.2271142953019,142.48969307680883,154.26269991816417,158.76475381786034,162.87302896866743,171.03597591861194,178.08744736121955,184.55978912882685,190.57350591100447,193.1136794708215,193.1520803473774,195.8869680353423,198.75303305445343,202.05210469911822,211.307808953757,211.72238178547028,217.3279036613194,223.5240380765408,231.6399141540195,237.76054918351426,243.3153160924873,252.01830756122942,259.8042860090374,266.84821101680853,275.9512526541592,283.32144982880436,292.88561779554624,284.58861593526666,304.84477350318343,315.2158454124127,320.9995608299058,325.67408676303404,332.6247928298432,339.76161978734956,342.7326666967818,355.6829235593721,372.77349674963426,384.7084390354247,371.8327928923067,-0.03346858253331009,0.030603039494889517,1,,
