Exajoules (input-equivalent),1965,1966,1967,1968,1969,1970,1971,1972,1973,1974,1975,1976,1977,1978,1979,1980,1981,1982,1983,1984,1985,1986,1987,1988,1989,1990,1991,1992,1993,1994,1995,1996,1997,1998,1999,2000,2001,2002,2003,2004,2005,2006,2007,2008,2009,2010,2011,2012,2013,2014,2015,2016,2017,2018,2019,2020,2020_2,2009-19,2020_3,iii,jjj
Canada,0.00128,0.0017200000000000002,0.0015300000000000001,0.009179999999999999,0.00529,0.010369999999999999,0.04267,0.07211000000000001,0.15253999999999998,0.14696,0.1257,0.17416,0.2634200000000001,0.31202,0.35271,0.38032000000000005,0.4006700000000001,0.38337000000000004,0.48610000000000003,0.5221,0.60521,0.7126699999999999,0.77261,0.82867,0.7931684210526316,0.7246,0.8433894736842106,0.800221052631579,0.932842105263158,1.0708421052631578,0.9716421052631578,0.921221052631579,0.8195473684210526,0.7099263157894737,0.7298,0.7229368421052632,0.7566754613807243,0.7403225806451612,0.7294135627530363,0.8747106939322825,0.8850759493670881,0.9361209533267124,0.8878026315789469,0.906146276234063,0.8449475105263152,0.8450479795931541,0.8670446757381252,0.873514227559808,0.9467608080532649,0.9760349493224069,0.920739744924811,0.9118753494861406,0.90535284,0.8950155855955678,0.8958412257961577,0.866210253404941,-0.03571801135208286,0.005866006649735578,0.036120209668877315,,
Mexico,0,0,0,0,0,0,0,0,0,0,0,0,0,0,0,0,0,0,0,0,0,0,0,0,0.0037200000000000006,0.029370000000000004,0.04242,0.039189999999999996,0.04931,0.04239,0.08443,0.07878,0.10456,0.09265000000000001,0.10002000000000001,0.08220999999999999,0.08669337662337662,0.09620858266838708,0.10299555697499997,0.08959694964764328,0.10462978633670886,0.1045619425641509,0.09964818300374999,0.0931682217913043,0.09917685627777774,0.05518551029245396,0.09412480724542678,0.08131809811199993,0.10875783438487942,0.08865945106113766,0.10543464841339277,0.09566731718723069,0.09794575578960002,0.08646599479909428,0.10196198058310477,0.10142153048362917,-0.008018264274447962,0.0027733707968553567,0.004229189081527238,,
US,0.038491568421052634,0.0581043052631579,0.08058119999999999,0.13187809473684212,0.14660883157894739,0.22952050526315787,0.4011004736842105,0.5693803684210526,0.8787311894736842,1.1997446315789475,1.8158428947368421,2.0116161157894736,2.6408766631578953,2.909506,2.685838136842105,2.643321842105263,2.8702474000000002,2.976560505263158,3.091338094736842,3.4487742,4.038849757894737,4.3582954,4.792319810526315,5.547084705263159,5.572154915789474,6.072228189473686,6.4480535473684215,6.513434347368421,6.424118042105265,6.741471915789474,7.088443399999999,7.10240574736842,6.617307063157895,7.091601094736842,7.665832884210525,7.935715157894736,8.040357151332877,8.1052499362309,7.884689766194329,8.088826229366406,7.970946958361089,7.973813393445877,8.117301790065786,8.06471987937234,7.941829257309938,7.97327413968356,7.760030048202818,7.509261951961715,7.655010803360806,7.687765221935069,7.642118745676683,7.678055063469316,7.62583864736842,7.601349644875345,7.595138119028009,7.385018006685286,-0.030321733925123828,-0.004453584486486473,0.30794878929377656,,
Total North America,0.03977156842105264,0.0598243052631579,0.0821112,0.1410580947368421,0.15189883157894737,0.23989050526315786,0.44377047368421046,0.6414903684210526,1.0312711894736841,1.3467046315789475,1.941542894736842,2.1857761157894737,2.9042966631578953,3.221526,3.0385481368421052,3.0236418421052633,3.2709174,3.3599305052631583,3.577438094736842,3.9708742,4.644059757894738,5.0709654,5.564929810526316,6.375754705263159,6.369043336842106,6.826198189473685,7.333863021052632,7.3528454,7.406270147368423,7.854704021052632,8.144515505263156,8.102406799999999,7.541414431578948,7.894177410526316,8.495652884210525,8.740861999999998,8.883725989336977,8.941781099544448,8.717098885922365,9.053133872946331,8.960652694064885,9.01449628933674,9.104752604648482,9.064034377397707,8.88595362411403,8.873507629569167,8.72119953118637,8.464094277633523,8.71052944579895,8.752459622318614,8.668293139014887,8.685597730142685,8.629137243158022,8.582831225270008,8.592941325407272,8.352649790573855,-0.03061966472070332,-0.0033474542795910445,0.34829818804418106,,
Argentina,0,0,0,0,0,0,0,0,0,0.01036,0.025169999999999994,0.025720000000000003,0.016370000000000003,0.028960000000000003,0.026920000000000006,0.023399999999999997,0.028159999999999998,0.018699999999999998,0.03405,0.04641,0.057659999999999996,0.05711000000000001,0.06465,0.05798,0.05038999999999999,0.07281000000000001,0.07756000000000002,0.07081000000000001,0.0775,0.08234999999999999,0.07066,0.07459,0.07961000000000001,0.07453,0.07106,0.06177000000000001,0.07013162337662338,0.057458903225806435,0.07420499999999998,0.07668515923566877,0.06655499999999996,0.0742964150943396,0.06936637499999998,0.07026596273291924,0.07728388888888885,0.06767668711656438,0.059707317073170695,0.05936399999999995,0.05720909638554212,0.05051748502994008,0.06410517857142851,0.0750062130177514,0.054791999999999993,0.06148631578947368,0.0752641048750512,0.09469973276786085,0.25479457286298013,-0.0026447150063483305,0.003948895998074403,,
Brazil,0,0,0,0,0,0,0,0,0,0,0,0,0,0,0,0,0,0,0,0.01643,0.03381,0.00144,0.00973,0.0060799999999999995,0.0183,0.022370000000000004,0.01442,0.017590000000000005,0.00442,0.00055,0.02519,0.024270000000000003,0.03169,0.03265,0.03977,0.06046000000000001,0.14186279220779222,0.13657470967741933,0.13101115384615383,0.11315178343949044,0.09543132911392402,0.1323507735849056,0.11809457999999994,0.13274489068322975,0.12237166666666661,0.13632164646625758,0.14609051999999992,0.14871970909090898,0.14239774518072276,0.14089250056526936,0.13418603297142842,0.1436239397078596,0.14165276794148696,0.14024004177598987,0.1437784583434033,0.13585162181067176,-0.057713901810499846,0.016251722603005225,0.005664893764960484,,
Chile,0,0,0,0,0,0,0,0,0,0,0,0,0,0,0,0,0,0,0,0,0,0,0,0,0,0,0,0,0,0,0,0,0,0,0,0,0,0,0,0,0,0,0,0,0,0,0,0,0,0,0,0,0,0,0,0,0,0,0,,
Colombia,0,0,0,0,0,0,0,0,0,0,0,0,0,0,0,0,0,0,0,0,0,0,0,0,0,0,0,0,0,0,0,0,0,0,0,0,0,0,0,0,0,0,0,0,0,0,0,0,0,0,0,0,0,0,0,0,0,0,0,,
Ecuador,0,0,0,0,0,0,0,0,0,0,0,0,0,0,0,0,0,0,0,0,0,0,0,0,0,0,0,0,0,0,0,0,0,0,0,0,0,0,0,0,0,0,0,0,0,0,0,0,0,0,0,0,0,0,0,0,0,0,0,,
Peru,0,0,0,0,0,0,0,0,0,0,0,0,0,0,0,0,0,0,0,0,0,0,0,0,0,0,0,0,0,0,0,0,0,0,0,0,0,0,0,0,0,0,0,0,0,0,0,0,0,0,0,0,0,0,0,0,0,0,0,,
Trinidad & Tobago,0,0,0,0,0,0,0,0,0,0,0,0,0,0,0,0,0,0,0,0,0,0,0,0,0,0,0,0,0,0,0,0,0,0,0,0,0,0,0,0,0,0,0,0,0,0,0,0,0,0,0,0,0,0,0,0,0,0,0,,
Venezuela,0,0,0,0,0,0,0,0,0,0,0,0,0,0,0,0,0,0,0,0,0,0,0,0,0,0,0,0,0,0,0,0,0,0,0,0,0,0,0,0,0,0,0,0,0,0,0,0,0,0,0,0,0,0,0,0,0,0,0,,
Central America,0,0,0,0,0.00051,0.00045,0.00042,0.0007300000000000001,0.00046,0.0002600000000000001,0.00025,0.00018,0,0,0,0,0,0,0,0,0,0,0,0,0,0,0,0,0,0,0,0,0,0,0,0,0,0,0,0,0,0,0,0,0,0,0,0,0,0,0,0,0,0,0,0,0,0,0,,
Other Caribbean,0,0.00012,0.00037999999999999997,0.00018,0,0,0,0,0,0,0,0,0,0,0,0,0,0,0,0,0,0,0,0,0,0,0,0,0,0,0,0,0,0,0,0,0,0,0,0,0,0,0,0,0,0,0,0,0,0,0,0,0,0,0,0,0,0,0,,
Other South America,0,0,0,0,0,0,0,0,0,0,0,0,0,0,0,0,0,0,0,0,0,0,0,0,0,0,0,0,0,0,0,0,0,0,0,0,0,0,0,0,0,0,0,0,0,0,0,0,0,0,0,0,0,0,0,0,0,0,0,,
Total S. & Cent. America,0,0.00012,0.00037999999999999997,0.00018,0.00051,0.00045,0.00042,0.0007300000000000001,0.00046,0.01062,0.025419999999999995,0.025900000000000003,0.016370000000000003,0.028960000000000003,0.026920000000000006,0.023399999999999997,0.028159999999999998,0.018699999999999998,0.03405,0.06284000000000001,0.09147,0.058550000000000005,0.07438,0.06405999999999999,0.06868999999999999,0.09518000000000001,0.09198000000000002,0.08840000000000002,0.08191999999999999,0.08289999999999999,0.09585,0.09886,0.11130000000000001,0.10718,0.11083,0.12223000000000002,0.2119944155844156,0.19403361290322577,0.20521615384615383,0.18983694267515921,0.16198632911392397,0.2066471886792452,0.18746095499999993,0.203010853416149,0.19965555555555548,0.20399833358282196,0.20579783707317062,0.20808370909090892,0.19960684156626488,0.19140998559520944,0.19829121154285695,0.218630152725611,0.19644476794148696,0.20172635756546353,0.2190425632184545,0.2305513545785326,0.049665551144082,0.009310314221135707,0.009613789763034886,,
Austria,0,0,0,0,0,0,0,0,0,0,0,0,0,0,0,0,0,0,0,0,0,0,0,0,0,0,0,0,0,0,0,0,0,0,0,0,0,0,0,0,0,0,0,0,0,0,0,0,0,0,0,0,0,0,0,0,0,0,0,,
Belgium,0,0.00006,0.00094,0.00061,0.00021999999999999998,0.0005700000000000001,0,0.00010999999999999999,0.0007599999999999999,0.00148,0.06784,0.10036,0.11939000000000001,0.12513000000000002,0.11406999999999999,0.12549000000000002,0.12859,0.15663999999999997,0.24106000000000002,0.27743,0.34601,0.39394,0.41966999999999993,0.43102,0.41217,0.4272200000000001,0.42861000000000005,0.43456000000000006,0.41927000000000003,0.40624,0.41356000000000004,0.4333600000000001,0.47408000000000006,0.46165,0.49017000000000005,0.48157000000000005,0.46048032467532474,0.4674890322580645,0.46467865384615376,0.46106598726114634,0.4608882911392404,0.448848113207547,0.4611706874999998,0.43303751552795006,0.4459855555555553,0.4500265030674845,0.449987926829268,0.3736445454545452,0.39304409638554183,0.30877598802395184,0.2377237499999998,0.394024792899408,0.3800412000000014,0.2558678947368421,0.3879858811962324,0.30513513760557465,-0.21568941089919813,-0.013835163580264487,0.012723868257540323,,
Bulgaria,0,0,0,0,0,0,0,0,0,0.00928,0.025540000000000004,0.04989,0.05884000000000001,0.0591,0.061799999999999994,0.061649999999999996,0.09119000000000001,0.10746,0.12317999999999998,0.12735,0.13131,0.1207,0.12436,0.16030000000000005,0.14566,0.14665,0.13184,0.11552,0.13973,0.15335,0.17261,0.18082,0.17751000000000003,0.16899,0.15813999999999998,0.18178000000000002,0.19426032467532464,0.19961070967741934,0.16947692307692308,0.16386592356687896,0.1806271518987341,0.1875741509433962,0.14002368749999994,0.14981645962732912,0.14408444444444435,0.14313478527607354,0.15219768292682917,0.1463699999999999,0.13061427506024087,0.14536512592814357,0.1400596607142856,0.14282272065088747,0.13990949099999997,0.14427883,0.14758022449815647,0.1477382822551422,-0.0016641711499167933,0.0024001132086544086,0.006160557105159147,,
Croatia,,,,,,,,,,,,,,,,,,,,,,,,,,0,0,0,0,0,0,0,0,0,0,0,0,0,0,0,0,0,0,0,0,0,0,0,0,0,0,0,0,0,0,0,0,0,0,,
Cyprus,0,0,0,0,0,0,0,0,0,0,0,0,0,0,0,0,0,0,0,0,0,0,0,0,0,0,0,0,0,0,0,0,0,0,0,0,0,0,0,0,0,0,0,0,0,0,0,0,0,0,0,0,0,0,0,0,0,0,0,,
Czech Republic,0,0,0,0,0,0,0,0,0,0,0,0,0,0,0,0,0,0,0.002,0.012390000000000002,0.02397,0.06149000000000001,0.10701000000000001,0.11816000000000002,0.12418000000000003,0.12585,0.12132,0.1225,0.12627000000000002,0.12977,0.12229999999999999,0.1285,0.12494000000000001,0.13178,0.13357000000000002,0.1359,0.14653525324675326,0.18496416774193544,0.2537436346153846,0.2565400700636942,0.2394508101265822,0.25063613207547164,0.2502707062499999,0.252316956521739,0.2569625555555554,0.26271132515337403,0.263855963414634,0.2811880363636362,0.28337535542168657,0.2778269281437124,0.24444299999999977,0.21822145562130157,0.2550564,0.26771689473684207,0.2696261007783695,0.26683355428571426,-0.013061049762983168,0.004822170549434901,0.01112672574540178,,
Denmark,0,0,0,0,0,0,0,0,0,0,0,0,0,0,0,0,0,0,0,0,0,0,0,0,0,0,0,0,0,0,0,0,0,0,0,0,0,0,0,0,0,0,0,0,0,0,0,0,0,0,0,0,0,0,0,0,0,0,0,,
Estonia,,,,,,,,,,,,,,,,,,,,,0,0,0,0,0,0,0,0,0,0,0,0,0,0,0,0,0,0,0,0,0,0,0,0,0,0,0,0,0,0,0,0,0,0,0,0,0,0,0,,
Finland,0,0,0,0,0,0,0,0,0,0,0,0,0.02642105263157895,0.03241052631578947,0.06694736842105264,0.06973684210526315,0.14563157894736842,0.16658947368421054,0.17596842105263158,0.1873578947368421,0.18926315789473686,0.18945263157894737,0.1950947368421052,0.19417894736842103,0.1895789473684211,0.19082105263157895,0.1937578947368421,0.19126315789473686,0.19789473684210526,0.19292631578947367,0.19082105263157895,0.19662105263157892,0.21106315789473687,0.22080000000000002,0.23221052631578942,0.22710526315789473,0.2285472795625427,0.22230250594227502,0.22536941295546556,0.2237698089171974,0.2278823384410392,0.22287658391261164,0.22649234210526303,0.22056908139914996,0.22468631578947348,0.2162749112043912,0.21865349807445425,0.215349818181818,0.2199775206087506,0.21839508351717601,0.21402744360902234,0.21232264092183098,0.2043852631578947,0.20608144044321325,0.21502421354492332,0.20902688721804505,-0.030547434320537525,-0.004385817538248071,0.008716238307120336,,
France,0.008970000000000002,0.013949999999999999,0.02076,0.030850000000000002,0.036,0.05711000000000001,0.09329000000000003,0.14591,0.14751,0.14709999999999998,0.18248000000000003,0.15778,0.17941,0.30452,0.3996,0.61251,1.0532600000000003,1.08919,1.44261,1.9123400000000002,2.241,2.54155,2.6552,2.7552100000000004,3.0393099999999995,3.1408100000000005,3.3134,3.3844499999999997,3.6818800000000005,3.5998100000000006,3.7723100000000005,3.9734000000000003,3.9548300000000003,3.8799,3.9424400000000004,4.151620000000001,4.183417402597403,4.311243870967741,4.325878846153845,4.368208471337578,4.372401075949365,4.332026603773584,4.204918124999998,4.176111242236023,3.869728888888886,4.0223136809815925,4.127156341463412,3.9446738181818155,3.905048493975901,3.9988794610778404,3.9837175371428537,3.6502312867455586,3.585232161,3.694742528421052,3.556940652650553,3.14261354527347,-0.11889809937331841,-0.00839294510410915,0.13104423518116268,,
Germany,0.0011700000000000002,0.00265,0.01225,0.01766,0.049370000000000004,0.06494,0.062160000000000014,0.09522000000000001,0.12106,0.14459,0.24138,0.29533,0.41255000000000003,0.43873,0.52064,0.55589,0.6553300000000002,0.7442600000000001,0.78063,1.0431700000000002,1.3864100000000001,1.30489,1.41725,1.5682,1.61671,1.525,1.474,1.588,1.535,1.512,1.541,1.6161300000000003,1.7032800000000001,1.616,1.7000400000000002,1.69606,1.7019262987012986,1.627150064516129,1.618857692307692,1.6280856687898086,1.5787953797468346,1.6104067924528294,1.3438563749999994,1.41384354037267,1.274357777777777,1.3193293251533735,1.0072925445731702,0.9222654545454538,0.8967090361445775,0.8898644910179634,0.8359110466071421,0.7662131360946739,0.6869195999999999,0.6800447368421053,0.6692134761818926,0.5717284571428571,-0.14800526614289866,-0.062378989905131244,0.023840576424127957,,
Greece,0,0,0,0,0,0,0,0,0,0,0,0,0,0,0,0,0,0,0,0,0,0,0,0,0,0,0,0,0,0,0,0,0,0,0,0,0,0,0,0,0,0,0,0,0,0,0,0,0,0,0,0,0,0,0,0,0,0,0,,
Hungary,0,0,0,0,0,0,0,0,0,0,0,0,0,0,0,0,0,0,0.024730000000000002,0.03766,0.0648,0.07424,0.10986000000000001,0.13445,0.13891,0.13731000000000002,0.13726000000000002,0.13964,0.13796000000000003,0.14049,0.14026,0.1418,0.13968,0.13949,0.14096,0.1418,0.14034272727272729,0.13772961290322577,0.10801211538461537,0.11611433121019106,0.13396215189873417,0.12953037735849052,0.14034881249999995,0.14081701863354026,0.1456899999999999,0.14794067484662568,0.14632981573170725,0.14644431163636348,0.14165960313253,0.14336763305389208,0.1442061064285713,0.14534017721893475,0.144878364,0.14076894736842105,0.14519741089717328,0.14260349387755103,-0.020548190450775272,-0.0003386232262965194,0.0059464409225408335,,
Iceland,0,0,0,0,0,0,0,0,0,0,0,0,0,0,0,0,0,0,0,0,0,0,0,0,0,0,0,0,0,0,0,0,0,0,0,0,0,0,0,0,0,0,0,0,0,0,0,0,0,0,0,0,0,0,0,0,0,0,0,,
Ireland,0,0,0,0,0,0,0,0,0,0,0,0,0,0,0,0,0,0,0,0,0,0,0,0,0,0,0,0,0,0,0,0,0,0,0,0,0,0,0,0,0,0,0,0,0,0,0,0,0,0,0,0,0,0,0,0,0,0,0,,
Italy,0.0351,0.038630000000000005,0.031520000000000006,0.025760000000000005,0.016790000000000003,0.031760000000000004,0.03365,0.03626,0.03142,0.0341,0.038000000000000006,0.03807,0.03385,0.04428,0.026280000000000005,0.022080000000000006,0.027069999999999997,0.06804,0.057830000000000006,0.06887,0.07024,0.08758000000000002,0.0017400000000000002,0,0,0,0,0,0,0,0,0,0,0,0,0,0,0,0,0,0,0,0,0,0,0,0,0,0,0,0,0,0,0,0,0,0,0,0,,
Latvia,,,,,,,,,,,,,,,,,,,,,0,0,0,0,0,0,0,0,0,0,0,0,0,0,0,0,0,0,0,0,0,0,0,0,0,0,0,0,0,0,0,0,0,0,0,0,0,0,0,,
Lithuania,,,,,,,,,,,,,,,,,,,,,0.09479613,0.09881778400000002,0.09183513200000003,0.12811840600000002,0.166522992,0.17033,0.17,0.14637999999999998,0.1226,0.07706000000000002,0.11822000000000002,0.13942,0.12024000000000001,0.13554,0.09862,0.08419,0.11288220779220778,0.13959522580645156,0.15186230769230766,0.1471684585987261,0.10010460759493668,0.08324739622641508,0.09402710624999998,0.09402087577639748,0.10249677777777773,0,0,0,0,0,0,0,0,0,0,0,0,-1,0,,
Luxembourg,0,0,0,0,0,0,0,0,0,0,0,0,0,0,0,0,0,0,0,0,0,0,0,0,0,0,0,0,0,0,0,0,0,0,0,0,0,0,0,0,0,0,0,0,0,0,0,0,0,0,0,0,0,0,0,0,0,0,0,,
Netherlands,0,0,0,0.00028000000000000003,0.00315,0.00368,0.00405,0.0032600000000000007,0.011080000000000001,0.03277,0.033350000000000005,0.03872,0.0371,0.04060000000000001,0.03489,0.042,0.03658,0.03897,0.03589,0.03711,0.038990000000000004,0.042159999999999996,0.03556,0.036750000000000005,0.04019,0.03502,0.03329000000000001,0.038000000000000006,0.039479999999999994,0.039670000000000004,0.04018,0.0416,0.024079999999999997,0.03809091,0.03828213,0.039192080000000004,0.03946775084415584,0.038630427096774195,0.03940719980769229,0.037246417452229286,0.038709542278481,0.03338516773584905,0.04016549306249999,0.03961739236024843,0.04012314499999997,0.037256598220858875,0.03863040091463412,0.03630003818181815,0.02664466427710841,0.0374832226347305,0.037139301964285686,0.035853404378698196,0.030622302000000004,0.03144794210526316,0.034852976845555106,0.03627349036902372,0.03791370912565273,-0.013982799443567728,0.0015125728105860185,,
North Macedonia,,,,,,,,,,,,,,,,,,,,,,,,,,0,0,0,0,0,0,0,0,0,0,0,0,0,0,0,0,0,0,0,0,0,0,0,0,0,0,0,0,0,0,0,0,0,0,,
Norway,0,0,0,0,0,0,0,0,0,0,0,0,0,0,0,0,0,0,0,0,0,0,0,0,0,0,0,0,0,0,0,0,0,0,0,0,0,0,0,0,0,0,0,0,0,0,0,0,0,0,0,0,0,0,0,0,0,0,0,,
Poland,0,0,0,0,0,0,0,0,0,0,0,0,0,0,0,0,0,0,0,0,0,0,0,0,0,0,0,0,0,0,0,0,0,0,0,0,0,0,0,0,0,0,0,0,0,0,0,0,0,0,0,0,0,0,0,0,0,0,0,,
Portugal,0,0,0,0,0,0,0,0,0,0,0,0,0,0,0,0,0,0,0,0,0,0,0,0,0,0,0,0,0,0,0,0,0,0,0,0,0,0,0,0,0,0,0,0,0,0,0,0,0,0,0,0,0,0,0,0,0,0,0,,
Romania,0,0,0,0,0,0,0,0,0,0,0,0,0,0,0,0,0,0,0,0,0,0,0,0,0,0,0,0,0,0,0,0.01386,0.054,0.053070000000000006,0.051980000000000005,0.05456000000000001,0.05410636363636363,0.05441864516129032,0.04811653846153845,0.054066496815286615,0.05379208860759493,0.05419471698113205,0.07371731249999998,0.10668186335403722,0.11099111111111107,0.10909932515337417,0.10959278048780481,0.10632294545454538,0.1070852530120481,0.10696807185628734,0.10600714285714276,0.10217502958579872,0.103581,0.10179421052631578,0.10055419909873002,0.1018368,0.009988228113010145,-0.00982672323924949,0.004246505457016268,,
Slovakia,0,0,0,0,0,0,0,0.00003,0.00232,0.004860000000000001,0.0018700000000000004,0.00442,0.0011400000000000002,0.00018999999999999998,0.021470000000000003,0.04523,0.05133,0.0584,0.0615,0.07239,0.09381999999999999,0.11716000000000001,0.11513000000000001,0.11474000000000001,0.12157,0.12036,0.11689000000000002,0.1105,0.11486000000000002,0.12595,0.11437,0.11249,0.11073000000000002,0.11394000000000001,0.13117,0.16494,0.1699194155844156,0.17721348387096772,0.17520461538461535,0.1659221656050955,0.1716601898734177,0.1733230188679245,0.14663137499999992,0.15873987577639745,0.13298722222222212,0.1367988957055214,0.14377335365853647,0.14368090909090897,0.14488915662650592,0.14199682634730526,0.1379367857142856,0.13375278106508864,0.13572900000000002,0.1328057894736842,0.13622954526833267,0.1346267704628779,-0.014465346028689652,0.0024117281201216922,0.005613818535451698,,
Slovenia,,,,,,,,,,,,,,,,,,,,,,,,,,0.046220000000000004,0.04952000000000001,0.03971,0.039560000000000005,0.04609000000000001,0.047790000000000006,0.04562000000000001,0.050190000000000005,0.050190000000000005,0.04696,0.047610000000000006,0.05222863636363635,0.054566709677419355,0.05106865384615383,0.053199171974522286,0.0569779746835443,0.053386415094339605,0.054458437499999984,0.059612981366459594,0.05420166666666663,0.0530994478527607,0.05798140243902435,0.051259636363636334,0.04884939759036141,0.058359880239520906,0.051437142857142806,0.05173934911242598,0.056567448000000006,0.05168392789473684,0.051892902122081114,0.056422925061224496,0.08432486453376353,-0.004343503396415427,0.002352786607329666,,
Spain,0,0,0,0.0008300000000000001,0.008289999999999999,0.00923,0.025230000000000002,0.047510000000000004,0.06545000000000001,0.07223,0.07544,0.07554999999999999,0.06524,0.07648999999999999,0.067,0.051859999999999996,0.09567999999999997,0.08771000000000001,0.10661,0.23086000000000004,0.2804400000000001,0.37457999999999997,0.41271,0.5046600000000001,0.56126,0.5426799999999999,0.55578,0.5578200000000001,0.5606,0.5531300000000001,0.55455,0.5632999999999999,0.5529800000000001,0.5899300000000001,0.5885199999999999,0.62206,0.6329431168831168,0.6220289032258064,0.6068509615384614,0.6198546496815286,0.5571814556962023,0.5785709433962263,0.5269224374999998,0.5604266459627326,0.49830116666666646,0.5783343680981592,0.5385879877566042,0.5699945454545449,0.5228851776506019,0.5250098802395207,0.521884821428571,0.5306923649191199,0.5230082151,0.49895894736842106,0.5195049738330192,0.5169705792119011,-0.007597391249868246,0.004175868560584606,0.021557220825283187,,
Sweden,0.00018,0.00045,0.0005,0.00023,0.00061,0.0005600000000000001,0.0009,0.01465,0.02111,0.02054,0.11969000000000002,0.15993000000000002,0.19913000000000003,0.23780999999999997,0.21039000000000005,0.26488,0.37679,0.39044999999999996,0.41004,0.50926,0.58561,0.6995100000000001,0.6738500000000002,0.6942400000000001,0.65603,0.6818500000000001,0.76761,0.6354400000000001,0.61395,0.7315600000000002,0.69935,0.7427400000000002,0.69928,0.7358300000000001,0.73188,0.57316,0.7164075974025973,0.6723214838709677,0.6611855769230769,0.7569212101910826,0.7039065189873416,0.6444956603773583,0.6403910624999998,0.607143913043478,0.49274499999999977,0.5418640490797543,0.5641874999999996,0.593797636363636,0.6125253614457826,0.5943820958083827,0.5131692857142852,0.5712694082840232,0.591264,0.6133331578947369,0.5895079065956574,0.47810403677491287,-0.19119364429576235,0.018091334184036523,0.019936520012276245,,
Switzerland,0,0,0,0,0.00535,0.01766,0.013910000000000002,0.0384,0.0631,0.07067,0.07761000000000001,0.07939,0.08114,0.08395,0.11805,0.14346,0.15330000000000002,0.15133000000000002,0.1571,0.1844,0.22401052631578944,0.2242421052631579,0.22843157894736843,0.22633684210526311,0.22676842105263156,0.23471578947368427,0.22793684210526313,0.23285263157894742,0.2318842105263158,0.2419368421052632,0.24722105263157895,0.24967368421052635,0.2523263157894737,0.2565052631578948,0.24761052631578942,0.262621052631579,0.26451326042378676,0.2669525297113752,0.26770870445344125,0.2608847468990948,0.2244543637574949,0.2658280039721945,0.2651731578947367,0.2614054266100032,0.25966257309941504,0.249038747174685,0.2510064184852373,0.23762583732057393,0.2412975903614456,0.25430885597226577,0.21181296992481183,0.192834319526627,0.18472736842105258,0.21844105263157895,0.2253555100368701,0.20418873469387752,-0.09640176118694,-0.014070451987402977,0.008514491580045698,,
Turkey,0,0,0,0,0,0,0,0,0,0,0,0,0,0,0,0,0,0,0,0,0,0,0,0,0,0,0,0,0,0,0,0,0,0,0,0,0,0,0,0,0,0,0,0,0,0,0,0,0,0,0,0,0,0,0,0,0,0,0,,
Ukraine,,,,,,,,,,,,,,,,,,,,,0.5330680279999999,0.42709081600000015,0.5042535400000001,0.7200086480000001,0.6651638940000001,0.7617900000000001,0.7513099999999999,0.7375,0.7524299999999999,0.68848,0.70523,0.7957700000000001,0.7943300000000002,0.7523900000000001,0.72065,0.77341,0.7567439610389609,0.7698367741935483,0.7984049999999999,0.848048789808917,0.8594726582278478,0.868202830188679,0.8849328749999996,0.85376850931677,0.7831711111111108,0.8368255214723921,0.8419450060975603,0.8358195272727267,0.7669263253012042,0.8097923532934126,0.7980352499999992,0.7328609467455615,0.7701857999999999,0.7551408947368421,0.7399175551003686,0.6768026122448978,-0.08779914717905102,-0.005665135939542987,0.02822207675634764,,
United Kingdom,0.15134999999999998,0.20217,0.23277,0.26189999999999997,0.29125,0.26012,0.27548,0.29378,0.27997000000000005,0.33617,0.30338,0.36155000000000004,0.40021,0.37224000000000007,0.38308,0.37023000000000006,0.37968999999999997,0.4397200000000001,0.4992800000000001,0.53979,0.61095,0.5907899999999999,0.55238,0.6345599999999999,0.71734,0.65749,0.7054300000000001,0.7680700000000001,0.89353,0.8828200000000002,0.8896400000000001,0.9467100000000002,0.98146,0.9948594916503335,0.9513294344434999,0.8506276572150002,0.8950766304358636,0.8671485179166177,0.8698076079532616,0.7796091186789076,0.7903525148732503,0.7260346233129976,0.6027085270394407,0.4987781785849578,0.652589321924283,0.5832742335969823,0.6435371168070456,0.6528470043110205,0.6507742285095762,0.5840381432924839,0.6406410718851182,0.6493544573038317,0.6330278364121101,0.5821502271924991,0.5008448928546431,0.4465533910204082,-0.11083589721786746,-0.02611802316420786,0.018620885689822172,,
Other Europe,0,0,0,0,0,0,0,0,0,0,0,0,0,0,0,0,0.0029100000000000003,0.02533,0.03915999999999999,0.0442,0.040530000000000004,0.04019,0.044950000000000004,0.041350000000000005,0.046880000000000005,0,0,0,0,0,0,0,0,0,0,0,0,0,0,0,0,0,0,0,0,0,0,0,0,0,0,0,0,0,0,0,0,0,0,,
Total Europe,0.19677,0.25791,0.29874,0.33812,0.41103000000000006,0.4456300000000001,0.50867,0.67513,0.7437800000000001,0.8737900000000001,1.16658,1.3609900000000001,1.614421052631579,1.8154505263157894,2.0242173684210525,2.3650168421052635,3.197351578947369,3.524089473684211,4.1575884210526315,5.284577894736842,6.9552178422105255,7.388383336842105,7.689284987789474,8.462282843473686,8.868244254421052,8.944116842105265,9.177954736842107,9.242205789473683,9.606898947368421,9.521283157894738,9.769412105263157,10.321814736842105,10.42499947368421,10.338955664808228,10.404532617075082,10.488206053004474,10.749798551136477,10.81320266453801,10.835634444400629,10.940571486851885,10.75061911378064,10.662567529877046,10.096208520101937,10.026707476469882,9.488764633590945,9.687322392037402,9.55471573965992,9.257584064177042,9.092305535503863,9.09481404044659,8.818152316847517,8.52970827107377,8.425135449091059,8.375257422372552,8.29022842150256,7.437458697497479,-0.10531563245513531,-0.013412332827321016,0.3101355202172117,,
Azerbaijan,,,,,,,,,,,,,,,,,,,,,0,0,0,0,0,0,0,0,0,0,0,0,0,0,0,0,0,0,0,0,0,0,0,0,0,0,0,0,0,0,0,0,0,0,0,0,0,0,0,,
Belarus,,,,,,,,,,,,,,,,,,,,,0,0,0,0,0,0,0,0,0,0,0,0,0,0,0,0,0,0,0,0,0,0,0,0,0,0,0,0,0,0,0,0,0,0,0,0,0,0,0,,
Kazakhstan,,,,,,,,,,,,,,,,,,,,,0,0,0,0,0.001016462,0,0.005391668000000001,0.00464037,0.004463594000000001,0.0038006840000000012,0.000795492,0.0008838800000000002,0.0030051920000000007,0.0008838800000000002,0,0,0,0,0,0,0,0,0,0,0,0,0,0,0,0,0,0,0,0,0,0,0,0,0,,
Russian Federation,,,,,,,,,,,,,,,,,,,,,0.993171762,1.0522149460000003,1.2470220980000002,1.3481379700000002,1.3633849000000002,1.1832501560000002,1.199838,1.1962600000000003,1.1918600000000001,0.9782000000000001,0.9953200000000002,1.09026,1.08498,1.03719,1.21874,1.30715,1.360458116883117,1.3980152903225802,1.4745080769230767,1.4102019745222927,1.447166962025316,1.5053275471698107,1.5305498437499998,1.5498035217391295,1.5449458333333326,1.5995981042944774,1.6134157865853644,1.6462234363636352,1.5899842951807215,1.6560408502993997,1.7801751358928555,1.7800000444970399,1.8282689999999997,1.8304620263157894,1.862977541663253,1.917671319510204,0.026545805097818675,0.018895012112651433,0.07996521614056674,,
Turkmenistan,,,,,,,,,,,,,,,,,,,,,0,0,0,0,0,0,0,0,0,0,0,0,0,0,0,0,0,0,0,0,0,0,0,0,0,0,0,0,0,0,0,0,0,0,0,0,0,0,0,,
USSR,0.018605674000000003,0.020638598000000005,0.022538940000000004,0.031333546,0.03632746800000001,0.04388464200000001,0.05387248600000002,0.09833165,0.143100172,0.21460606400000007,0.28615615,0.3815268020000001,0.5103081180000001,0.524626974,0.5961770600000001,0.7392330380000002,0.8708869640000001,1.0025408900000004,1.113953964,1.4379843720000003,,,,,,,,,,,,,,,,,,,,,,,,,,,,,,,,,,,,,,,,,
Uzbekistan,,,,,,,,,,,,,,,,,,,,,0,0,0,0,0,0,0,0,0,0,0,0,0,0,0,0,0,0,0,0,0,0,0,0,0,0,0,0,0,0,0,0,0,0,0,0,0,0,0,,
Other CIS,,,,,,,,,,,,,,,,,,,,,0.052679248000000005,0.02753286200000001,0.04331012000000001,0.04812726600000002,0.012772066,0,0,0,0,0,0.0030399999999999997,0.023239999999999997,0.01607,0.01589,0.02078,0.020050000000000002,0.01974097402597403,0.022525548387096774,0.01959576923076923,0.02144923566878981,0.026300506329113914,0.02540666037735849,0.02441688749999999,0.023392844720496877,0.0235516111111111,0.0233723926380368,0.02377097560975608,0.021429272727272713,0.02174904216867468,0.022581700598802375,0.02538798214285712,0.021551272189349092,0.023576400000000004,0.01857563157894736,0.019592022941417455,0.01864743547718054,-0.05081337156830357,-0.018238796660218437,0.0007775817436644308,,
Total CIS,0.018605674000000003,0.020638598000000005,0.022538940000000004,0.031333546,0.03632746800000001,0.04388464200000001,0.05387248600000002,0.09833165,0.143100172,0.21460606400000007,0.28615615,0.3815268020000001,0.5103081180000001,0.524626974,0.5961770600000001,0.7392330380000002,0.8708869640000001,1.0025408900000004,1.113953964,1.4379843720000003,1.04585101,1.0797478080000003,1.290332218,1.3962652360000003,1.377173428,1.1832501560000002,1.2052296679999999,1.2009003700000003,1.196323594,0.9820006840000001,0.9991554920000002,1.1143838799999999,1.1040551920000001,1.05396388,1.23952,1.3272,1.3801990909090909,1.420540838709677,1.494103846153846,1.4316512101910825,1.47346746835443,1.530734207547169,1.5549667312499997,1.5731963664596265,1.5684974444444437,1.622970496932514,1.6371867621951206,1.667652709090908,1.611733337349396,1.678622550898202,1.8055631180357126,1.801551316686389,1.8518453999999998,1.8490376578947367,1.8825695646046705,1.9363187549873846,0.025740723154251688,0.018419536293043715,0.08074279788423118,,
Iran,0,0,0,0,0,0,0,0,0,0,0,0,0,0,0,0,0,0,0,0,0,0,0,0,0,0,0,0,0,0,0,0,0,0,0,0,0,0,0,0,0,0,0,0,0,0,0.0009989964014394234,0.013461263785394924,0.03922124629666203,0.037283518209482634,0.031832599531615886,0.058613341740226935,0.06261845901639344,0.06160600517687661,0.057146822295798316,0.05620180662428906,-0.019223685168760052,0,0.002343566161978936,,
Iraq,0,0,0,0,0,0,0,0,0,0,0,0,0,0,0,0,0,0,0,0,0,0,0,0,0,0,0,0,0,0,0,0,0,0,0,0,0,0,0,0,0,0,0,0,0,0,0,0,0,0,0,0,0,0,0,0,0,0,0,,
Israel,0,0,0,0,0,0,0,0,0,0,0,0,0,0,0,0,0,0,0,0,0,0,0,0,0,0,0,0,0,0,0,0,0,0,0,0,0,0,0,0,0,0,0,0,0,0,0,0,0,0,0,0,0,0,0,0,0,0,0,,
Kuwait,0,0,0,0,0,0,0,0,0,0,0,0,0,0,0,0,0,0,0,0,0,0,0,0,0,0,0,0,0,0,0,0,0,0,0,0,0,0,0,0,0,0,0,0,0,0,0,0,0,0,0,0,0,0,0,0,0,0,0,,
Oman,0,0,0,0,0,0,0,0,0,0,0,0,0,0,0,0,0,0,0,0,0,0,0,0,0,0,0,0,0,0,0,0,0,0,0,0,0,0,0,0,0,0,0,0,0,0,0,0,0,0,0,0,0,0,0,0,0,0,0,,
Qatar,0,0,0,0,0,0,0,0,0,0,0,0,0,0,0,0,0,0,0,0,0,0,0,0,0,0,0,0,0,0,0,0,0,0,0,0,0,0,0,0,0,0,0,0,0,0,0,0,0,0,0,0,0,0,0,0,0,0,0,,
Saudi Arabia,0,0,0,0,0,0,0,0,0,0,0,0,0,0,0,0,0,0,0,0,0,0,0,0,0,0,0,0,0,0,0,0,0,0,0,0,0,0,0,0,0,0,0,0,0,0,0,0,0,0,0,0,0,0,0,0,0,0,0,,
United Arab Emirates,0,0,0,0,0,0,0,0,0,0,0,0,0,0,0,0,0,0,0,0,0,0,0,0,0,0,0,0,0,0,0,0,0,0,0,0,0,0,0,0,0,0,0,0,0,0,0,0,0,0,0,0,0,0,0,0.014421922464152945,0,0,0.000601381548170121,,
Other Middle East,0,0,0,0,0,0,0,0,0,0,0,0,0,0,0,0,0,0,0,0,0,0,0,0,0,0,0,0,0,0,0,0,0,0,0,0,0,0,0,0,0,0,0,0,0,0,0,0,0,0,0,0,0,0,0,0,0,0,0,,
Total Middle East,0,0,0,0,0,0,0,0,0,0,0,0,0,0,0,0,0,0,0,0,0,0,0,0,0,0,0,0,0,0,0,0,0,0,0,0,0,0,0,0,0,0,0,0,0,0,0.0009989964014394234,0.013461263785394924,0.03922124629666203,0.037283518209482634,0.031832599531615886,0.058613341740226935,0.06261845901639344,0.06160600517687661,0.057146822295798316,0.070623729088442,0.23245292127436468,,0.0029449477101490566,,
Algeria,0,0,0,0,0,0,0,0,0,0,0,0,0,0,0,0,0,0,0,0,0,0,0,0,0,0,0,0,0,0,0,0,0,0,0,0,0,0,0,0,0,0,0,0,0,0,0,0,0,0,0,0,0,0,0,0,0,0,0,,
Egypt,0,0,0,0,0,0,0,0,0,0,0,0,0,0,0,0,0,0,0,0,0,0,0,0,0,0,0,0,0,0,0,0,0,0,0,0,0,0,0,0,0,0,0,0,0,0,0,0,0,0,0,0,0,0,0,0,0,0,0,,
Morocco,0,0,0,0,0,0,0,0,0,0,0,0,0,0,0,0,0,0,0,0,0,0,0,0,0,0,0,0,0,0,0,0,0,0,0,0,0,0,0,0,0,0,0,0,0,0,0,0,0,0,0,0,0,0,0,0,0,0,0,,
South Africa,0,0,0,0,0,0,0,0,0,0,0,0,0,0,0,0,0,0,0,0.03925000000000001,0.053149999999999996,0.08803000000000001,0.06167000000000001,0.10493000000000002,0.11099,0.08449,0.09144000000000001,0.09288000284647044,0.072550000528293,0.09696999853597513,0.11300999431249702,0.11775000085742934,0.12646999875078757,0.13600999447997789,0.12836999876462293,0.1301000009473593,0.10649395750233222,0.11836276862902848,0.12419480008304482,0.13024610029655212,0.10935291688607793,0.09647659821136542,0.10821881121283,0.12357838186842617,0.12094555028752726,0.1269712258814397,0.12036621951219505,0.12024347802994226,0.13001311747534097,0.12637616460849155,0.11144410714285703,0.1360342011834318,0.127737,0.10361052631578947,0.12119990167963948,0.1381900679538966,0.1370677496627919,0.00021010364038920315,0.005762404923089401,,
Eastern Africa,0,0,0,0,0,0,0,0,0,0,0,0,0,0,0,0,0,0,0,0,0,0,0,0,0,0,0,0,0,0,0,0,0,0,0,0,0,0,0,0,0,0,0,0,0,0,0,0,0,0,0,0,0,0,0,0,0,0,0,,
Middle Africa,0,0,0,0,0,0,0,0,0,0,0,0,0,0,0,0,0,0,0,0,0,0,0,0,0,0,0,0,0,0,0,0,0,0,0,0,0,0,0,0,0,0,0,0,0,0,0,0,0,0,0,0,0,0,0,0,0,0,0,,
Western Africa,0,0,0,0,0,0,0,0,0,0,0,0,0,0,0,0,0,0,0,0,0,0,0,0,0,0,0,0,0,0,0,0,0,0,0,0,0,0,0,0,0,0,0,0,0,0,0,0,0,0,0,0,0,0,0,0,0,0,0,,
Other Northern Africa,0,0,0,0,0,0,0,0,0,0,0,0,0,0,0,0,0,0,0,0,0,0,0,0,0,0,0,0,0,0,0,0,0,0,0,0,0,0,0,0,0,0,0,0,0,0,0,0,0,0,0,0,0,0,0,0,0,0,0,,
Other Southern Africa,0,0,0,0,0,0,0,0,0,0,0,0,0,0,0,0,0,0,0,0,0,0,0,0,0,0,0,0,0,0,0,0,0,0,0,0,0,0,0,0,0,0,0,0,0,0,0,0,0,0,0,0,0,0,0,0,0,0,0,,
Total Africa,0,0,0,0,0,0,0,0,0,0,0,0,0,0,0,0,0,0,0,0.03925000000000001,0.053149999999999996,0.08803000000000001,0.06167000000000001,0.10493000000000002,0.11099,0.08449,0.09144000000000001,0.09288000284647044,0.072550000528293,0.09696999853597513,0.11300999431249702,0.11775000085742934,0.12646999875078757,0.13600999447997789,0.12836999876462293,0.1301000009473593,0.10649395750233222,0.11836276862902848,0.12419480008304482,0.13024610029655212,0.10935291688607793,0.09647659821136542,0.10821881121283,0.12357838186842617,0.12094555028752726,0.1269712258814397,0.12036621951219505,0.12024347802994226,0.13001311747534097,0.12637616460849155,0.11144410714285703,0.1360342011834318,0.127737,0.10361052631578947,0.12119990167963948,0.1381900679538966,0.1370677496627919,0.00021010364038920315,0.005762404923089401,,
Australia,0,0,0,0,0,0,0,0,0,0,0,0,0,0,0,0,0,0,0,0,0,0,0,0,0,0,0,0,0,0,0,0,0,0,0,0,0,0,0,0,0,0,0,0,0,0,0,0,0,0,0,0,0,0,0,0,0,0,0,,
Bangladesh,0,0,0,0,0,0,0,0,0,0,0,0,0,0,0,0,0,0,0,0,0,0,0,0,0,0,0,0,0,0,0,0,0,0,0,0,0,0,0,0,0,0,0,0,0,0,0,0,0,0,0,0,0,0,0,0,0,0,0,,
China,0,0,0,0,0,0,0,0,0,0,0,0,0,0,0,0,0,0,0,0,0,0,0,0,0,0,0,0,0.016040000000000002,0.14756,0.12833,0.14338,0.14418,0.141,0.14949,0.16737000000000005,0.17358545454545454,0.24802780645161288,0.4250849999999999,0.4918316560509553,0.51408,0.5277345283018866,0.5941181249999997,0.6499554037267078,0.6615869222222217,0.7015667631901836,0.8135121951219507,0.9116796163636358,1.027687912048192,1.2204962083832325,1.5607655678571413,1.9299588390532525,2.2329,2.6394736842105258,3.1084440802949613,3.2524538775510203,0.043469757782806484,0.16733528928181496,0.13562448093139343,,
China Hong Kong SAR,0,0,0,0,0,0,0,0,0,0,0,0,0,0,0,0,0,0,0,0,0,0,0,0,0,0,0,0,0,0,0,0,0,0,0,0,0,0,0,0,0,0,0,0,0,0,0,0,0,0,0,0,0,0,0,0,0,0,0,,
India,0,0,0,0,0.0072478160000000015,0.013081424,0.009722680000000003,0.009236546000000002,0.019533748000000004,0.017986958000000004,0.021434090000000006,0.026560594000000007,0.018517286,0.022627328000000002,0.023467014000000005,0.024483476,0.024660252000000007,0.021566672000000005,0.030759024000000003,0.040393316000000005,0.04507788000000001,0.050204384,0.05320957600000001,0.06076675000000002,0.04021654000000001,0.063948718,0.05413765000000001,0.06403710600000001,0.06226934600000001,0.049453086000000014,0.076146262,0.08401279400000003,0.10071812600000002,0.11371116200000002,0.12727872,0.157684192,0.187658629012987,0.19102842243870966,0.17792759365384614,0.2071444585987261,0.1716601898734177,0.16966410566037732,0.1705163962499999,0.14473923540372663,0.1588194777777777,0.21666029631901831,0.30062307621951195,0.3072954927272725,0.3069976337349395,0.3177795341317362,0.34887205714285674,0.34309625325443754,0.33673004999999995,0.34940099999999996,0.4025991341253583,0.3962375209795918,-0.01849042556805014,0.09748073964781967,0.016522757933423227,,
Indonesia,0,0,0,0,0,0,0,0,0,0,0,0,0,0,0,0,0,0,0,0,0,0,0,0,0,0,0,0,0,0,0,0,0,0,0,0,0,0,0,0,0,0,0,0,0,0,0,0,0,0,0,0,0,0,0,0,0,0,0,,
Japan,0.00025,0.005840000000000001,0.006290000000000001,0.01044,0.010820000000000001,0.04581000000000001,0.08009999999999999,0.0948,0.09707000000000002,0.19699000000000003,0.25125,0.3407900000000001,0.31659,0.5931300000000002,0.70393,0.82591,0.8782000000000001,1.0243,1.14291,1.34264,1.5957800000000002,1.6536971900000002,1.88604998,1.73896933,1.8581419600000002,1.94571275,2.0869352200000004,2.1703513,2.4769991500000006,2.5824798600000003,2.86888266,2.96501164,3.21156937,3.2597385500000007,3.17234929,3.19121574,3.1845660825974025,3.1020342329032253,2.2565310334615383,2.7858236296815275,2.8376482374683536,2.928079060188678,2.668020119999999,2.392351324658384,2.5939216061111092,2.7441895179754585,1.5199923539634137,0.16682940109090894,0.13459300319277098,0,0.04120441178571425,0.16004674544378686,0.2616608277,0.4393718375789474,0.5851054699287177,0.381905845038498,-0.34907054194537546,-0.13835627185680321,0.0159251395863027,,
Malaysia,0,0,0,0,0,0,0,0,0,0,0,0,0,0,0,0,0,0,0,0,0,0,0,0,0,0,0,0,0,0,0,0,0,0,0,0,0,0,0,0,0,0,0,0,0,0,0,0,0,0,0,0,0,0,0,0,0,0,0,,
New Zealand,0,0,0,0,0,0,0,0,0,0,0,0,0,0,0,0,0,0,0,0,0,0,0,0,0,0,0,0,0,0,0,0,0,0,0,0,0,0,0,0,0,0,0,0,0,0,0,0,0,0,0,0,0,0,0,0,0,0,0,,
Pakistan,0,0,0,0,0,0,0.00048613400000000005,0.002032924,0.0038006840000000012,0.005303280000000001,0.0060987720000000014,0.0051706980000000005,0.003270356,0.0016793720000000002,0.0005303280000000002,0.000795492,0.0016793720000000002,0.002032924,0.0027400280000000007,0.003314550000000001,0.0038890720000000004,0.005259085999999999,0.0030493860000000007,0.0019445360000000002,0.0011932380000000003,0.004198430000000001,0.004198430000000001,0.0055242500000000005,0.004065848,0.0058778020000000005,0.0052148920000000005,0.003270356,0.004507788,0.003933266,0.000795492,0.009457516000000003,0.020724116259740265,0.01871459082580645,0.018681313730769228,0.02353471337579617,0.02457567716166132,0.02437411281425881,0.022165211298952898,0.016600861537902717,0.024025280409008132,0.023860440079160442,0.036769115910343306,0.0251772387096774,0.03928932217346712,0.04278481117792186,0.039207049555430515,0.04789352125126686,0.07305272579307304,0.08274920548134589,0.08185719485110703,0.0829952169869318,0.011132304857744746,0.13041741424203823,0.003460827930976377,,
Philippines,0,0,0,0,0,0,0,0,0,0,0,0,0,0,0,0,0,0,0,0,0,0,0,0,0,0,0,0,0,0,0,0,0,0,0,0,0,0,0,0,0,0,0,0,0,0,0,0,0,0,0,0,0,0,0,0,0,0,0,,
Singapore,0,0,0,0,0,0,0,0,0,0,0,0,0,0,0,0,0,0,0,0,0,0,0,0,0,0,0,0,0,0,0,0,0,0,0,0,0,0,0,0,0,0,0,0,0,0,0,0,0,0,0,0,0,0,0,0,0,0,0,,
South Korea,0,0,0,0,0,0,0,0,0,0,0,0,0.0007146600000000001,0.023243760000000006,0.03151904,0.034771540000000004,0.028972050000000003,0.037772889999999996,0.08965058000000002,0.11792059,0.16745341,0.28311217000000005,0.3931419300000001,0.40100672000000004,0.47365172000000005,0.52886562,0.5631075,0.56530214,0.58138203,0.5865091799999999,0.67028647,0.7392434000000001,0.7708564900000001,0.8968897199999999,1.0306377899999999,1.0896373999999998,1.1140489642207791,1.1756609332258063,1.2717807524999996,1.2738450221656048,1.421341172088607,1.4313572145283016,1.3668366307499993,1.4345692054658374,1.3956131772222211,1.3947941065030667,1.4434533762804864,1.3939439896363626,1.2791534860843365,1.4329458792215555,1.5005148599999985,1.4665828942011818,1.3358405249999998,1.1945207563157891,1.3006941450466531,1.4226929669224486,0.09080665356394957,-0.007018831391360836,0.05932505192322267,,
Sri Lanka,0,0,0,0,0,0,0,0,0,0,0,0,0,0,0,0,0,0,0,0,0,0,0,0,0,0,0,0,0,0,0,0,0,0,0,0,0,0,0,0,0,0,0,0,0,0,0,0,0,0,0,0,0,0,0,0,0,0,0,,
Taiwan,0,0,0,0,0,0,0,0,0,0,0,0,0.00099,0.026699999999999998,0.06328999999999999,0.08199,0.10668000000000002,0.13084207,0.18903699000000002,0.24588945999999995,0.2872674,0.26940797000000005,0.33128328,0.3065125500000001,0.28276138000000006,0.3286595300000001,0.35290082000000006,0.33844504999999997,0.34354155,0.34870545,0.35315640000000004,0.3778769096,0.362694706,0.3682446526,0.38415805199999997,0.3850279052,0.3525599108571428,0.39042560206858057,0.38143659703846144,0.38483948694267495,0.3870707103797467,0.3836595071320753,0.38765571749999983,0.3879819576894409,0.3926162164444443,0.3907478179325152,0.392916042219512,0.3748196763272724,0.3837844626506021,0.388354082335329,0.3321477054642854,0.2866383714674553,0.20200977719999996,0.24768469313684205,0.2881433348299877,0.2792407068786939,-0.0335443494052412,-0.03046378816352191,0.011644093152784196,,
Thailand,0,0,0,0,0,0,0,0,0,0,0,0,0,0,0,0,0,0,0,0,0,0,0,0,0,0,0,0,0,0,0,0,0,0,0,0,0,0,0,0,0,0,0,0,0,0,0,0,0,0,0,0,0,0,0,0,0,0,0,,
Vietnam,0,0,0,0,0,0,0,0,0,0,0,0,0,0,0,0,0,0,0,0,0,0,0,0,0,0,0,0,0,0,0,0,0,0,0,0,0,0,0,0,0,0,0,0,0,0,0,0,0,0,0,0,0,0,0,0,0,0,0,,
Other Asia Pacific,0,0,0,0,0,0,0,0,0,0,0,0,0,0,0,0,0,0,0,0,0,0,0,0,0,0,0,0,0,0,0,0,0,0,0,0,0,0,0,0,0,0,0,0,0,0,0,0,0,0,0,0,0,0,0,0,0,0,0,,
Total Asia Pacific,0.00025,0.005840000000000001,0.006290000000000001,0.01044,0.018067816000000004,0.05889142400000001,0.09030881399999999,0.10606947,0.12040443200000002,0.22028023800000002,0.27878286199999996,0.37252129200000006,0.34008230199999995,0.6673804600000001,0.8227363819999999,0.967950508,1.0401916740000001,1.216514556,1.4550966220000001,1.750157916,2.0994677620000006,2.2616808,2.666734152,2.509199886,2.6559648380000005,2.871385048,3.0612796200000005,3.143659846,3.4842979240000007,3.7205853780000004,4.1020166840000005,4.312795099600001,4.59452648,4.7835173505999995,4.8647093439999995,5.000392753200001,5.033143157493506,5.125891587913741,4.531442290384614,5.167018966815285,5.356375986971786,5.464868528625579,5.20931220079895,5.026197988481998,5.226582680186781,5.471818941999403,4.5072661597152175,3.1797454148551294,3.1715058198843087,3.402360515249775,3.822711651805427,4.234216624671381,4.442193905693073,4.953201176723449,5.766843359076785,5.815526134357185,0.005686535522270164,0.009885259090273824,0.24250235145810262,,
Total World,0.2553972424210526,0.3443329032631579,0.41006014,0.5211316407368421,0.6178341155789474,0.788746571263158,1.0970417736842106,1.5217514884210526,2.039015793473684,2.666000933578948,3.698481906736842,4.326714209789474,5.385478135789474,6.2579439603157905,6.508598947263158,7.119242230210526,8.407507616947369,9.12177542494737,10.338127101789473,12.545684382736844,14.889216372105265,15.947357344842105,17.34733116831579,18.912492670736846,19.45010585726316,20.00462023557895,20.961747045894736,21.12089140832016,21.848260613265136,22.258443239483338,23.22395978083881,24.06801051729953,23.902765576013945,24.313804300414525,25.243614844050228,25.80899080715183,26.3653551619628,26.613812572238132,25.907690420790654,26.912458579776295,26.812454509171744,26.975790342277147,26.26091982301219,26.01672544409379,25.490399488179285,25.986589020002747,24.74753124574344,22.910864916662845,22.954915343874788,23.283326397326366,23.456288143920876,23.664351638223494,23.73511222490003,24.127270371318883,24.929971957785185,23.981318529036777,-0.04068099870658337,-0.0022206425089149606,1,,
