Million tonnes,1965,1966,1967,1968,1969,1970,1971,1972,1973,1974,1975,1976,1977,1978,1979,1980,1981,1982,1983,1984,1985,1986,1987,1988,1989,1990,1991,1992,1993,1994,1995,1996,1997,1998,1999,2000,2001,2002,2003,2004,2005,2006,2007,2008,2009,2010,2011,2012,2013,2014,2015,2016,2017,2018,2019,2020,2020_2,2009-19,2020_3,iii,jjj
Canada,53.83500000000001,56.711000000000006,60.566,64.477,67.13499999999999,71.614,73.523,77.39500000000001,84.39632602852168,85.8108865647931,84.48206573720657,86.51812196902235,87.44321502449577,90.24626746808741,93.67269485830818,92.07083157865642,86.98266214727896,78.6746003373971,73.81165877914292,74.50884400527006,74.64595977853122,76.44200619674979,79.00780716156106,83.13489555784065,86.43208354218118,80.58866399456932,76.3241987828252,78.32032638454453,79.3502909914603,81.01673181439477,84.66961655326685,86.75483320490018,89.42848639504382,91.24625702077006,92.82589971439727,92.33252454736207,95.00292262948936,98.64670774423988,102.54353590178874,107.4491519916321,104.41506326673027,105.22292348047078,108.14960338953611,104.14221510110318,101.62991590696193,105.89013626989394,106.01425950359739,107.47678983145724,106.91145882530866,106.6586210564514,106.77617938973286,106.18038212701259,105.44858269480068,109.17328175171096,110.39029263229689,98.12675991721812,-0.11352120116425479,0.00830270396628574,0.024490439369913623,,
Mexico,14.84295232936078,15.513424702058506,16.602149512459373,18.072368364030336,19.07612892741062,20.519525460455036,21.762932827735646,24.533180931744315,26.213543878656555,29.69908450704225,32.810530877573136,36.19717876489708,37.361472372697726,42.020654209658815,45.01186453165823,50.15330154731639,54.7561360008041,56.60623244862987,55.19048508303884,58.46487321070154,60.89693239054307,61.4989015971403,64.58779593250586,64.4457766741423,68.94301430217838,71.96206053852998,74.84419886588918,75.61210201509394,75.42098771729366,81.51150298289893,75.76698494306324,77.61449594718171,80.32008952828215,84.54571022333822,83.6928697207949,87.71825282478814,86.17694551698503,82.28634001025354,84.6908921960535,88.23104232038418,90.45233911619228,89.31780201214097,92.70463434063343,92.46188573920324,89.3262092274484,89.36853190422613,90.99744767961366,92.9110269701955,90.25500276727456,85.94728203423858,84.88935487420352,85.2655907605008,81.80557694064598,79.6159887043911,73.73226826625354,56.14395437273319,-0.24062344877133934,-0.019002571297420223,0.01401238675069462,,
US,533.2297766396982,559.6812391511409,580.8702319777233,619.6422872305621,650.6494817994405,679.746878522382,703.354719406973,758.224463811897,803.5269473022727,771.3108894353692,751.859150520119,809.1646645828206,855.2347581238565,874.1986451335804,853.6143265095301,785.9966767229694,731.8279412317719,691.8878060999925,688.0243546940562,709.4112734198246,706.3435421677837,740.3280146426649,755.3389719440013,787.0958744783657,786.4241763940703,769.7349301578363,752.3351017267377,768.7061059243897,774.4401154028373,794.4417773536643,791.7470358517369,820.939887468105,831.550607018756,846.7514106409529,870.4239355753108,878.2729651441739,877.9852513086878,877.7663413062381,891.4771885766446,925.1785663690555,926.8244886396415,914.6077542611349,908.4814362089869,847.9084192396639,801.3939167663561,813.3060423425874,796.5190600189039,777.9648814170404,790.7592670211776,795.9171565038772,812.7533745887353,818.4835813811311,826.1490036277756,845.1743950031318,844.9195794660432,739.6628083702536,-0.1269679509598728,0.00530289515669069,0.18460476202264972,,
Total North America,601.907728969059,631.9056638531994,658.0383814901827,702.1916555945925,736.8606107268512,771.880403982837,798.6406522347087,860.1526447436413,914.1368172094509,886.8208605072045,869.1517471348986,931.87996531674,980.0394455210501,1006.4655668113267,992.2988858994966,928.2208098489422,873.5667393798549,827.1686388860195,817.026498556238,842.3849906357962,841.886434336858,878.268922436555,898.9345750380683,934.6765467103486,941.7992742384299,922.2856546909356,903.5034993754521,922.6385343240281,929.2113941115912,956.9700121509579,952.1836373480669,985.3092166201868,1001.2991829420819,1022.5433778850612,1046.942705010503,1058.323742516324,1059.1651194551623,1058.6993890607316,1078.7116166744868,1120.8587606810718,1121.691891022564,1109.1484797537466,1109.3356739391565,1044.5125200799703,992.3500419007664,1008.5647105167075,993.5307672021149,978.3526982186931,987.9257286137608,988.5230595945673,1004.4189088526716,1009.9295542686446,1013.4031632632223,1033.9636654592339,1029.0421403645937,893.933522660205,-0.13366902445258233,0.0036373770449384946,0.22310758814325796,,
Argentina,23.402238665574295,24.12900013008194,24.6925407273966,25.207733583909096,26.13274097601617,23.575343701927526,25.089000000000006,24.960000000000004,25.112,25.180999999999997,23.802,24.564,25.828,25.067999999999994,27.007000000000005,25.040000000000003,23.439999999999998,22.296999999999997,22.673000000000005,21.561999999999998,20.073999999999998,21.027000000000005,22.449,22.679000000000002,20.825000000000003,19.386999999999997,20.188999999999997,21.218,20.796,21.977,21.887999999999998,21.86,23.209,23.924999999999997,24.338,22.381000000000004,20.641000000000002,19.667,20.058,21.479000000000003,22.506874999999997,23.681611261717332,26.413242211024226,26.67682743112731,25.423005482471705,27.665203990149006,28.611684719604764,30.48286815997937,32.41393530087337,32.13119553760653,32.72339238983801,31.62274749708598,31.30923886631262,29.74963834392809,26.838418505056126,24.307159013383014,-0.09678932810264274,0.005432693403502498,0.006066571489513241,,
Brazil,14.843000000000002,16.166,16.692999999999998,20.048000000000002,21.965999999999998,24.894000000000002,27.433000000000003,31.513,38.842,41.89600000000001,43.232,46.80800000000001,47.935,52.19200000000001,54.846999999999994,52.87400000000001,50.32500000000001,50.922000000000004,48.24699999999999,48.842000000000006,49.55399999999999,54.68599999999999,56.27,57.253000000000014,57.638000000000005,56.81500000000001,57.45599999999999,62.286,64.67499999999998,69.014,71.98700000000002,76.64900000000002,82.24100000000001,85.736,86.77499999999999,85.759,87.94248601604394,86.0582160137154,83.52280996209184,86.23593414613907,88.43434812806645,90.1342627801144,93.85899797281533,98.23010647385384,97.3591906589721,106.06133849911856,112.78925271063578,115.75550348660042,122.78549120476673,126.82776850983198,118.54806443706744,112.16233097530679,113.71331898255244,109.54917889785969,111.54938271292849,106.84601328222402,-0.04478104949803896,0.013699008328283524,0.02666658730414418,,
Chile,3.4948824040743296,3.8226610579250035,3.9814976769166477,4.190323569515784,4.4530511131716946,4.697617050582867,5.2059999999999995,5.5200000000000005,5.251000000000001,5.0249999999999995,4.378,4.648999999999999,4.756,5.214000000000002,5.256,5.314,5.492,4.844999999999999,4.708,4.713,4.589,4.9110000000000005,5.127,5.648,6.245,6.594000000000001,7.356603583615081,7.96801614613307,8.684025086677766,9.32847047271459,10.257192733408623,10.893741911879813,11.69918525578497,11.96666951773757,12.085940195915791,11.816489030709779,11.223544145931784,11.740143428837861,11.320730072816765,12.015805102960243,12.461148836164606,13.9304695103902,17.901995335238173,18.605695754961562,18.18845834596792,16.01518582833942,17.55713877684977,17.470375432137264,16.836151430783755,16.3371742050889,16.47293079842184,17.450798845714544,16.670224650837792,17.436355092980794,17.438065787543927,15.881205930874858,-0.0917676965553893,-0.004204310083139706,0.003963625328089093,,
Colombia,3.8399588770346056,4.39794834633735,4.433244654118869,4.933632739589283,4.735831671412527,5.341652029357171,5.531,6.297,6.024,6.675000000000001,6.716000000000001,7.086999999999999,7.096,7.223999999999998,7.672999999999999,7.286519393785845,7.468405636624405,7.655207380418128,7.924868908203191,7.875359298644503,8.17549406792179,8.0851157803755,8.505432569726425,8.95795032714165,9.189225857184123,9.332203456336687,9.57490958390796,10.545783880575662,11.235908348440057,11.590662677953224,12.223581771798033,12.623774652635495,12.885887132173952,12.52101450489629,11.086680596726968,10.86418939577148,10.172728907614031,10.010699065475874,10.42134369322607,10.432865585637359,10.855565152551964,10.550782149987887,10.385213132873359,11.307473127152136,11.063808806962802,11.652751551699248,11.956793895537816,13.042901366237588,12.870992747839855,13.557506906920928,14.529071713423027,14.896975977003429,14.491181133438936,14.906627483629727,15.577909722506831,12.654075863858417,-0.18991044941955448,0.03480960717148851,0.00315819943497119,,
Ecuador,0.661,0.6910000000000001,0.7460000000000001,0.891,0.946,1.081,1.194,1.228,1.363,1.557,1.52,1.709,2.1310000000000002,2.173,2.3139999999999996,2.9639999999999995,3.3280000000000007,3.644,3.338,3.345,4.1209999999999996,4.186,4.2170000000000005,5.025,5.228,5.327,5.977,5.945,5.975,6.502000000000001,6.388,7.191,8.215,8.268,7.226000000000001,6.510999999999999,6.771,6.723,6.879,7.23140954212724,7.87697076391896,8.341572590926933,8.480195129279682,8.733508323182571,8.898310881755712,10.27268234810474,10.535787646961325,10.912621661242914,11.559054854985675,12.176431401489864,11.785230388251385,11.050229444481744,10.759390009326795,11.667145834093304,11.28741512230597,9.058276441225619,-0.19968150775370508,0.024067756508602933,0.002260761184481206,,
Peru,3.7532895516502993,4.676830153717493,4.714523543941534,4.739376685091761,4.678403808674882,4.917615041517483,4.856000000000001,4.15,4.9190000000000005,5.8420000000000005,5.898,5.9510000000000005,5.941,5.871,6.127,6.596,6.728,6.546,5.768000000000001,5.962999999999999,5.849000000000001,6.231,6.701,6.595999999999999,5.8340000000000005,5.816999999999999,5.390000000000001,5.633,5.883000000000001,6.401999999999999,7.262999999999998,7.523,7.779999999999999,7.490000000000001,7.69,7.497999999999999,7.069,6.994977038443112,6.593564211736528,7.340458094060676,7.25686689571468,6.875501315175443,7.23023125391364,8.042287489582298,8.250537729758587,8.780822094551423,9.679558492344682,9.603670893414337,9.973025680462447,9.864430950577907,10.525205929455886,11.223528153809786,11.599520063342593,11.966890735089251,12.24931956043059,9.197165143484241,-0.2512207529795579,0.04031047387909492,0.0022954249738970627,,
Trinidad & Tobago,1.901159506235679,1.9145071804549831,1.997115605810363,2.035276120478914,2.133346098369049,2.188210282897409,2.2609999999999997,3.7319999999999998,3.7509999999999994,3.7,2.822,3.181,3.101,2.773,2.1229999999999993,1.67,1.6540000000000001,1.836,1.5840000000000003,1.3499999999999999,1.438,1.558,1.0210000000000001,0.92,0.8260000000000001,1.265,1.181,1.7089999999999999,1.486,1.1179999999999999,1.283,1.4930000000000003,0.8480000000000001,0.98,1.7739999999999998,1.740629145301787,1.6110136496635539,1.8383946936344926,1.747165575678509,1.9204605561933854,1.682839055766986,1.8394357400753794,2.1062441373146568,2.2434989588764784,2.1457638149556506,2.228457252891236,2.0881807025743306,1.9917323099138404,2.248100200451115,2.010130318305216,2.19679793853709,2.327755884238252,2.1637689156646647,2.043195176139408,1.9099774032613333,1.850636386474637,-0.03371631530631669,-0.011572929327223092,0.0004618811245469484,,
Venezuela,9.555840083954967,9.371909709068932,9.542232919857067,10.407950950614623,10.27255869440908,10.740534863172124,10.812064964417088,11.806636512942305,12.907470824381395,12.893256551369435,13.800215029182768,13.586573569905648,15.282838988093989,15.895743784676384,17.02083236276549,20.750937812901682,22.017048380711216,21.702067785497906,21.20593999639867,19.89733687874927,20.42737642224981,21.331688729494147,20.19854540384785,20.89259291477226,20.436776338377292,20.633621637888297,19.476025090764075,23.43207444572577,21.001273887641894,23.653096345102295,22.614238973788012,18.152918280060344,19.66548733866003,22.11038152045434,26.280831848455097,27.0502181976994,28.93599913609054,31.14781871669817,29.48563383897323,29.99227214248977,31.350338360563953,30.432576800487066,32.8798080854975,32.4144491411569,33.01719078028129,34.937569827706625,33.622362899615915,36.77811520760504,39.76866160312033,35.11745593593083,33.03154122838814,24.910879315981205,23.05574236136472,18.959301962076577,13.739332794396645,11.239684116216218,-0.18416892839626142,-0.08394288463274435,0.0028051960812462765,,
Central America,3.942268570676723,3.9798147327314264,4.186164248866772,4.269581173832077,4.534484922908627,4.690390138101146,4.913058090502218,5.354824022160639,5.6212187111814895,5.741747760722939,6.367980907292589,6.527993016044046,6.607921908411994,6.695678473063009,6.700639714454915,6.28766609455723,6.245001214881046,6.25307427272209,6.167330666899444,6.025713779040769,6.020153168771744,6.003982858230981,6.45513359243679,6.2523065592966125,6.538273857465867,6.749546128370548,7.362582965545156,8.372907602459101,8.92921072794906,9.764510023504426,10.814812259190102,10.572648186671447,11.459179030411356,13.130995526165156,12.944129176995315,13.350225887473481,14.308626656940913,14.278424106456388,14.93707163284537,15.300774114788197,15.180132183987444,16.070680952622386,16.97837075116759,17.040687084168148,16.831665998216234,16.99373473294412,18.113030501922168,18.211840061788024,18.15915255320773,18.761590531689396,20.375539654184287,21.08843504842913,21.459177026691687,21.1467178830379,22.86221944593203,19.83909840342,-0.13460312707978062,0.031096062624636822,0.004951434624078046,,
Other Caribbean,17.763987673205737,18.407558560422814,19.19300320600284,19.614042633672213,20.08625057093546,23.057483000551244,23.504105123009687,25.17774684110932,27.241626141248908,27.03939007695749,26.27296388605291,26.660455485646622,27.983151601275694,28.67691109732986,29.551105344608843,33.41043553212495,33.75029270306307,29.265445851906467,27.89931852484266,29.662138634352733,27.559334913896894,27.012306272113996,27.943309985966867,28.146739234953547,29.704914527867796,29.18442223086827,28.51590013827021,27.15102448794079,27.40654802468294,29.028579746015236,29.080183629754156,30.146474527635306,32.02871253157392,33.02434278930623,31.651575102498388,35.94105888881431,36.36504253341619,36.6578721822235,36.15264100927242,36.2959167870637,36.56934389200472,37.03552921409155,35.570230450566385,34.31428518261728,31.952770923204916,31.468769373179192,31.75147446701168,30.91892526876541,29.40785577400196,28.90202991115982,30.089685073259577,31.11751550269654,30.21181496016837,30.83087446357505,30.088688190744143,26.02450977796954,-0.13743648790974172,-0.005992931358893894,0.00649518723930935,,
Other South America,2.276118815383049,2.360797200003629,2.533454777433318,2.619267615654543,2.8097856234849945,2.9218771816977225,3.151382862106578,3.6662196956728406,3.7065100560950275,3.2893497458118306,3.7710025486319507,3.8467088823268805,4.057395257982551,4.613408486479095,4.863288032498369,4.737182565332042,4.5531200464089645,4.2828344598763906,3.7159403176744163,3.7078447080382855,3.8912163895525116,3.861501931718595,3.9529092410841233,4.39307462364498,4.399337590453244,4.136252861333678,4.30537169899153,4.500848279913379,4.69668956188752,5.179098818878114,5.916982113877292,6.108697755706347,6.201904641997285,6.336987358500302,6.86510681280612,5.826482848648391,5.6844682684173256,5.627599425494319,5.992997124807519,6.5050803859154405,6.342969824281515,6.323085772539354,6.850420402964745,7.5747395750603275,8.096054406348365,8.66242015530263,8.7608623615721,9.08251129098633,9.05695132678213,9.037566969908653,9.38768568482347,9.809084348994052,10.14355630486423,10.614699717327996,10.636459762423465,9.172915871129124,-0.1399531927176605,0.027666899373389064,0.002289372849737674,,
Total S. & Cent. America,85.4337441477897,89.91802707074355,92.71277736034402,98.9561850723583,102.74845347938248,108.1057232898047,113.95061104003555,123.40542707188511,134.7388257329068,138.83974413486163,138.58016237116018,144.5707309539232,150.71930775576422,156.39674184154836,163.48286545432757,166.93074139870174,165.0008679816887,159.24862975042095,153.23139841401834,152.94339329882553,151.69857496239277,158.8935955719332,162.84033079306207,166.76366365980905,166.8645281713483,165.2410463147975,166.78439306109397,178.7616548427478,180.7686556372792,193.55741808416786,199.71599148181633,203.21425531458877,216.23335593060153,225.48939121705993,228.71726373339766,228.73829339441858,230.72490931411832,230.74414467097915,227.1109571214483,234.74997645737506,240.51739809302134,245.21550808812796,258.6549488626553,265.1835585417389,261.2267578288953,274.73893565398623,285.4661271746303,294.2510651386706,305.07937267727516,304.72328117851,299.66514523565013,287.6602809937416,285.5769332745649,278.8706255897378,274.17718900752953,246.07074023025973,-0.10496414128506548,0.004850298653331198,0.06141424163401428,,
Austria,5.561,6.116,6.513,7.536,8.278,9.097,10.156,10.957,11.866000000000001,10.613000000000001,10.713000000000001,11.65,11.141000000000002,12.000000000000002,12.504,12.188,11.046000000000001,10.469000000000001,10.109000000000002,9.82,9.834999999999999,10.377,10.67,10.561,10.381,10.790821538562462,11.622032315466553,11.31617528885457,11.407855855981907,11.255847495529688,11.241231884424206,11.6254778322166,11.840170355100469,12.298829313364767,12.071142835853468,11.782740343318286,12.799906384133822,13.056142057580256,14.15527889740073,13.767817635475467,13.709617528076175,13.693003777343751,12.86062618359375,12.751910244628906,12.110792055175782,12.668996968750003,11.803940548339845,11.781301726894043,12.160188861816408,11.663756667480472,11.610152184570314,12.00594499560547,12.173350319763182,12.273552558593748,12.733724570620371,11.076162888117763,-0.13254758364479446,0.005028298819129251,0.0027643845154122727,,
Belgium,15.94,16.257,17.940999999999995,20.854000000000003,24.052999999999997,26.211000000000006,26.855000000000004,29.075,30.561000000000003,26.875000000000004,25.404,26.486,26.055,27.798,27.638,25.567,23.429,22.176999999999996,20.077000000000005,19.392999999999997,19.663999999999998,22.264999999999997,22.43,23.125000000000004,22.699,23.457498929739,25.18669955444336,25.68209921717644,25.25289926838875,27.355500896453854,27.192400310516355,29.52150026607514,30.253499662518507,30.658101560711863,29.62280055236817,30.184001486778264,30.598101767539976,30.791299601554872,32.58479945349693,32.92160015523434,32.74240018796921,32.73220041227341,33.08999855375289,34.60129864382744,31.005468574285505,32.10653071188926,30.04118102061748,28.83558858275414,29.634520548343655,29.089707906484605,29.96525154006482,30.47752059960365,31.06875180745125,32.883182832479484,30.763345,21.25783754594747,-0.31087610847916936,-0.0007836638450670064,0.0053055229989627814,,
Bulgaria,3.702,4.226000000000001,5.316000000000001,6.300000000000001,7.736,8.986,9.889000000000001,10.282,10.849,11.283999999999999,11.965000000000002,12.431000000000003,12.927,13.315,13.726000000000003,13.972000000000001,12.457,12.064000000000002,11.634,11.167000000000002,10.362000000000002,10.921000000000001,10.491,11.129999999999999,10.844999999999999,9.944999763488768,6.640000301361084,5.868999206542969,6.355999145507813,6.0320000610351565,6.221000854492187,5.702998336791992,4.505998870849609,4.729998893737793,4.297998489379883,4.25099900817871,4.391999755859375,4.578999771118164,4.886000488281249,4.746999328613281,5.226999603271486,5.2802104339599625,5.208154758453368,4.966115748405457,4.479995109558105,4.0766992835998535,3.839235736846924,4.001078229904175,3.71471635055542,4.005831518173219,4.485717267990111,4.535851644515991,4.766900737731933,4.744323205749511,4.953772,4.482093051579519,-0.09768820694596225,0.010103433664303108,0.0011186390768697793,,
Croatia,,,,,,,,,,,,,,,,,,,,,,,,,,4.577999999999999,3.242,3.242,3.427,3.5309999999999997,3.919,3.7129999999999996,3.984,4.493,4.432,3.936,4.043,4.236999999999999,4.694000000000001,4.4131,4.5586,4.636000000000001,4.74260510638298,4.4851053590568055,4.373840671356011,3.6983999999999995,3.5082000000000004,3.152200000000001,3.0367,3.1881000000000004,3.3121800000000006,3.3245,3.5595,3.4457999999999998,3.3436999999999992,3.0298848509882736,-0.0963284753182192,-0.026498926745950224,0.0007561975072197181,,
Cyprus,0.394,0.45,0.487,0.5419999999999999,0.64,0.6739999999999999,0.805,0.907,0.9740000000000001,0.8680000000000001,0.718,0.73,0.8330000000000001,0.8490000000000002,0.8610000000000001,0.8680000000000001,0.8320000000000001,0.9980000000000001,1.0519999999999998,1.0630000000000002,1.051,1.1360000000000001,1.34,1.4349999999999998,1.481,1.565,1.628,1.8639999999999999,1.9629999999999999,1.9389999999999998,2.057,2.1009999999999995,2.146,2.344,2.4570000000000003,2.5589999999999997,2.569,2.542,2.7019999999999995,2.63,2.954,2.9139999999999993,2.9620016348139635,3.0279996580172757,2.9560004372149558,2.853,2.8,2.602,2.314,2.335,2.38276,2.594491,2.652071724896805,2.616021,2.595507,2.214134,-0.14926661590513424,-0.012921321342306502,0.0005526027204975464,,
Czech Republic,3.9970000000000003,4.418,4.9159999999999995,5.42,5.819000000000001,6.984,7.6850000000000005,8.419,9.469999999999999,9.719,10.725000000000001,11.336,11.851999999999999,12.260999999999997,12.461,11.6,11.431,10.427,10.207,10.818,10.623000000000001,10.178,10.27,9.856000000000002,9.379999999999999,8.447,7.095,6.778065452461915,6.868851063032884,7.049080477037765,7.987081261002304,8.344181017338302,7.932551936593871,8.221339112356697,8.14828852117069,7.8693292911977,8.322905196688083,8.07176781099935,8.631512425139755,9.51000881620184,9.932000214551751,9.8000185940909,9.724,9.767000000000001,9.423,8.902000000000001,9.017656505584718,8.900831901550292,8.478068634033203,8.975363498687743,8.736783046722412,8.188261917114257,9.561324347972871,9.624,9.749,8.551875753251467,-0.12519130449226812,0.003406911015788383,0.002134373893632348,,
Denmark,10.405000000000001,11.863,12.553,13.637,16.421000000000003,18.276999999999997,18.029,19.088,17.601,15.955,15.745000000000003,16.741,16.729,16.657000000000004,15.908999999999997,13.589000000000002,12.825000000000003,11.04,10.442,10.321,10.639999999999999,10.506000000000002,9.644999999999996,9.582999999999998,9.229999999999999,9.030000000000001,9.157000000000002,9.070999999999998,9.520999999999999,10.147,10.581000000000001,11.524999999999999,11.109,10.714,10.646000000000003,10.343,9.924000000000001,9.583,9.228,9.057999999999998,9.148723276913564,9.329429461099682,9.393607632965875,9.197442853337746,8.247627325070987,8.326626945845804,8.07741004654914,7.494033256422,7.460318047819762,7.5016470312119505,7.578466527067067,7.436921507486284,7.3707552586233644,7.468078874842807,7.359629960074061,6.107898566227818,-0.17234829035917842,-0.011326952278618685,0.0015244069980500528,,
Estonia,,,,,,,,,,,,,,,,,,,,,3.423635321152227,3.3877435202685464,3.4219710784974477,3.4529716921345344,3.562664283528261,3.505583238034119,3.086208864465392,1.659,1.759,1.5990000000000002,1.2530000000000001,1.3549999999999998,1.3279999999999998,1.333,1.2429999999999999,1.1139999999999999,1.2870000000000001,1.444,1.354,1.3760000000000001,1.4009999999999998,1.466,1.564,1.489852334262848,1.3379336231151822,1.379092058643341,1.3418910979576113,1.5937174797058107,1.5785182666778563,1.457079845428467,1.4495286140441894,1.4095430965423585,1.4721582431793216,1.452160152069092,1.2933649999999999,1.1922585712446778,-0.08069181231533673,-0.0033821677655344606,0.00029756344015598277,,
Finland,5.721,6.923,7.248999999999999,8.224,9.562999999999999,10.763,11.138,11.865,13.271999999999998,11.561,11.943000000000001,12.826,12.507000000000001,12.545000000000002,13.302,12.794,12.251,11.313999999999998,10.504,10.648,10.754,11.250000000000002,11.184000000000001,11.033000000000001,11.010999999999997,11.166998433589939,11.10399924981594,10.99199948000908,10.480000057458877,10.897999969005587,9.83400099992752,10.246000586032867,10.094000358104706,10.521000435352326,10.633000047206881,10.54655857181549,10.335657811164856,10.60963298511505,10.931703790664676,10.16205499172211,10.549244142269899,10.218017268807985,10.308495945486449,9.93945046311493,9.362454771911622,9.718903928617861,9.350969587964313,9.038609152001635,9.401041597527756,8.87924555592047,8.88958376162417,9.411164925273594,9.127590899769473,9.109746798777158,8.918,8.09903370575929,-0.09431428589745394,-0.0048517731255277585,0.00202135374787791,,
France,53.887,57.66300000000001,66.219,71.782,82.953,94.27199999999999,102.768,114.123,127.269,121.007,110.37799999999999,119.45200000000001,114.582,118.961,118.34299999999999,109.89100000000002,99.00399999999999,91.50399999999999,89.4,85.888,84.29999999999998,86.03999999999999,86.60000000000002,86,88.39999999999999,89.40000000000002,94.64500000000001,94.43463666225648,91.04128463856854,88.10986643134406,88.86144503262877,90.72573587224852,91.3087940203572,94.66610255737791,96.12537576593506,94.55775692271908,95.0707765885721,92.47392245269056,92.71845807854952,93.6485536185186,92.38043928868888,92.15666832737712,89.75179403063244,88.1114940884596,84.64813961138384,81.62578563098714,79.89510013328054,77.02812154927038,75.93974431334802,73.39088323565682,73.31931399549067,72.861705315,73.19088390200001,73.004849828,72.322638809,61.42133033598623,-0.1530520248949262,-0.015613419533877293,0.015329512233787326,,
Germany,86.27400000000002,96.47200000000001,100.073,112.36600000000003,126.325,138.74900000000002,144.03899999999996,152.236,162.23000000000002,146.97899999999998,142.61699999999993,154.035,152.47099999999998,158.11800000000005,163.16099999999997,147.31699999999998,133.44799999999998,125.93900000000001,123.09600000000002,122.471,126.33799999999997,133.263,129.486,129.37000000000003,121.609,127.27700000000002,133.14199999999997,134.333001724846,136.31200150473592,135.10801545253867,135.11002351148542,137.30106056705029,136.362136640404,136.4911681732184,132.26601780334153,129.53001760532385,131.23901737375076,126.88104809373908,124.34000119589878,122.91473484612963,120.3922968468222,120.3169212085411,108.84754659624538,115.62875829908755,110.56342282600866,111.99900000000002,108.445,107.69,110.00799999999998,106.90600000000002,106.687,109.021,111.30479040404042,106.00124644025972,106.55064049614812,96.18916946532605,-0.09971111313625569,-0.0036900697750926748,0.024006856282835047,,
Greece,4.4350000000000005,4.839,5.689,5.815,6.190000000000001,6.707000000000001,7.405000000000001,8.586,10,9.39,9.943000000000001,10.573999999999998,10.764,11.701999999999998,12.383000000000001,12.4,11.92,11.901,11.414,11.688999999999998,11.977999999999998,12.159,13.205,13.661000000000001,14.961,15.715000976562502,16.038000244140623,16.372000000000003,16.716000732421872,17.106999755859377,17.848999267578126,18.519999755859374,18.713,19.5840009765625,19.11400073242188,19.913999267578124,20.207000488281253,20.32499926757813,21.30100073242188,20.918000488281255,21.021999999999995,21.995999755859373,22.333999511718748,21.329999755859372,19.974999267578127,18.15600122070313,17.2570009765625,15.088999755859374,14.00600048828125,13.88,14.436000000000002,14.436000244140626,14.778743458374024,14.563019,15.008128,12.038198445912673,-0.20007963729199185,-0.028184156019722018,0.0030044889835487277,,
Hungary,3.7760000000000002,4.144,4.3790000000000004,4.578999999999999,5.114999999999999,5.932,6.679,7.259,8.155000000000001,8.932,10.049000000000001,10.506,11.178,12.366,11.629,11.279,10.774999999999997,10.197,9.669000000000002,10.137,10.325,9.53,10.001000000000001,9.241000000000001,8.93,9.007000320434571,7.72899990081787,8.247999740600587,7.4749997749328605,7.790000133514406,7.436000782012938,6.84399905014038,6.983999546051025,7.433000495910644,7.028999092102051,6.802001344680786,6.540999956130982,6.34599959564209,5.970999397277832,6.363001431465149,7.341000170707702,7.736999879837036,7.6920002522468565,7.286999700546265,6.915000345230103,6.4799993705749515,6.315991205851237,5.93218175760905,5.821183176676432,6.4522448139277255,6.905573252806325,6.955572322020193,7.453429688783831,8.001859704201113,8.091288042600384,7.5254183184581755,-0.07247683845772046,0.01583353451604852,0.0018781910379688216,,
Iceland,0.46900000000000003,0.506,0.49,0.523,0.47900000000000004,0.48900000000000005,0.533,0.5710000000000001,0.661,0.6180000000000001,0.5790000000000001,0.5820000000000001,0.609,0.642,0.625,0.583,0.5690000000000001,0.5190000000000001,0.504,0.526,0.522,0.53,0.5720000000000001,0.598,0.639,0.652,0.612,0.661,0.686,0.695,0.699,0.78,0.766,0.7840000000000001,0.781,0.796,0.748,0.778,0.7853534303149998,0.8214189677909999,0.838759545071,0.8526785476370001,0.853194455053,0.7897885580569999,0.731657750067,0.7005593859189999,0.6908754682789999,0.6836316932360001,0.7164236056990002,0.7554709923370001,0.816904358574,0.897636425881,1.0025185396560001,1.089006929189,0.918886755078,0.6953956486475232,-0.2452871295575516,0.023046564822797988,0.00017355658115758904,,
Ireland,2.4240000000000004,2.704,3.0229999999999997,3.3640000000000003,3.651,4.101,4.525,4.984,5.401,5.352,5.232,5.305,5.6579999999999995,6.041,6.3500000000000005,5.716000000000001,5.062999999999999,4.414,4.007999999999999,3.9419999999999993,3.93,4.869,4.26,3.845,3.9560000000000004,4.409185965538025,4.849455402374267,5.073248218536377,5.140413330078125,5.611413635253907,5.712034763336182,6.009199691772461,6.580013359069825,7.362035160064697,8.344034702301025,8.281764774322511,8.9677448387146,8.787076038360595,8.54532401275635,8.854014152526855,9.310266679876484,9.274737323999403,9.390532735824586,8.960843852758408,7.948246368765833,7.524972577571869,6.9325179715576155,6.591663614990234,6.609020707687378,6.533690636108398,6.869232160057068,7.184053691543579,7.131675696830749,7.419000801757813,7.333509407407408,6.180932831183889,-0.1594685853491905,-0.008017402534455487,0.0015426348620836946,,
Italy,52.29,57.650999999999996,63.71700000000001,70.25900000000001,77.334,87.33300000000001,93.821,98.188,103.557,100.755,94.531,98.81899999999999,96.064,99.77499999999999,103.19500000000001,97.89699999999999,95.65800000000002,90.69300000000001,89.198,84.86099999999999,84.394,86.44999999999999,90.13999999999999,91.69000000000003,93.80599999999998,96.266,96.34199999999998,97.703,94.919,94.58900000000003,97.75999999999999,96.04900000000002,97.10400000000001,96.664,95.778,94.76299999999999,92.874,93.321,92.528,90.50006327501414,87.74494740007894,87.64906864581894,84.74261234127867,79.83223528774336,73.77727097030925,71.7184317063481,69.70840860355581,64.88950114220802,59.092600732421886,56.0110850769603,59.51998393936843,58.777589782414644,59.390493781686374,60.803348270603614,59.088446903026544,49.33299138541247,-0.16738035318130362,-0.021956888011443576,0.012312509202180605,,
Latvia,,,,,,,,,,,,,,,,,,,,,5.741912391497461,4.832219926441245,3.927998340706297,3.521909512144883,3.5204234042651805,3.3164658791863735,3.2153012203387217,2.451,2.192000144958496,2.075999674797058,1.8690002517700197,1.9700007667541506,1.7450002479553222,1.6680003433227537,1.5520007133483886,1.265001413345337,1.469479135513306,1.460608774185181,1.47158012008667,1.5776435432434082,1.671862461090088,1.571582068152726,1.7045645814538002,1.6757812147401274,1.5283336907393241,1.7221061477661133,1.57881857585907,1.5767440447807313,1.5938620195388793,1.602007544517517,1.681204692721367,1.7328113592863084,1.7693221700787545,1.6460084531797008,1.82186,1.6421930447874902,-0.10108011672417128,0.017723215446459717,0.00040985791471144755,,
Lithuania,,,,,,,,,,,,,,,,,,,,,8.676712202913537,7.260280654906064,7.9671564757352185,7.660762979575855,7.859463439670588,7.512432538311317,8.262945669533181,4.342728997289973,3.7904227642276425,3.518249322493225,3.172710027100271,3.295485094850948,3.2630000000000003,3.756,3.085,2.372,2.7399999999999998,2.53,2.42,2.595618465539662,2.773200768833849,2.782301764935104,2.723226844965675,2.9844137444933923,2.569053122544645,2.6399,2.5525999999999995,2.6129,2.5410000000000004,2.4779000000000004,2.7139999999999995,2.9509000000000003,3.0676,3.2371,3.227500000000001,3.0237655776506505,-0.06568429959197375,0.023079344689169945,0.000754670261310555,,
Luxembourg,0.8310000000000001,0.9470000000000001,1.0470000000000002,1.1549999999999998,1.2779999999999996,1.355,1.412,1.4789999999999999,1.643,1.479,1.312,1.421,1.396,1.403,1.2930000000000004,1.075,1.031,1.0199999999999998,0.97,0.9710000000000001,1.032,1.1260000000000001,1.28,1.3149999999999997,1.445,1.5830002746582033,1.8429991455078123,1.89499934387207,1.8899999237060545,1.884999771118164,1.7649997100830077,1.8270004348754882,1.9050005798339844,1.9799999389648433,2.116000122070312,2.2762900409698488,2.4174181675463915,2.4634184161424635,2.6464171453714367,3.0044096252322205,3.081885790526867,2.9322819939106703,2.852927622765302,2.8768355236202474,2.6930783110558987,2.8220258591771126,2.8829000480175013,2.7826482018828393,2.7369714237302545,2.6378604523539546,2.591385496139527,2.588106687217951,2.7075720129311085,2.866308888027192,2.898253,2.2791135217709706,-0.2157736278903486,0.007369345837298535,0.0005688202847945889,,
Netherlands,25.285999999999998,27.384,27.999000000000002,30.110999999999997,32.899,36.510000000000005,35.988,40.059999999999995,41.29,35.387,34.828,39.18,37.596,38.36452044616374,41.50962382734905,38.792766135128275,36.22047684583587,31.50550784498237,29.736999395212656,29.352357727492155,29.59013029147705,32.800293126788354,33.004270759112075,35.09636628797555,34.61785061915232,35.86988172666189,34.594493189005284,36.15607935891387,35.7913780813695,35.54005454475497,37.43181750576393,37.46749244552674,38.97155743361431,39.42558682045527,40.1651063030609,40.80236989634357,42.79382339555946,42.87340823309289,42.85386397440107,44.84739194141209,47.65787600939797,47.55363670032377,48.730817291365604,46.342708490970026,44.182000579954675,44.93800008392335,45.65100064086914,43.273999023437504,41.02292524414062,39.143181420166016,38.31169682473257,39.59874408473059,38.01721380134525,38.896979383162765,38.12959079533188,35.21706453371391,-0.07890847204642326,-0.014624688763709037,0.008789461554390096,,
North Macedonia,,,,,,,,,,,,,,,,,,,,,,,,,,1.0786588020324708,0.9616256141662598,1.041539354324341,1.1164301834106447,0.865576350927353,0.8100840110778809,1.2338144536018374,1.0323331384658814,0.9344091110229493,0.9336579494476319,0.9619404964447023,0.7952498331069946,0.8961337337493895,0.8648936824798583,0.8832965755462647,0.9116458377838136,0.9599983615875245,1.0404073638916016,0.9380808696746826,0.9688665790557861,0.9351012802124025,0.9727652931213379,0.9419442405700683,0.9173962139785289,0.9109820786453784,0.9729989929199218,1.080778322905302,1.022164602750063,0.9789930000000001,1.0705599999999997,0.9881992203744675,-0.07945447008613049,0.010031000749662677,0.0002466343850789903,,
Norway,5.105,5.761,5.956,6.63,7.291,8.198,8.092,8.476,8.609,7.841,8.1,8.957000000000003,8.82,9.849999999999998,9.786,9.391000000000002,8.727,8.374000000000002,8.272,8.564999999999998,8.992,9.698,9.585999999999999,8.976,9.112999999999998,8.745310943603515,8.062997436523439,8.328235900878907,8.779833129882812,8.988137329101562,8.878047912597657,9.545798706054688,9.670705444335937,9.676332930730712,9.589739551107252,8.873528808593752,10.073004566192626,9.727067230224609,10.032392543792724,9.822920534337577,9.81461183012132,10.045676967528317,9.975594646252048,9.89056880607303,9.963614031762555,10.154681987320465,9.986324278601504,9.776978844223319,10.114762744421446,9.595157356142414,9.690369967300098,9.25730807595535,9.167351117220347,9.52763190012508,9.096090029327435,8.666223702629097,-0.049861482469260254,-0.009068154649605087,0.0021629128112901743,,
Poland,5.409,5.620000000000001,6.089,7.620000000000001,8.387,8.864,9.422999999999998,10.578,11.742,12.390000000000002,13.491,14.902,15.940999999999999,17.058,17.39,17.126,16.052,15.165000000000001,15.663000000000002,16.075999999999997,16.351,16.878999999999998,17.080000000000002,17.503999999999998,17.345,15.842999999999998,14.93,13.597,14.039,14.808,14.935,17.470466599176255,18.18565540475603,20.80634910213597,21.76219751753365,19.961485024921014,19.484435533382296,19.85729919771752,20.16412907259804,21.532720468770457,22.32013642957352,24.085782768211992,24.908695363960895,25.615723006178193,25.359534267388025,26.78528852459018,26.656288524590167,25.65868657534247,23.79428852459017,23.90628852459017,25.015288524590176,27.50468657534247,29.814000000000007,30.583811241215574,31.132618100961533,29.432345718008072,-0.057196880208081,0.020721909997243326,0.0073457136353967615,,
Portugal,2.569,2.63,2.904,3.1130000000000004,3.2600000000000007,4.516277,5.125517,5.573346999999999,6.125928,6.538641999999999,6.845985,7.179770999999999,7.092950999999999,7.3540849999999995,7.874006999999999,8.435103,8.95843,9.357751,9.463428000000002,9.425531000000001,9.089216999999998,9.665854000000001,9.371279000000001,9.770916999999999,12.390276999999998,11.298303234375,11.8395200546875,13.051483145751952,12.299330217041016,12.24128364160156,13.903389447235107,13.209723785644531,14.195977447540281,15.637005758789066,16.21157363430786,15.833489152130127,15.874256538055418,16.337663073394776,15.347807937286374,15.596460730895998,16.165460473205567,14.297541738281252,14.447813034820559,14.01529632672949,12.965703696008303,12.640417010648926,11.851030446756837,10.799509278499663,11.149411200660628,11.320996039693833,11.224777319569334,11.417232464477538,11.390322011978151,11.32411585805355,11.658904391732758,9.568593772966485,-0.18153114962502614,-0.01056751535627276,0.0023881259897897606,,
Romania,7.147,7.447,8.428999999999998,8.866000000000001,9.895000000000001,10.713999999999999,10.876,11.619000000000002,13.065999999999999,12.054000000000002,13.657000000000002,15.234,16.501,18.410000000000004,19.598000000000003,18.570999999999998,16.662000000000003,16.38,14.643999999999998,14.011000000000003,15.031,16.159000000000002,17.77,16.649,17.192000000000004,18.693,15.566,12.66,12.121,11.246000000000002,13.493999999999998,12.977999999999998,13.659,11.968000000000002,9.475999999999999,9.979,10.604000000000001,10.645000000000001,9.425000000000002,10.854000000000001,10.508999999999999,10.311,10.291417260490894,10.263412786489749,9.0063851590106,8.604,8.886000000000001,8.982999999999999,8.205000000000002,8.785,8.951999999999998,9.405999999999999,9.851999999999997,10.082309923560258,10.415708661417321,10.24835855133338,-0.018755429523103606,0.014644325329377983,0.002557781424295512,,
Slovakia,2.298,2.5389999999999997,2.825,3.115999999999999,3.345,4.014,4.418000000000001,4.839,5.444000000000001,5.587,6.164000000000001,6.516,6.813000000000001,7.048000000000002,7.162999999999999,6.668,6.571,5.994,5.867,6.219,6.18,5.9670000000000005,5.868,5.727,5.668,4.966,4.353,3.92,3.2439999999999998,3.348,3.2409999999999997,3.3989999999999996,3.393,3.785,3.431,3.4100000000000006,3.155000019073486,3.5360004568099974,3.3300003045797344,3.1830001522898677,3.8160000448226925,3.3830007328987124,3.5599995841979974,3.849998945236206,3.6230007781982425,3.7949986038208006,3.7429999999999994,3.4790000000000005,3.4840000000000004,3.2350000000000003,3.491,3.609,4.067,4.117,3.9139999999999997,3.685531974730378,-0.060944758498574614,0.007755644636768366,0.0009198336666690911,,
Slovenia,,,,,,,,,,,,,,,,,,,,,,,,,,1.6649995422363282,1.6079989318847656,1.5600005950927733,1.8749993438720705,2.029000091552734,2.1979999694824217,2.5390003051757812,2.5369996490478517,2.4410000610351563,2.460001022338867,2.31999951171875,2.4199997634887698,2.349998794555664,2.389999320983886,2.491998809814453,2.5339989204406734,2.6609986095428466,2.618942773818969,3.0368607046051026,2.5726395854949953,2.578359137535095,2.571582802772522,2.5198743238449097,2.3900559720993044,2.367966711997985,2.32703666472435,2.4999899652482713,2.5632232964871036,2.6378766105203626,2.5127600000000005,1.9702902592379172,-0.2180284020285711,-0.0023522987265324202,0.0004917442925426777,,
Spain,14.209,16.801000000000002,20.340000000000003,21.606,24.6,28.066,30.898000000000003,32.54,39.138000000000005,41.080999999999996,42.652,48.346000000000004,45.507999999999996,46.394,49.146,52.152999999999984,50.358,47.76,47.775000000000006,44.778999999999996,42.879999999999995,42.723,44.72700000000001,45.77799999999999,48.104000000000006,46.66500024414062,47.74399975585938,53.91500048828125,51.29300048828126,53.916999999999994,57.59800048828125,59.2025201708,61.62672246814062,66.71354466,68.90998098941124,69.86096988700582,72.83972519222942,73.4295132267578,75.26189116667116,77.22131629366037,77.80800709703811,78.40748660240156,78.90762191531894,76.28885693448737,71.59336153478509,69.6488880489352,66.48965400879037,62.115700712070314,57.98988227550782,57.714156993923,59.83567209378906,61.81814242585938,61.99082386929076,63.16327262914614,63.098984734541006,51.66853616618907,-0.18338836164917816,-0.012550346598823814,0.012895413579106752,,
Sweden,19.44642840380404,22.012218901779345,21.937240567285905,24.826811180490065,26.610252533328662,28.95140781445409,27.2039022489617,27.922886660509036,28.525819190865597,25.633823256320106,25.532809956783588,28.157679429851175,27.300561526444174,33.133801162695775,35.70600976084901,31.499463770010113,28.33196074738578,26.334117843512193,22.788348414535605,21.745261272637524,23.382189746743013,24.91844150658336,21.387687907501224,19.922598817663964,19.174740949195247,19.15215700943064,16.396890902817116,17.276507822836486,17.04608050142094,18.04585156797967,17.090303458719454,18.342569532842365,17.158818175473677,19.427181172133345,18.66991931382316,15.962450320764857,16.214839171014383,16.474108934661633,17.751534647238145,17.029903580554603,17.03139999142209,17.215563683642756,16.751913630832608,15.872279721503892,15.22822516709915,15.205458611998385,14.063831521005685,13.866014752769107,13.64000744340057,13.360311885352665,13.099996085952435,13.531815021134872,13.458030411010593,12.770761199953933,13.647983694794476,12.67312846043719,-0.07396559748142328,-0.010896085765635832,0.0031629545747694013,,
Switzerland,8.037,8.551,9.263,10.28,11.167,12.523,13.281,13.612,14.650000000000002,13.030999999999999,12.511000000000001,12.993000000000002,13.056,13.421,12.874999999999998,12.846,11.865,11.208999999999998,12.261999999999999,11.823999999999998,12.021000000000003,13.177999999999997,12.396,12.430000000000001,11.923,12.757,12.973,13.141,12.312000000000001,12.732000000000001,11.796999999999999,12.215000000000002,12.836,13.003000000000002,12.602,12.209000000000001,13.079,12.396000000000003,12.062000000000001,12.016000000000002,12.239309152,12.551273745449999,11.310123551999999,12.056841973237832,12.249291721337292,11.372227495102251,11.028259828882868,11.235067224011175,11.766838464504284,10.54882,10.670614999999998,10.083240031847133,10.33269594814815,9.964294659259258,10.174312814814815,8.476702526342466,-0.16912893373820503,-0.018389012730498755,0.002115612188289088,,
Turkey,3.564,4.247,4.991999999999999,6.029,6.713000000000001,7.097000000000001,8.429,9.549,11.682999999999998,11.334999999999999,12.481,14.105,15.937999999999999,16.916,15.061000000000002,15.395999999999999,15.156000000000002,16.224999999999998,17.043000000000003,16.968,17.784999999999997,19.213,21.642999999999997,23.064,21.612,22.929,22.349999999999998,23.619,27.083,25.846,28.987000000000005,30.291999999999998,29.829,29.796,29.603,30.953,28.843999999999998,30.865000000000002,30.451999999999998,31.104,30.72,32.037000000000006,32.585,32.112,32.6,31.78600000000001,31.085,33.065000000000005,35.579,36.409,43.78778441877059,46.97881079939183,49.25824562293091,47.51539213646618,47.35549139034498,43.35708711975414,-0.08693535081965587,0.038042834114749624,0.010821045291398474,,
Ukraine,,,,,,,,,,,,,,,,,,,,,64.32769746096415,64.53307445415167,67.0769053130271,61.579222588223814,58.83671339280474,65.17589717441098,62.53704126388898,39.97899999999999,28.739000000000004,24.810000000000002,25.631000000000004,15.879,18.31,16.756000000000004,12.584999999999999,11.82,13.049999999999997,13.200000000000001,13.661999999999999,13.697000000000001,14.051,14.405610000000001,14.85708,14.217438,13.861181000000002,13.009236000000001,12.988702000000002,13.131028,12.158718999999998,10.963802000000001,9.780105295302013,10.193427645332024,10.459848999999998,10.813213000000001,10.90855594126461,10.374058384980458,-0.051596378212805716,-0.023669845708063852,0.002589153540906099,,
United Kingdom,74.981,80.27600000000001,86.151,91.082,97.91799999999999,103.893,104.51400000000001,110.796,113.617,105.53,92.196,91.55700000000002,92.25000000000001,94.30300000000001,94.717,80.918,74.73399999999998,75.62599999999999,72.48899999999999,89.684,77.485,77.45700000000001,75.21000000000002,80.03899999999999,81.82200000000002,82.994,82.64500000000001,83.723,84.156,83.20400000000001,82.23599999999999,84.247,81.69200000000002,81.224,79.86985,78.84509379445592,78.6842510696917,78.20111887871293,78.71311047478503,80.98929454545285,83.80871688780913,83.00605353655138,80.27385827864276,78.59037292424217,74.63697097043753,73.4861954935092,72.27604339377756,70.21889941348068,69.02165287766847,68.8371440155868,70.6894810248302,73.21618365488942,73.07022534591755,72.09395985686332,70.67095062839932,54.72616922742174,-0.22773581380188734,-0.005445257306428752,0.013658536474071743,,
Other Europe,4.121194570022729,4.847088749724686,5.920693335482861,6.880124626992759,7.386572862829157,8.79739469722552,11.144546400000001,11.5878898,12.592233200000003,14.1185766,13.872919999999997,14.7722634,16.1066998,17.641761199999998,18.9328316,17.370845,16.0370605,16.36909,17.4749535,16.427586,22.911501555109343,23.9318510726715,24.038268815940235,25.764712904997136,24.722149088177595,16.865414118869584,13.059168060612064,10.098067970189703,8.88464655284553,8.270953146341464,7.987300788617887,9.191734281842818,10.074339341463416,9.620089813008128,8.740859646509485,9.577364597728998,11.211540868731708,12.008102654639567,13.187139404607047,14.117909921516816,14.681281894557555,15.041162178557556,15.82008797766861,15.829084915557555,15.836333135557554,16.092676230074424,16.105810966620574,15.202069869125188,14.854080424836354,14.79075153055462,15.288184579169785,16.342161681496165,17.17605552328167,17.02143086821841,17.28443349822682,15.66520644006694,-0.09615751472689993,0.008788335953269888,0.003909716257433685,,
Total Europe,422.2786229738267,463.29430765150414,502.4179339027687,552.5159358074828,615.3068253961579,682.0740795116797,715.1319656489617,765.1721234605089,819.9919803908657,771.9140418563202,744.1857149567836,794.793713829851,787.689212326444,824.3271678088595,843.138472188198,785.9031779051383,731.4119280932216,694.9754666884945,675.7627293097482,678.7917360001298,759.6159959698567,783.2037582618107,786.0495376905195,789.3794617827159,786.2362821767941,802.321610653866,795.0603770777099,774.0528679687155,755.9774267021235,752.1878297482402,766.737872238133,774.6687595526714,781.0962740796764,796.9150763902558,784.7515453050394,774.5131515603356,785.6691334144218,783.0763292790225,787.3921916970838,795.1702528952403,800.8476884729204,803.2999050886218,786.8252614608951,778.6228497350021,739.2934230374607,730.1505603040641,710.3949912326117,686.5425243464431,672.9308991599655,659.6314333319015,677.088027628891,693.3270962622564,705.18863354413,703.7396560042749,700.0421396251118,603.0571835664382,-0.14089530858007016,-0.005440582493269508,0.15051078220848513,,
Azerbaijan,,,,,,,,,,,,,,,,,,,,,8.25186509876056,8.64939825080365,8.144260304455637,8.344730128840505,8.140393732408638,8.542886006525633,8.240032698043379,8.031482384823846,8.000764227642277,7.301815718157183,6.580227642276422,5.936747967479675,5.64630081300813,5.947373983739838,5.726821138211383,6.330644986449865,3.9969268292682925,3.665,4.271999999999999,4.603,5.376,4.806000000000001,4.524,3.5907,3.3121000000000005,3.2646,3.9869,4.168000000000001,4.5428999999999995,4.446102843601896,4.536865402843602,4.522889573459715,4.557560610636519,4.782622797311672,4.761140081621229,4.1730492865645,-0.1259136590788148,0.03695701005808116,0.0010415080516923943,,
Belarus,,,,,,,,,,,,,,,,,,,,,25.39552103016982,30.003835898946782,29.676480029727273,28.746861872260432,26.91684088450494,24.889064045265766,24.0662238081313,20.503,14.523000000000001,11.806999999999999,10.745000000000001,10.556000000000001,9.203,8.693000000000001,7.975999999999999,7.865000000000001,7.6850000000000005,8.003,8.181,8.164,7.567,8.847999999999999,8.071,7.955,9.241,7.414,8.464,10.426,7.053000000000001,8.070275067750677,6.867180046765394,6.733167300380229,6.70138452405608,7.422078238001315,7.058119528757256,6.4688155346993925,-0.0859971768640706,-0.02658730957999722,0.0016144845175909293,,
Kazakhstan,,,,,,,,,,,,,,,,,,,,,20.699585862241324,18.869399454499607,18.249554452910573,18.33539528261505,18.719632360654877,21.54695116488979,21.747963663300354,20.330000000000002,15.729999999999999,12.321398373983738,11.975479674796746,10.184135501355016,10.225008130081301,8.505325203252033,7.013439024390243,7.688,7.7120000000000015,7.916,8.640999999999998,9.110606002472098,9.330835810106244,10.679140313539158,11.535206604967623,11.489015451896757,9.304486519823676,9.596863558289353,12.767375529879729,13.622179668331277,13.844197878899138,14.123148913587398,16.816039285948143,15.802560714530747,17.66653684391872,18.650842351199998,17.486851616256416,17.315355025946584,-0.012512618526028363,0.06512829394073383,0.004321559713061154,,
Russian Federation,,,,,,,,,,,,,,,,,,,,,247.35810011558243,250.38409128151687,252.49677146734774,250.56229654277135,255.2898399896265,251.73382362381287,245.34743336591342,234.997,196.228,172.89033333000003,150.59839757,129.55939708,128.35526517,123.106438202,125.684019101,123.24442147144242,127.08560711291499,122.05935000000001,126.46707210499997,124.686,125.02099999999999,130.39500000000004,129.972,133.632,128.18347999999997,133.285128,142.22422616600002,144.6437970543725,144.35101504169384,151.68539837287025,145.40340099374495,148.4745994225462,147.8223330207935,150.23765414770997,153.8692177760999,146.2851859338106,-0.05188638935093748,0.01843184064640102,0.03650980099466118,,
Turkmenistan,,,,,,,,,,,,,,,,,,,,,4.861204929782519,3.538164419634791,3.5336854178986146,3.5303648871516846,3.5258716519466025,4.606347500188786,5.15559748667648,5.008,2.8520000000000003,2.8600000000000003,2.6319999999999997,3.0570000000000004,2.987,3.831,4.187,4.001,3.8040000000000003,4.346,4.958,4.942,4.976999999999999,4.849,5.091,5.224,5.022,5.547,5.767,6.01,6.179,6.463,6.506,6.46,6.468547,6.514679000000001,6.660127853466833,6.320977640635634,-0.053515585794316034,0.02863331455477036,0.0015775871922925234,,
USSR,168.32461802698614,180.25550808327833,196.39385486128197,209.33477069934833,222.581288810831,245.08434823467593,259.892234824483,281.89215103560485,303.06616171640803,333.0613938725869,348.783242112995,358.4498120761919,372.13202841178327,394.78962774610795,401.89260426253395,421.4674391001997,425.29989372120855,422.3370852737863,416.29411985093316,416.46720604601586,,,,,,,,,,,,,,,,,,,,,,,,,,,,,,,,,,,,,,,,,
Uzbekistan,,,,,,,,,,,,,,,,,,,,,11.608512928525258,11.903425682511122,11.288994387223607,13.923177007836717,13.306284428507732,11.065999999999999,10.628,8.498000000000001,8.986,7.651000000000002,6.669,6.604,7.006,6.747,7.017999999999999,6.992,6.969000000000001,6.947,6.82,6.193999999999999,5.246,5.235,5.0169999999999995,5.043,4.598999999999999,4.292999999999999,3.6570000000000005,3.5369999999999995,3.8180000000000005,3.433,3.462,3.59,3.7574129999999992,4.15133,4.3244443726869175,3.7494518599022917,-0.13533228001954922,-0.0061366161010857345,0.0009357867672672891,,
Other CIS,,,,,,,,,,,,,,,,,,,,,14.770948113607037,14.03211172834644,13.865562999225068,13.882429072517857,13.186108916589166,13.84462482576489,10.298657344491145,8.221514905149052,5.057235772357723,2.3580813008130086,2.2320813008130083,1.9949783197831978,1.9579268292682928,1.9276693766937671,1.5523604336043362,1.4494634146341463,1.5204634146341465,1.549360433604336,1.713,1.8790000000000004,2.0232671690024935,2.2192953790080785,2.668918724997344,2.8507677182467157,3.0071980495399426,2.9577217823796014,3.0657997587914485,3.398670379779707,3.5174857704454165,3.4043102473972766,3.505508918919533,3.823441244810832,3.6390217367322504,4.35854361787735,4.117496357343566,3.5952095676611777,-0.12923138734396022,0.03192258877828902,0.0008972910347108054,,
Total CIS,168.32461802698614,180.25550808327833,196.39385486128197,209.33477069934833,222.581288810831,245.08434823467593,259.892234824483,281.89215103560485,303.06616171640803,333.0613938725869,348.783242112995,358.4498120761919,372.13202841178327,394.78962774610795,401.89260426253395,421.4674391001997,425.29989372120855,422.3370852737863,416.29411985093316,416.46720604601586,332.9457380786689,337.38042671625925,337.25530905878844,337.3252547939936,339.0849719642385,336.22969716644775,325.4839083665561,305.5889972899729,251.37699999999998,217.18962872295398,191.4321861878862,167.8922588686179,165.3805009423577,158.7578067656856,159.15763969720595,157.57052987252644,158.77299735681743,154.48571043360434,161.05207210499992,159.5786060024721,159.54110297910876,167.0314356925473,166.87912532996498,169.7844831701435,162.6692645693636,166.35831334066893,179.9323014546712,185.80564710248348,183.30559869103843,191.62523544520747,187.0969946482216,189.40665825572773,190.61279673613706,196.1177501521003,198.2773975862321,187.90804484922018,-0.054886552012986534,0.019992012145086502,0.04689801827127628,,
Iran,6.911394139909714,7.564124324525052,8.362168224008787,9.225470073450321,10.06702216696832,10.874706880937667,11.900579174915086,13.222147378140216,15.870855835773586,18.430288029184894,21.562830776751937,24.46188165753798,28.3340215577658,28.425532104898643,29.874739136998997,27.63549230066236,27.55680015054034,29.97888338512821,36.46144049242778,39.49066257152614,43.378361866572256,40.06910873941455,41.751403090199425,41.897998654580846,44.90634755322614,46.30366322573148,49.056885865924585,52.70019752776952,57.85661362102693,59.7153837571481,58.73296326237592,61.62982143551382,63.298317838146225,61.343430260278296,62.75422480917425,64.62444187031741,66.60312239344766,67.0606670376358,67.2620942565829,70.52310828266481,75.63846583775131,82.4820043390659,83.23886887935258,85.65805335817484,83.12427866397452,77.36612561133133,78.88887014629661,81.35936724676581,86.738466517305,80.16609553393195,70.44560371366306,69.96734990577056,70.89371675763144,74.12492619410816,80.16239935103351,75.31738845103905,-0.06300704763369147,-0.003621651173889684,0.018797685126019772,,
Iraq,1.3212217709281475,1.4298940093330745,1.5480684617649594,1.6781790591774044,1.8141670924267181,2.4379921229220614,2.6125451856842106,3.2395668435087717,3.135382752,3.1031336870175434,3.084473123368421,3.839281943017544,4.48522779845614,4.21024512187706,5.071171791583543,6.757055922551897,7.254690367930713,7.538599491703254,8.615009376183169,9.399332508966411,11.02122930620901,11.776670521035653,12.18563718821223,13.31110796021773,14.859265268132809,14.80497623627316,11.020810760513813,17.519615599444776,24.58413911889519,28.22261640958883,27.41024123927386,28.55085661385763,34.53323502462963,22.892879024247293,16.378615249542825,21.805483642639174,25.29256630712185,23.771789659674525,22.552873137929513,24.347580377145245,22.863494354668774,23.54122459973371,22.529586723700167,22.256707405852076,25.52751636692314,27.173409957437492,29.99371655783117,31.922346996630083,34.36021060930244,32.89701824204174,33.33503595446287,36.949653348481895,35.03498658062326,34.187341507923875,34.488675445509706,30.22697636522825,-0.1259626932980743,0.03054460771566503,0.007544037249705831,,
Israel,3.8780902662473253,4.044911417293341,4.216176834766476,4.396267944146223,4.584725749727242,4.7799236491833605,4.985,5.208,5.509,5.62,5.795,6.121,6.397000000000001,6.821,7.481,8.010000000000002,8.154,7.887,7.437000000000001,6.917999999999999,6.508,6.748,7.557,8.354,8.571,8.877999999999998,9.110000000000001,9.581999999999999,9.949000000000002,11.008999999999999,12.362,12.385,11.677723724000002,12.418905006000001,13.227713387,13.526686850000003,12.5142707822391,12.355946444323997,12.629319772683973,11.844873718595005,12.185794804654385,11.74421818230155,12.340364211000002,12.011130835035699,10.80133390148696,11.213133700000002,11.843975560000002,13.945218483442025,10.273967023676734,9.736947723787113,10.361436650241085,10.583777037998361,11.644167876679118,11.430781910868456,11.6204208347,9.778647607995309,-0.16079373283456622,0.007336212241162654,0.002440551145940143,,
Kuwait,5.281704155217231,5.1386232194578545,4.999803056071296,4.866261826958782,4.737091154845897,4.612354741923506,4.534,4.888,4.6209999999999996,4.2250000000000005,3.282,3.888000000000001,3.7619999999999996,4.055,4.548,3.889,5.465999999999999,6.167999999999999,6.7780000000000005,7.1259999999999994,6.852999999999999,7.112000000000001,6.9689999999999985,6.666,6.5120000000000005,4.3709999999999996,3.574,4.8580000000000005,4.124,5.113000000000001,5.312,5.145999999999999,5.667000000000001,8.514000000000001,9.804,10.220010000000002,10.488534525862068,12.193115186046512,14.845075651685393,16.854851371021685,18.39902327767759,17.094922859418848,17.244883719054258,18.1914143863765,18.78232650587323,21.0849861032192,20.41161996686757,20.288067577445943,20.609892277598536,21.192803789378907,20.078101569103325,19.365961609662403,20.266396243713775,20.142544875188445,18.98080564672527,17.55730715224639,-0.07752406860041405,0.0010517418141402501,0.004381946032598924,,
Oman,0.442,0.461,0.481,0.503,0.524,0.548,1.3349999999999997,1.5259999999999998,1.3259999999999998,1.214,1.1019999999999999,1.264,1.21,1.151,1.1889999999999998,0.8850000000000001,0.867,1.3189999999999997,0.992,1.646,1.4120000000000001,0.9680000000000001,1.124,1.013,1.349,2.045,3.404,2.992999999999999,2.85,2.485,2.7399999999999998,2.6350000000000002,2.3040000000000003,2.3120000000000003,2.9829999999999997,3.1850000000000005,3.548,4.164216693450512,3.9917472859051837,3.900435388591628,4.343147415916094,4.505588228976999,4.299307780184759,5.8521599880941375,5.561174970723556,6.3475034832967205,6.63677326531722,7.207015597868265,8.36540713736201,8.579305445713315,8.624770722101655,8.853619206289546,10.550414152191507,10.75834115062322,11.108895126850214,9.695881979139365,-0.12958126007048942,0.07164373842754368,0.002419894531810427,,
Qatar,0.047,0.047,0.07100000000000001,0.092,0.10700000000000001,0.09300000000000001,0.08900000000000002,0.106,0.138,0.188,0.22400000000000003,0.30800000000000005,0.41000000000000003,0.398,0.432,0.34868613899702944,0.49571200164415796,0.5510533190094274,0.6004343475241104,0.7064424807520817,0.7551904920714769,0.9483138570914134,0.9253138570914132,1.019174251081403,1.0647572570187398,1.0775061868614535,0.9379782680797277,1.0760007106973841,1.147310618423745,1.3252454539961327,1.288243293398139,1.416962563306945,1.6963716252814218,1.8023101834237754,1.7038582277873309,1.6741906897184684,1.8989866955123702,2.168166850013744,2.5197482475588844,3.1245878181683384,3.4431281091775974,4.46549912088114,4.9773895072285175,6.0299671732869635,5.878831380217479,6.259817581475548,7.905462350075484,8.346846229457242,10.006441832221878,10.581777238666632,12.542185108667063,13.138825017225585,11.784575025748616,12.073817562620524,13.294880174394372,9.858011399037668,-0.2605366266784659,0.08502399445448039,0.0024603587306838877,,
Saudi Arabia,19.577,19.744999999999997,19.913,20.083000000000002,20.255000000000003,21.040169127740988,21.281622576622098,22.742499519086483,24.120890837754743,25.289344286635856,19.279841779422455,22.4735809122442,26.029696556895594,28.12286044167315,34.011923222385285,27.722456667236145,33.37061906119919,37.13349367114817,41.22752507245652,45.97067520572733,46.75470768037526,45.976855581820665,48.766253880262525,50.06689692630479,48.12272545788761,51.208318930632565,53.532696460364946,51.810629207254955,52.12193338830945,62.967955466275626,60.22290573380474,62.149305201732005,63.218858215605,67.3846784103859,69.8508994026314,72.07411870440377,75.90680432949083,78.23354192584918,82.90431198126934,89.56554785949501,89.2503426282389,93.40361575282736,99.47809781930513,110.10477730783374,120.16986215208726,132.07066408394633,138.57966375969892,145.6306294887357,146.10421154504374,160.904801055002,166.97227314733894,164.65504118294743,160.6919535440384,151.69198251864825,153.20272609204608,150.01984408666743,-0.02345109895505293,0.024582875638342383,0.03744189555415805,,
United Arab Emirates,0.06957009124558836,0.07425199061719892,0.07978721916157355,0.0891282821599642,0.09903971539208414,0.1152397478369163,0.136,0.179,0.28,0.388,0.629,0.9309999999999999,1.393,1.5370000000000001,2.0949999999999993,5.071,5.498,6.087000000000001,6.085,6.965999999999999,8.713000000000001,10.55,11.535,13.848000000000003,14.530999999999999,15.206999999999999,18.863000000000003,19.000000000000004,19.671,20.651,20.63,19.935,20.254000000000005,20.174,19.655,19.386000000000003,19.099,19.684,21.823999999999998,23.632999999999996,24.634,26.518,28.387999999999995,29.843000000000004,28.992,31.034000000000006,33.223276,34.809972,38.634463,38.362037,41.680358999999996,45.22457999999999,44.769384921875,44.43812700000001,42.67253106595683,34.73854919312081,-0.18815138781573126,0.03941031577213705,0.008670033877920851,,
Other Middle East,5.743445937253512,5.973288296208068,6.2107614383375,6.461883957037069,6.720527607128257,6.515560865206317,6.789827368650396,6.607921507654859,7.109627223885957,7.606717441347099,8.36465603941232,9.433692298875323,10.39445762577116,10.910615749715852,12.642015480854068,12.303771824229859,13.19120970304278,14.877355253237253,16.03422453985378,17.395363655250957,17.722339950297933,17.41528702459602,18.753486603578295,18.80780709563924,18.55721156315113,19.54880684335956,21.15826066560384,21.40559502348131,21.93735534633748,22.63851072038984,24.400790813861427,24.398024886824,25.72689678009742,26.707517139378858,27.1772636182521,27.51981912454007,28.2301100394344,28.940568609450377,29.745244439535014,31.600039969730545,35.54964687199228,35.99436017049823,37.63620854951468,38.764283174890274,37.39913374062325,34.695131459036766,34.17091854931193,32.34943596784359,29.657872186976345,29.60338648640652,25.75203223978778,24.795227445883608,25.177614172039867,25.039997648056083,25.274079150814973,24.037304870134268,-0.05153303387534869,-0.038428949405763246,0.005999221395211455,,
Total Middle East,43.27142636080152,44.47809325743459,45.881765234110595,47.39519114292976,48.908573486488514,51.01694713575082,53.663574305871805,57.71913524839034,62.11075664941429,66.0644834441854,63.32380171895513,72.72043681167504,82.4154035388887,85.63125341816472,97.34484963182187,92.6224628536773,101.85403128435718,111.54038512022632,124.23063382844536,135.6184764222229,143.11782929552595,141.56423572395832,149.5670946193439,154.98398488782402,158.47330709941642,163.44427142285818,170.65763202048697,180.9450380686479,194.2413520929928,214.12771180739855,213.09914434271408,218.24597070123437,228.37640320775975,223.54972002371414,223.5345746943879,234.01575088161889,243.58139507310827,248.57201240644468,258.27441477315017,275.3940247854123,286.307043300077,299.7494332537037,310.13270718934,328.71149362954424,336.23645768190937,347.24477197974346,361.6542761553989,375.8588995881887,384.75093212948667,392.0241725149281,389.7917981053658,393.5340347542593,390.813209274541,383.88786036803697,390.80541288803096,361.22991110460856,-0.07820380103693703,0.015153174079209464,0.09015562364404935,,
Algeria,1.2890000000000001,1.6930000000000003,1.5779999999999998,1.6820000000000002,1.775,2.0320000000000005,2.2880000000000003,2.5140000000000002,2.7390000000000003,3.0360000000000005,3.378,3.8770000000000002,4.400000000000001,4.521,5.42,5.468999999999999,5.889000000000001,6.244999999999999,7.010999999999999,7.759999999999999,7.966000000000001,8.078000000000001,8.158000000000001,8.168000000000001,8.553,9.156,9.069,9.113,9.078999999999999,8.669999999999998,8.433,8.059999999999999,7.986,8.217,8.110000000000001,8.482999999999999,8.782000000000002,9.734,10.124999999999998,10.59,11.034396000000001,11.5159,12.900566315000003,14.020728,14.868,14.974999999999998,15.826,16.816999999999997,17.565,18.275,19.4626,18.9165,18.5683,18.883799999999997,19.52915,16.547330000000002,-0.15500066742039487,0.027644918013267183,0.004129876319577165,,
Egypt,6.935999999999999,7.449,6.0600000000000005,6.342000000000001,4.680000000000001,6.075,6.264000000000001,7.1499999999999995,6.7219999999999995,7.407999999999999,8.218,9.725999999999999,10.389,10.728000000000003,11.763,13.136999999999999,15.150999999999998,17.237,18.923000000000002,20.48,20.802999999999994,20.856,22.054000000000002,21.926,22.719000000000005,23.310999999999993,22.926000000000005,21.984,20.538999999999998,21.468,23.281,24.598999999999997,25.961999999999996,27.327000000000005,27.908,27.249000000000002,25.659000000000002,25.331,26.190000000000005,25.163,29.333000000000006,27.82,29.805,31.163200000000007,33.548230000000004,35.320299999999996,32.958,34.504296937677324,35.012,37.682,39.01823860713347,39.86093860713347,36.80219233818229,33.89018159005569,34.1393496865061,30.72629553361569,-0.10243328628528803,0.001748182673275256,0.007668657137593136,,
Morocco,0.9547790696732621,1.385657115781666,1.5221973546882814,1.6702972235923077,1.8079285589737595,1.892292670690607,1.9969999999999999,2.122,2.545,2.734,2.8230000000000004,3.0850000000000004,3.4820000000000007,3.7359999999999998,4.237,4.3,4.229,4.454,4.499,4.685,4.656,4.566999999999999,4.558,4.872,5.356,5.545,5.533,6.541,6.639,7.217,6.817000000000001,6.411,6.822,6.752000000000001,7.445,6.945,6.941000000000001,7.233,7.222899999999999,8.613617000000001,9.371917999999999,9.488531000000002,9.90322,10.913899999999998,11.016841,12.256283999999999,13.120629999999998,13.188661999999999,13.371123999999998,12.653455999999997,12.344078596205746,12.597,13.326,12.996828361140649,13.18622693200458,11.743686217828184,-0.11183087445302087,0.01813729544657461,0.0029309847338243288,,
South Africa,5.606,6.093,6.622999999999998,7.201,7.918999999999998,8.581999999999997,9.388000000000003,10.239999999999998,11.302999999999999,11.011000000000001,11.684000000000001,11.811000000000002,11.697000000000001,12.287,11.650000000000002,11.983000000000002,12.979000000000001,13.144999999999996,13.269,14.447999999999999,14.116,13.623,14.401,15.874144985441097,16.448530696708286,16.593072298407126,16.72184962525612,17.275910060769842,18.003359468648306,18.783181748046268,20.034483232787146,20.669290658543108,21.0009541488849,21.315423742275794,21.615748660451626,21.99076867295293,22.466463009901805,23.051164881566052,23.882968776463944,24.769833179648028,24.775885729285655,25.24224317325434,25.74237915546019,24.378068094652214,23.885012644394596,24.898364538288206,25.188450676623745,25.854619457035287,26.30903876963431,25.938569216982486,28.61298532452057,27.4287864480589,27.364817984265528,27.29001607071086,26.952109810627082,23.298586419675672,-0.13791798701525815,0.012154310950031944,0.005814852325676751,,
Eastern Africa,5.414419455206874,5.700476098388412,5.996409727553606,6.243633673694616,6.614666441387982,6.91598465159385,8.281061994122581,8.598365762504875,9.016920188586605,9.05622054419765,8.678259132319486,8.6797601475314,8.865661852176052,8.693283969620664,8.860384160705667,9.182004673142004,8.921157353327864,8.61801264981356,8.532214839048883,8.69392427868378,8.899127534878287,9.478530520580037,9.616449530329906,10.456519307487442,10.900786897298637,11.111110876185501,10.83044720884537,10.895182812430429,11.193186570286192,11.777087577209128,12.167003231487348,12.55823504579691,12.739941687247839,12.907035604631632,13.615243044535392,13.71290893287648,14.441202159614608,14.616748863247103,14.691941674653757,16.03237849031505,16.745608966105696,17.71195838547424,18.35498346885343,18.83636544609387,19.771656789456305,20.525222630868903,21.57618341485613,21.81512487015555,23.350831752417335,24.06278928588642,26.52065540394303,26.754457615636362,28.248481116084246,29.25514850469817,30.51430179902264,25.181456043641614,-0.17702019149666415,0.04434991907115626,0.006284778209361194,,
Middle Africa,1.996993924374224,2.036393525696713,2.084279656598351,2.14065914589977,2.209560397793923,2.2439024296315835,2.642723932139327,2.7533775034816537,2.8387694815266364,2.9864385212198177,2.8631896877299563,2.980274987170188,3.1639035673049216,3.713386156649579,3.7980828423420645,3.7632048310773807,3.9702889171606057,3.669971824423653,4.202178106862049,3.7895275865016544,4.238300018793519,4.067661693776075,4.16006590479262,4.399097705151144,4.477911182584051,4.058687121617313,3.8631341725566615,3.8567474329702165,3.9931197904856757,3.921057278812016,3.8080548059122874,3.8235121758843604,3.9506517565243944,3.7381149104973415,3.9503133543290034,4.336921369134243,4.611119835052176,4.765728141144822,5.220386838217411,5.502293075567357,5.151870926822192,5.941696638694413,6.719844236681676,7.688005181745527,8.602169805390623,9.38938448216119,9.968314660983411,10.604531954966385,11.89844463517106,12.815186531646065,12.577920962927744,12.181205998067764,11.431269076590244,11.498927633084623,10.983997129983461,9.584456254287494,-0.12980046314380767,0.02474365976460846,0.0023920849418368503,,
Western Africa,3.68112709815363,3.9654716125428005,4.034734870919724,4.025483703811971,4.4560368021394865,4.91002517615456,6.525384790805883,6.960268017304017,7.702182034162958,7.899973231314684,8.590793992102721,10.494779874999807,11.313278996836011,12.110433394916472,13.673112132675024,14.52338547513046,14.726266391254496,15.544527617878703,14.554161731843287,13.313805435918296,13.857398622131587,12.882628599631463,13.767720162368743,14.31953492246442,14.710950940058872,14.175097037742521,15.16084851370122,16.58548206686309,16.396620139328423,16.418295261988533,16.57404862839536,17.55010891020569,17.482271196458072,17.637270630267302,18.82965644632111,18.490632230743596,19.264508203404745,20.29122177809829,19.89706849483457,20.854796467575866,21.775440264786532,20.305116822287296,20.820981823636536,23.602202558075106,23.650090744663807,25.06724284434823,25.391438000762022,26.54588305497831,26.968236772392782,25.337065602723698,25.96281879169708,29.202992446688974,31.862246264808267,36.65416965272291,36.912883507676206,32.9582757005789,-0.10957306382917331,0.045525226742963554,0.008225713897644893,,
Other Northern Africa,1.395567307809253,1.5478329097749515,1.6554318856533037,1.886050419089564,2.097939446699964,2.2739954431563234,2.119864272533582,2.4688140758956227,3.190530564126307,3.479455485035456,3.580309782164696,4.644571917590084,5.284567462952168,5.802662437037558,6.313454357501023,7.1081601187848396,7.948242110359889,8.606444859953195,9.129560731307661,8.789842453394659,9.208897993323152,8.869552684516847,10.260458754336645,10.451568438329948,10.523511131459077,10.616070559519844,10.812594369043653,10.455486087186472,11.59044580831124,12.476445808311238,13.092390019587334,13.223573022042123,13.741390019587335,14.334390019587335,14.909391392018513,15.659470685983155,15.57945728115742,15.48245728115742,16.42145728115742,16.39117068598316,17.56095004255152,18.33537728115742,16.804807281157416,17.46465068598316,18.575607281157417,18.78446728115742,12.420937281157421,15.831985109324973,16.70916325339494,17.050202589468412,15.156164222775114,13.860658516660783,14.266131406951633,14.546321943915956,15.011903359541602,12.387158373082519,-0.1770987740723563,-0.02107532873518947,0.0030915822692751936,,
Other Southern Africa,0.19815552405841133,0.2026409700814557,0.21011556181199811,0.21507600764438983,0.22073984088572288,0.22703975758923564,0.23462204718548405,0.24516329732954711,0.2696649775238965,0.3293748909497731,0.33393958882067526,0.3090196880656343,0.3074588102263373,0.34207534051908445,0.36933873872338496,0.38053545342410544,0.43908971647991046,0.43991501973969727,0.44331079252341066,0.4530312166563294,0.53001882403195,0.571018892256874,0.5967453567048662,0.6380091899163265,0.7124199156307329,0.9906014245364116,0.9630000000000001,1.1045,1.116,1.1315,1.2552,1.2753,1.3657386470000001,1.421221363,1.496761023,1.5301213630000001,1.685177396,1.6190525,1.6938061000000002,1.7057007000000002,1.7734258,1.8128,1.8971,2.0822000000000003,2.1185000000000005,2.2058,2.2845,2.367832847,2.533163504,2.596502117,2.717680008,2.764638632875183,2.7872831359999997,2.853837516,2.860747911266082,2.6394710022758074,-0.0798702246694214,0.030493156834143553,0.0006587581675418005,,
Total Africa,27.472042379275656,30.073472232266,29.764169057225256,31.406200173732618,31.780871487880837,35.15224012881615,39.740657036786885,43.051988656515704,46.327067245926415,47.940462672717395,50.149492183137525,55.607406615357114,58.90287068949548,61.93384129874336,66.08437223194717,69.8462905515588,74.25304448858274,77.95987197180882,80.56342620158532,82.41313097115473,84.2747429931585,82.99339239076131,87.57243970853277,91.10487454879036,94.40211076373964,95.55663931800868,95.879873889403,97.81130846022,98.54973177705982,101.86256767436717,105.46217991816945,108.17001981247222,111.05094745570253,113.64945627025938,117.88011392065565,118.39782325469041,119.42992788513074,122.12437344521365,125.34552916532708,129.6227895990895,137.52249572955157,138.1736233008677,142.9488822807892,150.14931996654985,156.0361082650628,163.42206577682396,158.7344540343827,167.52993623113778,173.71700268701045,176.4107713437071,182.3731419172028,183.5671782651214,184.65672132288216,187.86923127232885,190.0906701366278,165.06671554498584,-0.1340147653136936,0.019937522110513584,0.0411972880023313,,
Australia,16.814999999999998,18.002000000000002,19.729,21.490000000000002,22.058,24.412,25.692,26.13,27.863000000000003,29.517,29.136,29.779,31.192000000000004,31.710857510245226,32.108759965402406,30.572071052892753,30.120668951956926,29.619924505452026,26.373611431666205,27.31134912015875,27.406124483852913,26.96152349257151,27.728430674372525,28.947796145456934,30.108629335756152,30.780861498495916,29.74926396168972,30.39479375333775,31.346735740444235,32.459075747167184,35.24791883411903,36.181615516185715,36.748715000259175,36.71766088861101,37.5771299374491,37.55422748542914,37.63800531582566,38.02970905101272,37.83890492926173,38.76226457391548,39.25359244512963,40.537502533718936,41.14690039274374,41.283206431028745,40.26509350290412,40.77738508273254,42.92531935433665,44.450884299834975,45.80956552341691,45.92202878550358,45.58191501125795,45.73735143111183,47.896644441059905,48.682069391239246,48.26961914708521,41.924067622471796,-0.13383362602834603,0.018297121290269835,0.010463392831012493,,
Bangladesh,,,,,,,0.676,0.835,0.947,0.9820000000000001,1.1460000000000001,1.2400000000000002,1.222,1.2990000000000002,1.439,1.6249999999999998,1.6750000000000003,1.65,1.4760000000000002,1.4890000000000003,1.66,1.79,1.7600000000000002,1.7650000000000001,1.9219999999999997,1.8600000000000003,1.7220000000000002,1.9229999999999998,2.161,2.247,2.9330000000000003,2.9899999999999998,3.429,3.7929999999999993,3.371,3.324,3.957,3.962802,4.109043000000001,3.854176,3.872729999999999,3.919782,3.7049299999999996,3.766274,3.520655,3.92029,5.080023999999999,5.437646000000002,5.327468999999999,5.990617834262623,6.340885112245947,6.964195879963808,7.790491251529436,8.901284785099946,8.792319195450592,7.730346950623875,-0.12318631606537911,0.09584214183649009,0.0019293370479404883,,
China,10.96,14.074000000000002,13.900000000000002,15.200000000000001,20.377000000000002,28.191,38.43,44.175,53.83,61.89,68.25,78.03,82.4,91.25,91.10000000000001,86.655,82.23,81.32400000000001,82.961,85.95700000000001,89.74500000000003,95.37100000000001,101.29,108.83000000000001,113.893,112.86100000000003,121.85299999999998,132.378,145.7916,148.12369999999999,160.19979999999998,175.66742000000002,192.15135,197.08085,209.33075999999997,224.21545000000003,229.08247999999998,247.86678000000003,276.29480000000007,322.60570816999996,327.9306266969999,351.795786151,369.23940520314005,376.3348311551423,391.04606687000035,446.3048626762913,462.3911375513336,484.20476345079476,504.96613383084923,524.8637070912218,567.9728812554993,586.7039399740424,614.1775186671678,633.7002,654.3264999999999,669.2100973898449,0.019952049169339237,0.052826138752092744,0.16702120124710443,,
China Hong Kong SAR,2.1208472599999997,2.3238971999999998,2.784922031,3.0409320980000003,3.604942458,3.8939643779999997,4.0969999999999995,4.679,4.8549999999999995,4.969000000000001,4.669999999999999,5.518,5.968,6.2,6.338,6.485999999999999,6.879,6.694000000000001,5.940999999999999,5.491,5.157,5.021,4.91,5.628,6.002000000000001,6.2829999999999995,6.27,8.065000000000001,8.387999999999998,8.931000000000001,9.568,9.375,9.277000000000001,8.902000000000003,9.481,9.889,11.756,12.839000000000002,12.924999999999999,15.262000000000002,13.751999999999999,14.920061768692664,16.045116701952715,14.539843246615149,16.47470124290388,17.797698289212804,17.94747255483192,17.20394984158779,17.59169686454998,16.641511551968513,18.245389835397102,18.88182047469568,21.369155331999817,21.622531199993837,20.187613149286747,14.259168803534612,-0.2955972942035625,0.02053227147050074,0.003558797919578025,,
India,12.642000000000001,14.126,14.57,16.316000000000003,19.596000000000004,19.505000000000003,20.474999999999998,22.090999999999998,23.314,22.833999999999996,23.347,24.593,26.413,28.71699999999999,31.003999999999998,31.633,34.036,35.403000000000006,37.223,39.934000000000005,43.332999999999984,45.53,46.995000000000005,51.53000000000001,55.801,57.943,58.903,62.07500000000001,62.662,67.38399999999999,75.232,81.062,86.50299999999999,92.527,101.59409714999998,106.68770586,107.2559558,109.78201530605322,111.99646030739787,118.4483653779338,120.86100397418258,127.9045172533107,136.7188435182229,143.46408091786273,151.35273520580273,153.95956335719328,161.378018820814,171.994983167949,173.7701193914426,179.05544734321262,193.9400774842865,214.30936164887333,220.69729887751868,229.00476971799594,236.50760901590016,213.10915405168362,-0.10139513274954715,0.045647935606415,0.05318770150853159,,
Indonesia,6.119999999999999,5.893999999999999,5.67,5.993000000000001,6.393000000000001,6.79,7.024000000000001,7.579999999999998,9.051,9.463,10.858,11.716,13.783000000000001,15.086,16.46,18.413000000000004,20.551999999999996,21.371000000000002,20.973999999999997,22.065000000000005,21.777000000000005,23.822000000000003,24.772000000000002,26.042,27.541,31.669000000000004,33.590999999999994,36.215,38.010999999999996,39.04999999999999,41.548,44.103,48.869,46.54100000000001,48.672000000000004,54.336913372399835,56.090092600817144,57.01601842906886,57.652621422539504,61.50375738295695,60.87082878526981,57.98133366482389,61.50206140067365,61.35951562917355,62.58213049822618,66.48001460945261,72.59373935214155,76.41702732028718,75.4382735872727,74.39660964372993,69.77902858998728,67.61588402531945,71.89456673275517,73.44001126480006,72.08772908217584,53.17004859703349,-0.2644410371179009,0.014240853907088402,0.013270160479766563,,
Japan,87.936,100.047,122.969,142.74100000000004,169.072,199.238,219.765,234.466,269.192,259.032,244.09300000000002,253.549,260.457,266.538,269.12925,241.382,227.67575000000005,211.59025000000003,211.30474999999998,221.98875,210.18725000000003,212.18075000000002,213.14499999999998,229.34025,238.19849999999994,248.0482408176461,250.56751116417394,255.9522609760421,250.3556916779597,264.8941361785845,274.76009408318055,276.4942422983753,273.3496240795641,263.2662435870279,267.4131298142996,263.60250195006034,255.51465552327315,253.3152356328785,259.5047999799619,252.67757564309005,248.5093097758509,239.51552078010627,232.2794248154746,224.12710944285428,199.89020261316867,201.94621209246722,202.41318453957854,216.57490033360043,206.53257543459193,196.00482886343326,187.90670324019194,182.54431009595396,179.73880163325128,174.27055059566302,168.3339460184834,149.0341301026814,-0.11707093820768288,-0.017035078731872266,0.03719588143343042,,
Malaysia,2.2849583,2.6586431,2.7131212000000002,2.7534774,2.8388500000000003,3.128320144186046,3.425106976744186,3.805879069767442,4.124748837209303,4.110586046511628,4.3345627906976745,4.840651162790698,5.510497674418605,5.941423255813954,7.205074418604651,8.15472981607928,8.688077534847848,9.073116275250984,9.713918157332731,9.538205584566096,9.510540996667821,9.104724810116767,9.335496667879806,10.145075942067896,10.49079104483657,12.632265108641505,13.600953303334666,14.879487658674801,16.388645917749187,18.044931343361306,18.869399510385644,20.646675109110177,23.872202109704396,20.292216475852847,22.342103845225854,22.40977540252005,23.304178403042524,26.02897317003597,27.565905327839687,27.984980416720514,27.99766569546705,28.864077147685943,30.790764502652173,29.438316201612096,29.209628302660178,29.206094307777,31.49408139407697,32.7808245633228,34.934387613956176,35.04643578264741,32.24245259139014,36.16517095306093,34.01499314049147,34.18481907776982,35.994741621607204,31.071316872546944,-0.13914029749414192,0.02110711654160946,0.007754767431966971,,
New Zealand,2.7180000000000004,3.014,3.17,3.253,3.378,3.9749999999999996,4.103,4.417000000000001,4.679,4.464530450022945,4.31388576721673,4.430426227039554,4.394354447632403,4.188112257840802,4.232225365909035,4.0745972702279225,3.8650600420690537,3.8418950202087903,3.677314165270821,3.715861133907155,3.5075107911571735,3.1255073061183487,3.6215452698515085,3.6107460409300463,3.6559187282313403,4.135449982595588,4.2085472247137945,4.338361047577716,4.292521651842067,5.032900749393636,5.425722195822332,5.552994416425357,5.897653347061791,5.9647335262645225,5.989774386593828,6.155435367293464,6.173989308737726,6.406664413898573,6.770265461827742,6.781996820726702,7.044607912495352,7.117658459372522,7.14559359717248,7.249530409836955,6.915572199217765,6.923932564843361,7.144007465493113,7.0367763694483045,7.1364843142832095,7.256747609600755,7.5521237872067335,7.7304002916242975,8.152763479502731,8.175146820051962,8.328948054432393,6.897099751618469,-0.17417479712607897,0.018770130623802173,0.0017213755293434443,,
Pakistan,3.7769999999999997,3.8779999999999997,4.335000000000001,4.936,4.632,4.581,4.29,3.553999999999999,3.6410000000000005,3.9210000000000003,4.066,4.061,4.27,4.501,4.799,5.015000000000001,5.326,5.864,6.471,7.026,7.501,8.08,8.848999999999998,9.528,10.215,10.694,11.274,12.334000000000001,13.458999999999998,14.442,15.668,16.490000000000002,17.011000000000003,17.590000000000003,18.226000000000003,18.834000000000003,18.461000000000002,17.981999999999996,15.902000000000001,16.042,15.24015336,17.577193382000004,19.142217136000003,19.416772208,20.749066803999995,20.547989773999998,20.677424039,19.990850192000003,21.909956327000003,22.649436777,24.584516872,27.471534207999998,28.297029952999992,23.435913008,20.656372110193235,20.176286816,-0.025910249779026118,-0.00044764215757364667,0.005035589979676199,,
Philippines,4.176,4.556,5.1450000000000005,5.883,6.303,7.183000000000001,8.319,8.164,9.597000000000001,8.977000000000002,9.684,9.953999999999999,10.89,11.222999999999999,11.589000000000002,10.881000000000002,10.225,9.841000000000001,10.29,8.395999999999999,7.445,7.829999999999999,9.103,9.808,10.998999999999999,11.486,11.124999999999998,13.680000000000001,14.085000000000003,14.896000000000003,16.796,17.535,18.842,19.054000000000002,18.020000000000003,16.576,16.485,15.570786046511628,15.487483720930236,15.942349084468235,14.804070007262291,13.282784197570914,13.80549375050227,13.1957404029846,13.703956042741904,14.347098363263605,13.521813879821043,13.997627594768081,14.660694560327826,15.560756293977569,17.693904317725554,18.97024209339755,20.304124069124548,20.371773214607146,20.802840924802698,17.036320238079995,-0.18329554235216705,0.04262388346529522,0.004251918316971969,,
Singapore,4.1088667042458304,4.697020519927133,5.657415331162829,7.035314600072981,6.9180471069486895,7.506840918029621,6.512,8.167,7.676000000000001,7.5600000000000005,7.386000000000001,8.781,8.810999999999998,9.049,9.647999999999998,9.576,11.029,10.724,11.358,11.927000000000001,12.14,14.091999999999999,14.784,17.125000000000004,19.553000000000004,23.322399999999995,23.7432,24.6117,26.636499999999998,30.6468,31.9754,32.268899999999995,33.96320000000001,34.3635,33.9901,36.229200000000006,38.92609999999999,37.869099999999996,35.1938,39.030100000000004,41.3986,44.491171200000004,48.28430200000001,51.38304292201901,55.46533509866927,60.94871744579142,63.695377586206895,63.367630000000005,63.73358,65.2856,68.98124499999999,71.67133275355663,73.57413018018346,74.23910399865032,72.00308453109116,69.50107839232992,-0.03738589552241367,0.02643853001569818,0.017346052676628764,,
South Korea,1.2870000000000001,1.9269999999999998,3.342,4.942,6.709,8.379999999999999,9.461,9.876000000000001,12.158,12.549999999999999,14.194000000000003,15.949000000000002,18.983999999999998,21.672,24.366999999999997,24.123,23.872,23.683,24.711,24.770000000000003,26.081000000000003,28.352000000000004,29.768,35.644,40.959,49.52700000000001,59.88999999999999,72.30999999999999,79.30699999999999,86.997,94.845,101.435,111.35200000000002,89.55636205118063,96.10934286569918,98.4404222282005,98.5014540516221,100.30090947576251,101.22473224851213,100.32359640089932,100.64348542606706,100.57729817695903,103.12303197067983,98.04590779608593,99.26770870916609,101.59827129440409,102.1576001400494,105.15480234111283,105.04850426287373,104.4025379671188,109.24456316716505,117.88722208546632,118.93621163010782,117.82696077054763,116.39229410403011,110.64569681399423,-0.05197000354389625,0.016041911957149768,0.027614910872946225,,
Sri Lanka,0.4560713731338155,0.46707589380643133,0.4783863987169713,0.48983051277926337,0.5011778145608876,1.00305,0.90912,0.9980300000000001,1.0424200000000001,0.8251600000000001,0.7976800000000001,0.79096,0.8389200000000001,0.97592,1.00515,1.01289,1.19498,1.33807,1.4653600000000002,1.2331000000000003,1.13825,1.1420700000000001,1.3006199999999997,1.25609,1.19539,1.27449,1.34939,1.58836,1.5423,1.70796,1.8488399999999996,2.26098,2.45167,2.6247,2.86238,3.3955900000000003,3.3359400000000003,3.5090799999999995,3.4829300000000005,3.4656100000000003,3.9407020000000004,4.1124030000000005,4.3655930000000005,3.9695959999999997,4.190999,4.158697439999999,4.44565369,4.6013001000000004,3.8618080399999997,4.322725600000001,4.140122,4.865391226977208,5.221124325137037,5.1980831157930005,5.610773965593,4.709909036923617,-0.16285338496947133,0.02960471233202977,0.0011754973037313775,,
Taiwan,2.164,2.564,3.0500000000000003,3.6430000000000002,4.369,5.254,7.366,7.996,10.197000000000001,9.154,10.609999999999998,13.68,15.102,17.706999999999997,17.744,18.425,16.149,18.301488567469182,18.94435101029408,18.016144423230205,17.80214908837954,19.618171903381583,20.576071304880827,23.814536950095416,26.701621084883698,27.612480052792648,29.082352241376412,29.90501134099683,32.11679326985821,33.49255206927737,36.6588968229049,36.682919673072746,37.69911215174017,39.73750405541763,42.59961629512167,43.49550218596266,44.59688878535086,45.14990451948673,46.75347293671648,49.11825200372577,49.20348412304423,49.15937734921439,50.701138425064315,47.71868221318787,46.8611313787785,48.84467006535379,45.10922482753339,44.684446144120564,45.677518998114685,47.13855635771219,48.30681221824919,48.536988366706005,47.92628828601014,47.74934049066975,45.353104240613916,43.10445524268847,-0.05217770146463452,-0.003265651288115623,0.010757993523731796,,
Thailand,2.3000000000000003,2.719,3.0229999999999997,3.9929999999999994,4.33,5.053000000000001,5.626,7.08,7.4990000000000006,7.655,8.25,8.697000000000001,9.779,10.979000000000001,11.101000000000003,11.582,11.042,9.997000000000002,11.195999999999998,11.648,11.022999999999998,11.496483876875097,12.571533429493357,14.214170154940605,16.709634984091753,20.055032421696744,21.457873585134582,24.175614765389216,27.93390971416738,31.1766457383359,33.96532515525563,37.444333975421465,37.65836315281733,34.459618719367974,36.69799216410646,34.16615745062047,33.4765172647931,37.44834548168016,41.459657783236366,45.62500969307428,45.909933615893024,44.90205530147309,45.33290055306006,43.71389067036378,45.51877486561381,46.88932518775967,48.81324134607628,51.07811706483475,53.004500042149246,53.02234951961799,55.25776408070533,57.434993486797296,58.90811197479918,58.99693745295146,59.24366379296853,53.952596695084665,-0.09179848469988372,0.02670371723670928,0.013465468536055505,,
Vietnam,1.4857637720660002,3.2471421998870005,4.755721754357001,4.851548042359001,5.863656164243001,6.079037153313999,5.14267742897,5.334682520932001,5.2411009000019995,3.1911564554299994,3.038485594512,0.7926353001130001,0.794985705,0.96498046269,1.1131561038900002,1.9312975527799998,1.68274088872,1.70919568676,1.9582571631399999,1.9154447075100003,1.94306964067,2.1695664640000003,2.5311634181000002,2.64298031667,2.44657352681,2.86952038501,2.8011426725099997,3.064,3.942,4.36,4.797000000000001,5.5200000000000005,6.305000000000001,6.968,7.649000000000002,8.27,8.97,9.847999999999999,10.486912,12.465073443638152,12.213491,11.972497,13.338764,14.076756,14.177618,15.328999999999999,16.674000000000003,17.007432739374863,17.341398920233946,17.860673368315435,19.936530046479405,21.33231468203666,22.304713348541565,23.743992669622127,25.296696456922984,22.41391111031715,-0.11637984216277453,0.0596100137236224,0.005594055398883464,,
Other Asia Pacific,3.218648881797715,3.393186459096687,3.612666688172607,3.8122056724803386,3.9958573014480137,4.179551482723043,4.294528858422918,4.829893807716846,4.780301268509513,5.233969946117704,5.159227185085766,5.464123549254028,5.620343266965976,6.409501234533463,7.02821117221524,7.862326725591687,8.11250883854804,7.920674591372589,8.076454722989167,7.723070286586944,7.98610492838659,8.30478046733369,8.04232577177937,8.062033714156707,7.990539872708732,8.595462381446929,7.912825102390785,7.42182456908519,7.748086987898584,7.691682082167597,8.180691923505982,8.761194861229015,8.940651460360439,9.447033522047409,9.043786420196684,9.62882004387263,9.969245890637529,10.467540645160145,11.111833888041481,11.084385671163247,10.788154237844534,11.206580437165531,12.093268145121606,11.75560187440058,12.620853457182346,14.693229266088599,15.113769185650696,15.652995840023623,16.342765400028373,17.44112644570822,19.693139333681014,19.696989756142475,20.174240124379125,21.40909009452673,22.058607132176736,21.525620069801796,-0.026828540370588794,0.057423447204849376,0.005372356059285056,,
Total Asia Pacific,164.57015629124336,187.58796537271726,218.90523340340943,250.37330832569168,290.9395308452005,338.35276407625264,375.607433264137,404.17848539841617,459.68757100572066,456.32940289808215,453.33384133751235,481.8657962391972,506.43010109401683,534.4117947211234,547.4108270260215,519.4039124175717,504.35478625614195,489.9456146465136,494.1150166506929,510.144925255959,505.3429999291142,523.9915783203971,541.0831865363573,587.9336792643177,624.3825985773183,661.6492026483255,689.1010592553239,735.3114141111037,766.1677849599196,811.5773839082873,868.5190885251742,910.4712758498198,954.3205413015073,928.8854228257698,970.9692128786924,997.2107013463591,1003.4945029440998,1033.392864171549,1075.760623006265,1140.9772006823123,1144.2344390555065,1169.8375998030936,1208.7597491124604,1204.8386975211681,1213.812228791036,1294.6730518166312,1333.5750897269438,1391.63695736306,1413.0874321110905,1432.8616968350307,1497.4000539434685,1554.5194434337254,1601.3782074465591,1624.952577667982,1640.2464625428138,1549.4713045572587,-0.05792342084542257,0.030565880933274947,0.3867164580965847,,
Total World,1513.2583391489823,1627.5130375211425,1744.1141153093226,1892.1732468161356,2049.1261542327916,2231.666506359817,2356.6271283549845,2535.5719556149634,2740.0591799506924,2700.970389385958,2667.5080018154413,2839.887861842936,2938.3283693374415,3063.955993645873,3111.652876694346,2984.3948340757893,2875.7412912050563,2783.17569233727,2761.2238228116616,2818.763858630104,2818.882315565574,2906.2959094216744,2963.3024734446717,3062.1674656477985,3111.243072991285,3146.728122215239,3146.470743046025,3195.109815065435,3176.2933452809652,3247.4725520963725,3297.1501000419594,3367.9717567195903,3457.757205859686,3469.7902513778054,3531.9530552398815,3568.769992826274,3600.837985442856,3631.094823467544,3713.6474045427617,3856.3516111029758,3890.662058652749,3932.45598498071,3983.5363481752606,3941.802922644116,3861.6242820744933,3985.152409388627,4023.288006980754,4079.977727988675,4120.796966069627,4145.799650243855,4237.8340703314725,4311.944246233477,4371.6296648620355,4409.401366513696,4422.681412150938,4006.73742251298,-0.09652319935864617,0.013658260645661668,1,,
