Thousand barrels daily*,1965,1966,1967,1968,1969,1970,1971,1972,1973,1974,1975,1976,1977,1978,1979,1980,1981,1982,1983,1984,1985,1986,1987,1988,1989,1990,1991,1992,1993,1994,1995,1996,1997,1998,1999,2000,2001,2002,2003,2004,2005,2006,2007,2008,2009,2010,2011,2012,2013,2014,2015,2016,2017,2018,2019,2020,2020_2,2009-19,2020_3,iii,jjj
Canada,1089.1436284050658,1140.4684840748819,1238.5266335715035,1280.0393844809134,1344.3212502830606,1396.463781349577,1651.5847949308768,1683.9773202617046,1846.0657431307188,2034.3197786941494,2089.355622702837,2150.014557516526,2152.9707685661356,2216.5293061327397,2231.54308437831,2154.901740464498,2160.373875811647,2092.6829325863337,1873.3572319482837,1891.9058838318977,1879.955243418583,1781.268112847576,1882.5969639309994,1847.8457595712284,1885.2261048219289,1919.505573375911,1903.0577182807438,1911.2093130047729,1824.0954342024509,1831.6872357702775,1791.8727337617072,1806.9368304932277,1810.8365131544147,1844.455551580293,1861.1864481589341,1860.5889161382688,1917.291559994076,1922.637899126349,1958.6156165811706,1915.247371502325,1895.9376525187056,1914.2158425403331,1906.6743594584573,1951.4200730902064,1976.0887108275858,1913.1843135783417,2004.5356048797892,2014.8528144419336,1929.441554408964,1929.441554408964,1930.7894938503782,1933.7079660355246,1969.5598872754697,1939.1989708149056,2054.145120263034,2065.1334196325397,0.005349329636505251,0.0038815406481913506,0.020256987914208182,,
Mexico,417,417,457,525,525,562,562,594,722.0000000000001,722.0000000000001,745.9999999999999,822.0000000000001,822.0000000000001,991,1091,1226,1220.9999999999998,1215,1218.0000000000002,1269,1263,1280,1462,1462,1627,1627,1447.8,1447.7999999999997,1444.0000000000002,1444.0000000000002,1444.0000000000002,1444,1448.75,1448.75,1448.75,1481.0499999999997,1481.05,1463,1463,1463,1463,1463,1463,1463,1463,1463,1605.5,1605.5,1605.5,1521.9,1521.9,1521.9,1545.65,1558.0000000000002,1558.0000000000002,1558.0000000000002,0,0.006311214857277481,0.015282493068148625,,
US,10390,10660,11350,11700,12020,12860,13290,13640.000000000002,14360,14960.000000000002,15239.999999999998,16400,17050,17440,17990,18620,17889.999999999996,16860,16139.999999999998,15658.999999999998,15459,15565.999999999998,15914.999999999998,15655.000000000002,15572,15676.000000000002,15695.999999999998,15120.999999999998,15058,15434,15333,15452,15711,16260.999999999998,16512,16568,16755,16756.999999999996,16947,17125,17339,17440,17593.999999999996,17672,17597,17735.999999999996,17367.000000000004,17823.000000000004,17925,17967,18317,18617,18597.999999999996,18808,18973.999999999996,18143,-0.043796774533572114,0.007562571684070152,0.17796551459269605,,
Total North America,11896.143628405065,12217.468484074881,13045.526633571504,13505.039384480913,13889.321250283061,14818.463781349577,15503.584794930877,15917.977320261707,16928.06574313072,17716.319778694153,18075.355622702835,19372.014557516526,20024.970768566134,20647.52930613274,21312.54308437831,22000.9017404645,21271.373875811645,20167.682932586333,19231.35723194828,18819.905883831896,18601.955243418583,18627.268112847574,19259.596963931,18964.84575957123,19084.22610482193,19222.505573375915,19046.857718280742,18480.00931300477,18326.095434202452,18709.687235770278,18568.872733761706,18702.93683049323,18970.586513154416,19554.205551580293,19821.936448158933,19909.63891613827,20153.341559994074,20142.637899126345,20368.61561658117,20503.247371502326,20697.937652518707,20817.215842540332,20963.674359458455,21086.420073090205,21036.088710827586,21112.18431357834,20977.03560487979,21443.352814441936,21459.941554408964,21418.341554408966,21769.68949385038,22072.607966035524,22113.20988727547,22305.198970814905,22586.14512026303,21766.13341963254,-0.03630596085627824,0.007135053831134774,0.21350499557505287,,
Argentina,402.325,414.2,412.3,423.6999999999999,434.15,437.69,603.9203500000001,602,624,720.9999999999999,683.9999999999999,703.0000000000001,655,683.9999999999999,683.9999999999999,684,683.9999999999999,683.9999999999999,677,677,677,677,679.0000000000001,682,681.0000000000001,681.0000000000001,684.9999999999999,679,679.0000000000001,654.0000000000001,638.9999999999999,639.9999999999999,644,642,618,625,613,613,615,620,615,616.9999999999999,628,628,624.9999999999999,624.9999999999999,624.9999999999999,657.0000000000001,656.9999999999999,656.9999999999999,656.9999999999999,657.0000000000001,656.9999999999999,580,580,579.9999999999999,0,-0.007444505985940375,0.00568924645669204,,
Brazil,346.655,351.87999999999994,360.90499999999986,439.27999999999986,476.51999999999987,525,597,756,820,980.9999999999999,995.9999999999999,990,1110,1202,1202,1393,1394,1423,1435,1435,1435,1435,1435,1404.0000000000002,1440,1440,1445.0000000000002,1444,1428.9999999999998,1473,1480.9999999999998,1481,1749.8127693175823,1768.0376645148158,1795.5838906675065,1849.361772527424,1849.3617725274241,1853.544496672084,1915.3890608109891,1925.718,1941.8509999999999,1942.007,1964.1049999999998,1976.5040000000001,1991.7409999999995,1991.7409999999995,2013.7949999999998,2004.2349999999997,2096.852,2238.3779999999997,2281.4,2288.869,2285.0756636192173,2285.0756636192173,2290.1641205109922,2290.164120510992,0,0.014059351260820696,0.02246432432389725,,
Chile,79.42,86.45,86.45,85.5,86.45,105.45,129.19999999999996,124,124.00000000000001,124.00000000000001,149,140,129.99999999999997,138.00000000000003,138.00000000000003,137.99999999999997,147.99999999999997,147.99999999999997,147.99999999999997,148,147.99999999999997,147.99999999999997,147.99999999999997,148,147.99999999999997,147.99999999999997,147.99999999999997,148,150,162,163,181.00000000000003,201,201,201,200.99999999999997,201,218.00000000000003,238,238,238,234,242,242,242,242,250,254,254,258,258,258,258,258,258,258,0,0.00642272367403085,0.0025307337686664598,,
Colombia,95,122.55,122.55,132.05,130.53,131.1,164.6825,172,166,172,172,164.99999999999997,164.99999999999997,166,175.99999999999997,191,191,201,212.00000000000003,212,212.00000000000003,217,227,227.00000000000003,227,244.99999999999997,253,253,253,253,275,289,306,306,313,323,323,324,318.00000000000006,325,325,337.99999999999994,337.99999999999994,340.00000000000006,349.99999999999994,349.99999999999994,336,335.99999999999994,336,336,421,421,421,421,421,421,0,0.018641592784285343,0.004129608203909224,,
Curacao,,,,,,,,,,,,,,,,,,,,,,320,320,319.99999999999994,320,320,320,319.99999999999994,320,320,320,319.99999999999994,320,320,320,319.99999999999994,320,320,320,319.99999999999994,320,320,320,319.99999999999994,320,320,320,319.99999999999994,320,320,320,319.99999999999994,320,320,320,319.99999999999994,0,0,0.0031388945967956087,,
Ecuador,18.05,11.4,19,35.14999999999999,31.35,33.535,34.2,34.49999999999999,34.50000000000001,34.50000000000001,39.375,44.400000000000006,102.1,102.1,102.1,102.1,102.1,102.1,102.1,102.1,102.1,102.1,146.50000000000003,146.5,146.50000000000003,146.50000000000003,146.50000000000003,147.00000000000003,147,147,157,157,157,177.00000000000003,177.00000000000003,177,177.00000000000003,177.00000000000003,177.00000000000003,177,177.00000000000003,177.00000000000003,174.99999999999997,175,174.99999999999997,174.99999999999997,174.99999999999997,175,174.99999999999997,174.99999999999997,174.99999999999997,175,174.99999999999997,174.99999999999997,174.99999999999997,175,0,0,0.0017165829826225989,,
Netherlands Antilles,703.0000000000001,755.25,755.25,755.2500000000001,798,797,797,945,979.9999999999999,849,810.0000000000001,802,842,842,792.0000000000001,782,782.0000000000001,782.0000000000001,761,620,320,,,,,,,,,,,,,,,,,,,,,,,,,,,,,,,,,,,,,,,,
Peru,60.04,60.419999999999995,85.49999999999999,98.42,87.4,87.4,100.32,101,106.99999999999999,129.99999999999997,129.99999999999997,115.99999999999999,170.99999999999997,170,170,171,175.99999999999997,186,186,187,187.00000000000003,187.00000000000003,187.00000000000003,187,187.00000000000003,187.00000000000003,187.00000000000003,187,188.99999999999997,188.99999999999997,188.99999999999997,189,188.99999999999997,188.99999999999997,192.00000000000003,198,198.00000000000003,198.00000000000003,198.00000000000003,223,223.00000000000003,223.00000000000003,223.00000000000003,230,251.99999999999997,251.99999999999997,251.99999999999997,252,253,253,253,253,253,253,253,253,0,0.0003961185558527536,0.0024816885405915287,,
Trinidad & Tobago,341.00000000000006,390,405.00000000000006,430,433,436.00000000000006,436.00000000000006,450.00000000000006,450,456,456,456.00000000000006,456,436.00000000000006,436.00000000000006,436,436.00000000000006,410,355.00000000000006,310,300,300,300,300,300,273.00000000000006,240,239.99999999999997,240,240,240,164.99999999999997,164.99999999999997,164.99999999999997,164.99999999999997,164.99999999999997,164.99999999999997,164.99999999999997,164.99999999999997,164.99999999999997,164.99999999999997,164.99999999999997,164.99999999999997,164.99999999999997,164.99999999999997,164.99999999999997,164.99999999999997,164.99999999999997,164.99999999999997,164.99999999999997,164.99999999999997,164.99999999999997,164.99999999999997,164.99999999999997,164.99999999999997,164.99999999999997,0,0,0.0016184925264727357,,
Venezuela,1120,1135,1217.0000000000002,1222,1258,1289,1295,1473.9999999999998,1474.0000000000002,1474.0000000000002,1445.0000000000002,1445,1445.0000000000002,1371,1371,1283.0000000000002,1263,1253,1243,1243.0000000000002,1243,1243,1243,1243.0000000000002,1243,1243,1195.9999999999998,1201.9999999999998,1202,1205,1217.0000000000002,1217,1217.0000000000002,1219.9999999999998,1231,1274,1274,1274,1269,1284,1291.0000000000002,1294,1302.9999999999998,1302.9999999999998,1302.9999999999998,1302.9999999999998,1302.9999999999998,1302.9999999999998,1302.9999999999998,1302.9999999999998,1302.9999999999998,1302.9999999999998,1302.9999999999998,1302.9999999999998,1302.9999999999998,1302.9999999999998,0,0,0.012781186436327118,,
Other S. & Cent. America,396.3399999999999,471.865,505.4000000000001,550.5250000000001,687.325,965.3500000000001,1164.1000000000001,1346.51,1856.85,1854.85,2004.85,1998.85,2033.85,2018,2020,2023,1988,1675,1667,1597,1372,1547,1548,1535,1307,1377,1445,1474.0000000000002,1453,1387,1203,1282,1207,1188,1215,1187,1211,1240,1301,1249,1225,1231,1268,1201,933,934,1046,419.99999999999994,380,395,403,403,403,403,403,403,0,-0.08051988760656947,0.003953045382839471,,
Total S. & Cent. America,3561.83,3799.0149999999994,3969.3549999999996,4171.875,4422.725,4807.525,5321.42285,6005.01,6636.35,6796.35,6886.224999999999,6860.25,7109.95,7129.1,7091.1,7203.1,7164.1,6864.1,6786.1,6531.1,5996.1,6176.1,6233.5,6192.5,5999.5,6060.5,6065.5,6094,6062,6030,5884,5921,6155.812769317582,6176.037664514815,6227.583890667506,6319.361772527423,6331.361772527424,6382.544496672084,6516.389060810989,6526.718,6520.851,6541.007,6626.105,6580.504,6356.740999999999,6357.740999999999,6485.795,5886.235,5939.852,6100.378,6236.4,6243.869000000001,6240.075663619217,6163.075663619217,6168.164120510992,6168.164120510992,0,-0.0030069281430761263,0.06050380321881404,,
Austria,80,80,80,79.99999999999999,80,151,151,151.00000000000003,220.99999999999997,220.99999999999997,220.99999999999997,291,290.99999999999994,290.99999999999994,290.99999999999994,291,290.99999999999994,201,201,200.99999999999997,201,201,201,200.99999999999997,201,201,201,200.99999999999997,201,201,201,200.99999999999997,201,201,201,200.99999999999997,201,201,201,200.82191780821918,200.82191780821918,200.82191780821918,200.82191780821918,200.82191780821918,200.82191780821918,200.82191780821918,192.7890410958904,192.7890410958904,192.7890410958904,192.7890410958904,192.7890410958904,192.7890410958904,192.7890410958904,192.7890410958904,192.7890410958904,192.7890410958904,0,-0.004073878602149361,0.0018910764981790533,,
Belgium,334.99999999999994,351.99999999999994,502.00000000000006,611,692,720.9999999999999,837.0000000000001,847,865,936,978,1113,1082,1076,1076,1060,1060,725.9999999999999,725.9999999999999,606.9999999999999,569,609.0000000000001,675.9999999999999,686,693.0000000000001,683.9999999999999,661.9999999999999,661.9999999999999,661.9999999999999,665.0000000000001,669,686,689,707,709.0000000000001,739,758,780,776,751,755.9999999999999,766,781,786,786,787,788,752.9999999999999,776,776,776,775.9999999999999,776,776,776,775.9999999999999,0,-0.0012796078274235345,0.0076118193972293515,,
Bulgaria,54,62.99999999999999,62.99999999999999,74,100,131.00000000000003,161,170.00000000000003,201,231,231,239.99999999999997,241,276.99999999999994,276.99999999999994,277,276.99999999999994,276.99999999999994,276.99999999999994,277,276.99999999999994,276.99999999999994,276.99999999999994,277,276.99999999999994,276.99999999999994,267,257,237.00000000000003,237.00000000000003,209.99999999999997,210,209.99999999999997,120,120,119.99999999999999,120,120,120,180.00000000000003,205,205,174.99999999999997,175,180,195,195,195,195,195,195,195,195,195,195,195,0,0.00803639058398864,0.0019127638949223244,,
Czech Republic,24.000000000000004,24.000000000000004,58,57.99999999999999,58,58,58,57.99999999999999,58,120,120,119.99999999999999,120,120,120,119.99999999999999,120,177.00000000000003,177.00000000000003,177,177.00000000000003,177.00000000000003,177.00000000000003,177,177.00000000000003,177.00000000000003,177.00000000000003,177,177.00000000000003,177.00000000000003,177.00000000000003,177,177.00000000000003,200,200,200,200,200,193.00000000000003,192.99999999999997,193.39150684931508,193.39150684931508,193.39150684931508,193.39150684931508,193.39150684931508,193.39150684931508,193.39150684931508,174.71506849315065,174.71506849315065,174.71506849315065,174.71506849315065,174.71506849315065,174.71506849315065,174.71506849315065,174.71506849315065,174.71506849315065,0,-0.010104621791303225,0.0017137880764747668,,
Denmark,53.08125,113,127,162,178.99999999999997,188.99999999999997,216,222,227,220,226,226,220.99999999999997,220,220,220.00000000000003,220,185,185,174,174.99999999999997,174.99999999999997,174.99999999999997,174,193.00000000000003,193.00000000000003,193.00000000000003,180.00000000000003,185,185,220.99999999999997,233.99999999999997,178,178,184,184.00000000000003,184,188.99999999999997,188.99999999999997,188,188.77260273972604,188.77260273972604,188.77260273972604,188.77260273972604,188.77260273972604,188.77260273972604,180.73972602739727,180.73972602739727,180.73972602739727,180,180,180,180.5479452054794,180.5479452054794,180.5479452054794,180.5479452054794,0,-0.0044447690126515615,0.0017710030302125906,,
Finland,60,84,110,130,185,185,193.00000000000003,195.99999999999997,201,201,201,300,301.00000000000006,301.00000000000006,301.00000000000006,300,301.00000000000006,248.99999999999997,241,239.99999999999997,241,241,241,239.99999999999997,201,201,201,200,201,241,241,250,251.00000000000003,261,261,261,261,261,261,260,261.06849315068496,261.06849315068496,261.06849315068496,261.06849315068496,261.06849315068496,261.06849315068496,261.06849315068496,261.06849315068496,261.06849315068496,261.06849315068496,261.06849315068496,261.06849315068496,261.06849315068496,261.06849315068496,261.06849315068496,261.06849315068496,0,0,0.002560832757950802,,
France,1411,1590,1683,1949,2113,2339,2430.9999999999995,2902,3090.0000000000005,3402,3404,3438,3439,3395,3351.0000000000005,3325.9999999999995,3179,2831,2378,2194,2184.0000000000005,1919,1927,1815,1699,1699,1699,1711,1687,1697.0000000000002,1728,1749.0000000000002,1872,1918,1933,1984,1960.9999999999998,1987.0000000000002,1966.9999999999998,1982.2930684931507,1978.2163835616439,1959.2788767123288,1961.969890410959,1970.605232876712,1847,1702.2067397260275,1610.1700547945206,1512.7714246575345,1374.9272602739727,1374.9272602739727,1374.9272602739727,1245.0958904109589,1245.0958904109589,1245.0958904109589,1245.0958904109589,1245.0958904109589,0,-0.03866757622233641,0.012213202384073052,,
Germany,1747,1911,2324.0000000000005,2435.9999999999995,2502,2643,2773,2918,3192,3268.0000000000005,3461,3452,3505,3602.9999999999995,3492,3422,3333,2976,2734.9999999999995,2553,2198,2158,2061,2077,2017.9999999999998,2024,2209,2219,2248,2272,2104,2097.9999999999995,2170,2206,2240,2262,2274,2286,2304,2320.095616438356,2322.1038356164386,2390.383287671233,2390.383287671233,2366.2846575342464,2362.2682191780823,2091.158630136986,2077.4826575342463,2096.5205753424657,2061.1357534246577,2076.6191232876713,2049.488082191781,2051.496301369863,2068.8673972602737,2084.531506849315,2084.531506849315,2084.531506849315,0,-0.012429915840116768,0.020447264636561015,,
Greece,36.99999999999999,89,90.99999999999999,90.00000000000001,97,97,104.99999999999999,125,314,411.00000000000006,419.99999999999994,407,407,412.99999999999994,418,443,443,443,403,403.00000000000006,403,403,403,403.00000000000006,403,403,403,367.00000000000006,403,384.99999999999994,403,403.00000000000006,403,403,403,412,412.00000000000006,412.00000000000006,412.00000000000006,412,418,425,425,425,425,489.99999999999994,495,498,497.99999999999994,497.99999999999994,528,528.0000000000001,528,528,528,528.0000000000001,0,0.0219378844177196,0.0051791760847127565,,
Hungary,90,99.00000000000001,104.99999999999999,115,125,134.00000000000003,136.99999999999997,150,164.99999999999997,177.00000000000003,201,203.99999999999997,220.99999999999997,251.00000000000003,290.99999999999994,289.99999999999994,290.99999999999994,290.99999999999994,284.99999999999994,221,220.99999999999997,220.99999999999997,220.99999999999997,221,220.99999999999997,220.99999999999997,220.99999999999997,221,220.99999999999997,220.99999999999997,220.99999999999997,221,220.99999999999997,220.99999999999997,220.99999999999997,221,220.99999999999997,164.99999999999997,164.99999999999997,164.99999999999997,164.99999999999997,164.99999999999997,164.99999999999997,164.99999999999997,164.99999999999997,164.99999999999997,164.99999999999997,164.99999999999997,164.99999999999997,164.99999999999997,164.99999999999997,164.99999999999997,164.99999999999997,164.99999999999997,164.99999999999997,164.99999999999997,0,0,0.0016184925264727357,,
Ireland,45.6,45.6,49.4,51.29999999999999,52.25,52.25,52.25,57.99999999999999,58,55.99999999999999,55.99999999999999,56,55.99999999999999,55.99999999999999,55.99999999999999,56,55.99999999999999,55.99999999999999,55.99999999999999,56,55.99999999999999,55.99999999999999,55.99999999999999,56,55.99999999999999,55.99999999999999,55.99999999999999,56,55.99999999999999,55.99999999999999,55.99999999999999,56,58,64.99999999999999,66,75,75,75,75,75,75,75,75,75,75,75,75,75,75,75,75,75,75,75,75,75,0,0,0.0007356784211239709,,
Italy,1560,2198,2564,2625,2737.9999999999995,2939,3539,3628,3792.0000000000005,3889.0000000000005,4343,4343,4270,3803,3200.9999999999995,3101.0000000000005,3035.9999999999995,2795,2777,2738.0000000000005,2585,2586,2591,2475,2474,2527.9999999999995,2535,2455.0000000000005,2359,2359,2359,2344,2345.0000000000005,2385,2485.0000000000005,2484.9999999999995,2485.0000000000005,2485.0000000000005,2485.0000000000005,2497,2515,2526,2377,2396,2396,2396,2276,2097.9999999999995,1861,1900,1900,1900,1900,1900,1900,1900,0,-0.022927750590646,0.01863718666847393,,
Lithuania,,,,,,,,,,,,,,,,0,0,0,0,0,240,240,240,239.99999999999997,240,240,240,239.99999999999997,240,240,240,239.99999999999997,240,240,240,239.99999999999997,240,240,240,240.98630136986304,240.98630136986304,240.98630136986304,240.98630136986304,240.98630136986304,240.98630136986304,240.98630136986304,240.98630136986304,240.98630136986304,240.98630136986304,240.98630136986304,240.98630136986304,240.98630136986304,240.98630136986304,240.98630136986304,240.98630136986304,240.98630136986304,0,0,0.002363845622723817,,
Netherlands,614,658.9999999999999,773,846,1318.9999999999998,1348,1587,1826.0000000000002,1826,1841,1985.0000000000002,2031,1869.0000000000002,1849.9999999999998,1849.9999999999998,1852,1705,1625,1504,1500,1478,1455.9999999999998,1363.0000000000002,1358.9999999999998,1367.0000000000002,1207,1225,1254,1197.0000000000002,1197.0000000000002,1257,1234.0000000000002,1261,1261,1277,1277,1277.9999999999998,1281.5,1281.5,1283.5,1273.9,1273.886,1236.28,1279.5799999999997,1279.58,1273.9290000000003,1276.229,1279.3310000000001,1279.331,1279.331,1297.75,1297.75,1298.75,1298.75,1291.25,1228.5,-0.048596321393998054,0.0009082964881401701,0.012050412538010643,,
Norway,60,60,97.99999999999999,107,117,194,161,173.00000000000003,168,168,259,259,264,259.99999999999994,259.99999999999994,250,240,240,240,239.99999999999997,240,240,240,210,259.99999999999994,290.99999999999994,288,288,288,288,298,308,308.00000000000006,309.99999999999994,323,305.00000000000006,307,315.99999999999994,315.99999999999994,316,315.99999999999994,315.99999999999994,315.99999999999994,316,315.99999999999994,315.99999999999994,329,342,341.99999999999994,341.99999999999994,341.99999999999994,342,341.99999999999994,341.99999999999994,341.99999999999994,342,0,0.007938194054885717,0.0033546936003253074,,
Poland,86,86,86,161,161,161,201,241,241,241,311,319.99999999999994,351.00000000000006,361.00000000000006,361.00000000000006,361,361.00000000000006,361.00000000000006,361.00000000000006,361,361.00000000000006,361.00000000000006,361.00000000000006,361,361.00000000000006,361.00000000000006,334.99999999999994,334.99999999999994,334.99999999999994,341.00000000000006,341.00000000000006,341,361.00000000000006,372,377.99999999999994,384,386.00000000000006,482,482,484.7841095890411,506.9146849315069,497.6567945205479,493.4596164383562,492.4555068493151,491.04975342465764,560.4738904109589,579.5720547945206,581.7610136986301,581.7610136986301,581.7610136986301,581.3794520547946,581.3794520547946,568.1653698630138,581.3794520547946,581.3794520547946,581.3794520547946,0,0.017029190473761835,0.005702777564821208,,
Portugal,24.000000000000004,24.000000000000004,24.000000000000004,24,64,80,80,79.99999999999999,131.00000000000003,131.00000000000003,191,191,191,241,201,200.99999999999997,201,290.99999999999994,290.99999999999994,291,290.99999999999994,290.99999999999994,290.99999999999994,291,290.99999999999994,290.99999999999994,290.99999999999994,291,290.99999999999994,290.99999999999994,290.99999999999994,291,290.99999999999994,290.99999999999994,290.99999999999994,291,306,306,306,306,306.49441095890415,306.49441095890415,306.49441095890415,306.4944109589041,306.4944109589041,306.4944109589041,306.4944109589041,329.99999999999994,329.99999999999994,329.99999999999994,329.99999999999994,329.99999999999994,329.99999999999994,329.99999999999994,329.99999999999994,329.99999999999994,0,0.007416681775532563,0.0032369850529454713,,
Romania,241,241,281,280,301.00000000000006,321,337,335.99999999999994,372,402,402,471,510,538,583,618,618,618,618,618,618,618,618,678.0000000000001,697.9999999999999,697.9999999999999,697.9999999999999,597,567,532,532,528.0000000000001,525,512,438,391,461.00000000000006,421,675,608.9999999999999,655,655,655,358.0253150684931,283.09865753424657,246.79005479452053,228.89682191780824,213.53394520547945,235.44361643835617,228.4550136986301,238.97808219178083,255.92745205479454,246.56915068493151,253.959397260274,251.62986301369867,251.62986301369867,0,-0.011714468989625693,0.0024682488043941187,,
Slovakia,68,72,84,94,114,118,145,151.00000000000003,159.00000000000003,159.00000000000003,151,149,143,200,200,200,200,200,200,200,200,200,200,200,200,190,200,200,200,180,150,115,115,115,115,119.99999999999999,122,122,122,122,122,122,122,122,122,122,122,122,122,122,122,122,122,122,122,122,0,0,0.001196703565028326,,
Spain,311,341.00000000000006,482,511,723.0000000000001,894,894,894,894,964,993.9999999999999,1212.0000000000002,1275,1362.0000000000002,1372.0000000000002,1392,1422,1427,1401.9999999999998,1372,1311.9999999999998,1311.9999999999998,1311.9999999999998,1312,1287,1267,1272.0000000000002,1271.9999999999998,1277,1282,1308.0000000000002,1323.9999999999998,1311.9999999999998,1311.9999999999998,1326,1330,1330.0000000000002,1330.0000000000002,1347,1372,1377,1361.572602739726,1361.572602739726,1361.572602739726,1361.572602739726,1421.4175342465753,1541.910684931507,1546.3287671232877,1546.3287671232877,1546.3287671232877,1562.3945205479451,1562.3945205479451,1562.3945205479451,1564.2019178082194,1586.4931506849316,1586.4931506849316,0,0.01540603374903915,0.015561983682931794,,
Sweden,97.99999999999999,153,153,253,253,253,253,253,253,253,253,420,419.99999999999994,426.00000000000006,441,471,471,451,451,444,439,439,439,439,436.00000000000006,436.00000000000006,436.00000000000006,436,436.00000000000006,436.00000000000006,436.00000000000006,436,436.00000000000006,436.00000000000006,436.00000000000006,454.00000000000006,454,454,454,454.00000000000006,454,454,454,454.00000000000006,454,454,454,454.00000000000006,454,454,454,454.00000000000006,454,454,454,454.00000000000006,0,0,0.004453306709203771,,
Switzerland,42.74999999999999,93,97.5,97.5,103.45,99.4,102.25,119.99999999999999,140,138.00000000000003,138.00000000000003,137,136.99999999999997,132,132,132.00000000000003,132,132,132,132.00000000000003,132,132,132,132.00000000000003,60,80,132,132.00000000000003,132,132,132,132.00000000000003,132,132,132,132.00000000000003,132,132,136,140,140,140,140,140,140,140,140,106,140,140,68,67.99999999999999,68,68,68,67.99999999999999,0,-0.06966772504061192,0.0006670151018190668,,
Turkey,96.00000000000001,96.00000000000001,120,119.99999999999999,204,204,204,280,281,281,281,280,311,320,349.99999999999994,366,366,466,466,465.99999999999994,466,579,703.0000000000001,703.0000000000001,703.0000000000001,703.0000000000001,708.0000000000001,713.0000000000001,713,713,713,713.0000000000001,713,713,713,713.0000000000001,713,713,713,613,613,613,613,613,613,613,596,596,596,596,596,596,596,818,822.0000000000001,822.0000000000001,0,0.029772131190203943,0.008063035495518723,,
Ukraine,,,,,,,,,,,,,,,,1133,1133,1133,1293,1293,1293,1293,1293,1293,1293,1233,1233,1233,1233,1083,1083,1083.0000000000002,1083,1083,1083,891,891,859,799,799,709.0000000000001,733,734,725.9999999999999,742,686.0000000000001,699.9999999999999,314,0,258,250,250,250,250,250,250,0,-0.10308020221391545,0.00245226140374657,,
United Kingdom,1474.0000000000002,1683,1731,1957,2195.0000000000005,2305,2450,2487,2852,2983.9999999999995,2940,2916,2800.9999999999995,2680.9999999999995,2677,2613.9999999999995,2518,2280.9999999999995,2022,1919,1864,1805,1823,1814,1827,1849.9999999999998,1827,1837.0000000000002,1844.0000000000002,1866,1844.0000000000002,1873,1823,1848,1777,1778,1769,1785.0000000000002,1813,1847.5616438356165,1819.4465753424658,1835.5123287671236,1819.4465753424658,1827.4794520547946,1757.1917808219177,1757.1917808219177,1787.3150684931506,1526.2465753424658,1498.1315068493154,1337.4739726027397,1337.4739726027397,1227.021917808219,1227.021917808219,1227.021917808219,1227.021917808219,1251.1205479452055,0.019639934533551617,-0.035275482718703954,0.01227229852464115,,
Other Europe,64.2,75.59999999999998,75.59999999999998,169.2,189.15,245.9,308.6,327,330.00000000000006,337,337,314,358.00000000000006,404,554,684,684,734,734,733.9999999999999,694,749,749,750,752,812,770,699,701,703,703,704,708,657,647,547,557,546,546,480,480,461,471,468,490,490,432,460,410,410,410,410.42172602739726,392.5020547945206,354.5506849315069,355.285693150685,310.7129178082192,-0.12545615036505697,-0.03163705188867738,0.0030477971839463045,,
Total Europe,8675.63125,10232.2,11761.5,13001,14664.849999999999,15862.55,17376.1,18593,20031,21031,22104,22890,22784,22581,22075,23180,22658,21166,20155,19411,18915,18738,18770,18584,18388,18323,18479,18233,18091,17980,17918,17951,18083,18147,18199,17997,18098,18148.5,18378.5,18292.042657534246,18292.116712328767,18365.825123287672,18157.64720547945,17908.538,17677.296246575344,17373.7028630137,17244.045821917807,16314.79193150685,15591.357547945207,15735.455054794522,15702.950273972603,15482.046164383562,15460.473150684931,15682.597616438356,15699.794323287671,15616.570178082193,-0.0053009704134806546,-0.011793258549657515,0.15318364922644262,,
Azerbaijan,,,,,,,,,,,,,,,,600,720,720,720,720.0000000000001,720,720,720,720.0000000000001,720,720,650,490,450,430,405.00000000000006,345,405.00000000000006,405.00000000000006,405.00000000000006,405.00000000000006,325,325,325,325,325,325,325,325,325,325,325,325,325,325,325,325,205,120,120,119.99999999999999,0,-0.09483075702567412,0.0011770854737983532,,
Belarus,,,,,,,,,,,,,,,,780,780,780,780,780,780,780,780,780,780,780,780,780,780,780,340,340.00000000000006,380,500,500,500,500,500,480,460,460,460,460,460,460,460,460,460,460,460,460,460,489.99999999999994,519.9999999999999,519.9999999999999,520,0,0.012335696945859898,0.005100703719792865,,
Kazakhstan,,,,,,,,,,,,,,,,220.00000000000003,220,220,220,220.00000000000003,360,360,360,360.00000000000006,360,360,329.99999999999994,329.99999999999994,329.99999999999994,329.99999999999994,329.99999999999994,329.99999999999994,329.99999999999994,329.99999999999994,329.99999999999994,329.99999999999994,329.99999999999994,329.99999999999994,329.99999999999994,329.99999999999994,329.99999999999994,329.99999999999994,329.99999999999994,329.99999999999994,329.99999999999994,329.99999999999994,329.99999999999994,329.99999999999994,349.99999999999994,349.99999999999994,349.99999999999994,350,360,390,400,400,0,0.01942341623449395,0.0039236182459945115,,
Russian Federation,,,,,,,,,,,,,,,,6801.999999999999,6802,6972,7012,7012,7071.999999999999,7138.000000000001,7138.000000000001,7138,7138.000000000001,7138.000000000001,7138.000000000001,6606,6531,6619,6612,6560,6277.000000000001,6028.000000000001,5536,5521,5480.999999999999,5389.000000000001,5257.999999999999,5246.000000000001,5312.999999999999,5428.999999999999,5391.000000000001,5333.000000000001,5389.000000000001,5527,5673,5767,6228.999999999999,6366,6472,6543.000000000001,6544.999999999999,6551,6676.000000000001,6736,0.008987417615338389,0.02164688326887143,0.06607373126254758,,
Turkmenistan,,,,,,,,,,,,,,,,130,129.99999999999997,170.6986301369863,170.6986301369863,170.6986301369863,170.6986301369863,170.6986301369863,170.6986301369863,170.6986301369863,170.6986301369863,170.6986301369863,251.02739726027397,251.02739726027397,251.02739726027397,251.02739726027397,251.02739726027397,251.02739726027397,251.02739726027397,251.02739726027397,251.02739726027397,251.02739726027397,251.02739726027397,251.02739726027397,251.02739726027397,251.02739726027397,251.02739726027397,251.02739726027397,251.02739726027397,251.02739726027397,251.02739726027397,251.02739726027397,251.02739726027397,251.02739726027397,251.02739726027397,251.02739726027397,271.1095890410959,271.1095890410959,271.1095890410959,271.1095890410959,271.1095890410959,271.1095890410959,0,0.0077257952426748044,0.002659326325564294,,
USSR,4518.493150684932,4779.561643835616,5060.712328767123,5341.86301369863,5623.013698630137,6104.986301369863,6526.712328767123,6827.945205479452,7229.58904109589,8032.876712328767,8434.520547945205,9036.986301369863,9840.27397260274,9761.999999999998,9942,,,,,,,,,,,,,,,,,,,,,,,,,,,,,,,,,,,,,,,,,,,,,,
Uzbekistan,,,,,,,,,,,,,,,,175,174.99999999999997,174.99999999999997,174.99999999999997,175,174.99999999999997,174.99999999999997,174.99999999999997,175,174.99999999999997,174.99999999999997,174.99999999999997,175,174.99999999999997,174.99999999999997,174.99999999999997,175,232,232,232,231.99999999999997,232,232,232,231.99999999999997,232,232,232,231.99999999999997,232,232,232,231.99999999999997,232,232,232,231.99999999999997,232,232,232,231.99999999999997,0,0,0.0022756985826768166,,
Other CIS,0,0,0,0,0,0,0,0,0,0,0,0,0,0,0,0,0,0,0,0,0,0,0,0,0,0,0,0,0,0,0.240986301369863,10.240986301369862,10.240986301369864,10.240986301369864,10.240986301369864,10.240986301369862,10.240986301369864,10.240986301369864,10.240986301369864,10.240986301369862,16.240986301369862,16.240986301369862,16.240986301369862,16.240986301369865,16.240986301369862,14.240986301369862,13.240986301369864,16.240986301369865,17.947972602739725,34.947972602739725,43.947972602739725,45.35359509269956,48.353595092699564,48.353595092699564,51.37367728448038,61.3,0.19321806886730863,0.12205158956342932,0.0006012944961986588,,
Total CIS,4518.493150684932,4779.561643835616,5060.712328767123,5341.86301369863,5623.013698630137,6104.986301369863,6526.712328767123,6827.945205479452,7229.58904109589,8032.876712328767,8434.520547945205,9036.986301369863,9840.27397260274,9761.999999999998,9942,8707,8827,9037.698630136987,9077.698630136987,9077.698630136987,9277.698630136987,9343.698630136987,9343.698630136987,9343.698630136987,9343.698630136987,9343.698630136987,9324.027397260274,8632.027397260274,8517.027397260274,8585.027397260274,8113.2683835616435,8011.2683835616435,7885.268383561644,7756.268383561644,7264.2683835616435,7249.2683835616435,7129.268383561643,7037.268383561644,6886.268383561643,6854.268383561644,6927.268383561643,7043.268383561643,7005.268383561644,6947.268383561644,7003.268383561644,7139.2683835616435,7284.2683835616435,7381.2683835616435,7864.975369863012,8018.975369863013,8154.0575616438355,8226.463184133796,8151.463184133795,8132.463184133796,8270.483266325577,8340.409589041095,0.008454925844567418,0.01677067412613842,0.08181145810657307,,
Bahrain,205,205,205,205,205,205,205,250,250,250,250,250,250,259.99999999999994,259.99999999999994,260,259.99999999999994,259.99999999999994,259.99999999999994,260,259.99999999999994,259.99999999999994,259.99999999999994,260,259.99999999999994,259.99999999999994,259.99999999999994,260,259.99999999999994,259.99999999999994,259.99999999999994,260,259.99999999999994,259.99999999999994,259.99999999999994,260,259.99999999999994,259.99999999999994,259.99999999999994,260,259.99999999999994,259.99999999999994,259.99999999999994,260,259.99999999999994,259.99999999999994,259.99999999999994,260,259.99999999999994,259.99999999999994,259.99999999999994,260,259.99999999999994,259.99999999999994,259.99999999999994,260,0,0,0.0025503518598964325,,
Iran,467,524.0000000000001,524.0000000000001,594,594,594,605,605,659.9999999999999,689.9999999999999,810.0000000000001,810.0000000000001,1050,1100.9999999999998,1086,975,1070.9999999999998,1005,1032,1080,1085,1085,1180,1190.0000000000002,1170,1190,1175,1224.9999999999998,1399.9999999999998,1344.9999999999998,1405.0000000000002,1405,1526,1597,1647.0000000000002,1647,1647.0000000000002,1647.0000000000002,1691.9999999999998,1692,1691.9999999999998,1772,1862,1894.9999999999998,1950,1950,1950,2042,2075,2075,2075,2075,2220,2329.9999999999995,2495,2475,-0.008016032064128265,0.02495215726580602,0.02427738789709104,,
Iraq,78.99999999999999,81.99999999999999,81.99999999999999,103,103.00000000000001,103.00000000000001,109.00000000000001,115,115,186,186,186,186,209.99999999999997,302,319,261,418,569.9999999999999,659.9999999999999,659.9999999999999,669.9999999999999,669.9999999999999,669.9999999999999,650,669.9999999999999,440,578,628,628,648,658,708.0000000000001,708.0000000000001,718,717.9999999999999,718,718,718,717.9999999999999,727.9999999999999,743,738.0000000000001,738,852.9999999999999,914,935.0000000000001,971,917.0000000000001,791,763,779.0000000000001,779.0000000000001,849,919,919,0,0.007480497656314977,0.00901451292017239,,
Israel,87.00000000000001,95,109.00000000000001,109,102,125,133,147.00000000000003,212.00000000000003,201,181.00000000000003,200.99999999999997,201,194,194,193.99999999999997,194,194,200,210,270,270,270,270,270,270,270,270,270,270,270,270,270,270,270,270,270,270,270,270,270,270,272,275,275,280,292,292,294,301.00000000000006,301.00000000000006,301,301.00000000000006,301.00000000000006,301.00000000000006,301,0,0.009074845690607125,0.0029525227301108697,,
Kuwait,341.99999999999994,360,360,440.00000000000006,469,469,541,523,522.9999999999999,522.9999999999999,562.9999999999999,577.0000000000001,577,579,579,579,553.9999999999999,534,534,703.9999999999999,584,683.9999999999999,844,844,844,569.9999999999999,574.0000000000001,790,584,764,824.0000000000001,854,906,925.9999999999999,925.9999999999999,745,886,936,914,935.9999999999999,936,936,936,935.9999999999999,936,936,936,935.9999999999999,936,936,936,935.9999999999999,736,736,736,800,0.08695652173913038,-0.023751911443526508,0.007847236491989023,,
Oman,0,0,0,0,0,0,0,0,0,0,0,0,0,0,0,0,0,50,50,50,50,70,80,79.99999999999999,80,80,80,79.99999999999999,80,80,80,79.99999999999999,80,80,80,79.99999999999999,81.99999999999999,85,85,85.00000000000001,85,201,216,222,222,222,222,222,222,222,222,222,304,304,304,304,0,0.03193433066009188,0.0029819498669558285,,
Qatar,0.95,0.95,0.95,0.95,0.95,0.95,0.95,1.0000000000000002,1,6.999999999999999,6.999999999999999,9,10,10.999999999999998,10.999999999999998,13,13,12.000000000000002,62.99999999999999,56,55.99999999999999,62.00000000000001,62.00000000000001,62,62.00000000000001,62.00000000000001,60,59.99999999999999,58,58,62.00000000000001,62,62.00000000000001,62.00000000000001,62.00000000000001,62,62.00000000000001,136.99999999999997,136.99999999999997,137,136.99999999999997,136.99999999999997,136.99999999999997,137,283.00000000000006,283.00000000000006,283.00000000000006,283,283.00000000000006,283.00000000000006,283.00000000000006,429,429,429,429,429,0,0.04247844907651621,0.0042080805688291135,,
Saudi Arabia,303,334.99999999999994,334.99999999999994,347,347,675.9999999999999,675.9999999999999,675.9999999999999,675.9999999999999,675.9999999999999,703.0000000000001,703.0000000000001,703.0000000000001,645,689.9999999999999,700,820,820,1010,1259.9999999999998,1510,1539.9999999999998,1565,1565,1915,1860,1645.0000000000002,1660,1670,1683,1691.9999999999998,1699,1704.0000000000002,1761.9999999999998,1808,1798.0000000000002,1805,1809,2049,2074,2101.9999999999995,2101.9999999999995,2101.9999999999995,2102,2109,2109,2107,2107,2507,2899,2899,2900.9999999999995,2826,2835.0000000000005,2904.9999999999995,2905,0,0.032540168157398686,0.02849527751153514,,
United Arab Emirates,0,0,0,0,0,0,0,0,0,0,0,14.999999999999998,15,15,15,14.999999999999998,135,135,184,195,180,180,180,180.00000000000003,180,185,192.00000000000003,202,215,220,220,273,279,234.99999999999997,431.00000000000006,668.0000000000001,674,711,645,711,711,711,663,682,702.0000000000001,702.0000000000001,707,712.0000000000001,712,727.9999999999999,1149,1149,1229,1229,1307.0000000000002,1330.9999999999998,0.018362662586074663,0.06412794309476055,0.013055839713546735,,
Other Middle East,217.89999999999998,231.20000000000005,229.30000000000004,232.15,267.9,292.59999999999997,283.65,279.99999999999994,281,294,361,363.99999999999994,328,342,345,465,513,513,520,520,520,530,530,529.9999999999999,503,500,515,509.99999999999994,530,530,478,477.99999999999994,478,483,496,495.99999999999994,496,496,496,495.99999999999994,496,496,496,495.99999999999994,496,496,496,495.99999999999994,496,496,496,495.99999999999994,496,496,496,495.99999999999994,0,0,0.0048652866250331935,,
Total Middle East,1701.85,1833.15,1845.2500000000002,2031.1000000000001,2088.85,2465.55,2553.6,2597,2717.9999999999995,2827,3061,3115,3320,3357,3482,3520,3821,3941,4423,4995,5175,5351,5641,5651,5934,5647,5211,5635,5695,5838,5939,6039,6273,6383,6698,6744,6900,7069,7266,7379,7417,7628,7682,7743,8086,8152,8188,8321,8702,8991,9384,9548,9580,9769,10152,10220,0.006698187549251333,0.0230144949383968,0.10024844618515977,,
Algeria,54.221917808219175,54.221917808219175,54.221917808219175,54.221917808219175,54.221917808219175,57.736301369863014,57.736301369863014,116.2758904109589,116.2758904109589,116.2758904109589,116.2758904109589,116.2758904109589,116.2758904109589,110,134.00000000000003,440.00000000000006,440,440,440,440.00000000000006,440,434,434,434.00000000000006,434,434,434,434.00000000000006,434,434,434,434.00000000000006,434,434,434,434.00000000000006,434,434,434,442.9729863013698,442.9729863013698,442.9729863013698,442.9729863013698,444.4992328767123,554.268493150685,554.268493150685,652.3499999999999,652.3500000000001,646.551,650.858,650.858,650.858,656.9999999999999,656.9999999999999,656.9999999999999,657.0000000000001,0,0.017148862451105584,0.006444542969045986,,
Egypt,180.73972602739727,180.73972602739727,136.1572602739726,130.53424657534248,80.32876712328768,175.3978630136986,175.3978630136986,175.3978630136986,175.3978630136986,175.3978630136986,200.82191780821918,222.91232876712328,293.2,314,314,324,361.00000000000006,386.00000000000006,386.00000000000006,433,433,443,522.9999999999999,576,583,583,583,592,633,633,633,645.0000000000001,645,645,645,654,769.9999999999999,810.0000000000001,810.0000000000001,810.0000000000001,810.0000000000001,810.0000000000001,810.0000000000001,810.0000000000001,810.0000000000001,810.0000000000001,810.0000000000001,810.0000000000001,810.0000000000001,810.0000000000001,810.0000000000001,810.0000000000001,810.0000000000001,795,795,794.9999999999999,0,-0.0018674674100163102,0.0077981912639140906,,
Morocco,34.13972602739726,34.13972602739726,34.13972602739726,34.13972602739726,34.13972602739726,34.13972602739726,34.13972602739726,40.16438356164384,48.1972602739726,78.32054794520548,78.32054794520548,78.32054794520548,78.32054794520548,73.99999999999999,154.00000000000003,154,154.00000000000003,154.00000000000003,154.00000000000003,154,154.00000000000003,154.00000000000003,154.00000000000003,154,154.00000000000003,154.00000000000003,154.00000000000003,154,154.00000000000003,154.00000000000003,154.00000000000003,154,154.00000000000003,154.00000000000003,154.00000000000003,154,154.00000000000003,154.00000000000003,154.00000000000003,154,154.00000000000003,154.00000000000003,155.63698630136986,130.53424657534248,130.53424657534248,130.53424657534248,130.53424657534248,200.82191780821918,200.82191780821918,200.82191780821918,200.82191780821918,200.82191780821918,200.82191780821918,200.82191780821918,200.82191780821918,200,-0.004092769440654842,0.04401962962788453,0.0019618091229972557,,
Nigeria,32.13150684931507,32.13150684931507,33.336438356164386,42.172602739726024,42.172602739726024,55.226027397260275,60.24657534246576,60.24657534246576,60.24657534246576,60.24657534246576,60.24657534246576,60.24657534246576,60.24657534246576,160,160,210,209.99999999999997,259.99999999999994,259.99999999999994,260,261,270,270,275,390,445,445,445,445,300,370,445,384.99999999999994,445,360,319.99999999999994,445,400,400,360.00000000000006,405.00000000000006,230,445,319.99999999999994,220,321,446.00000000000006,446,446.00000000000006,449,449,449,449,454,460,460,0,0.07654828909537481,0.004512160982893689,,
South Africa,304.99999999999994,394.99999999999994,394.99999999999994,395,394.99999999999994,394.99999999999994,472.99999999999994,473,472.99999999999994,472.99999999999994,472.99999999999994,473,472.99999999999994,472.99999999999994,491,491,491,491,388,324,324,324,324,324,324,324,324,324,380,451,461.00000000000006,463.99999999999994,466,466,476,481.00000000000006,486.00000000000006,505,514,517,519.9999999999999,519.9999999999999,519.9999999999999,520,519.9999999999999,519.9999999999999,519.9999999999999,520,519.9999999999999,519.9999999999999,519.9999999999999,520,519.9999999999999,519.9999999999999,519.9999999999999,520,0,0,0.005100703719792865,,
Other Africa,216.7350684931507,244.41972602739722,251.1208219178082,287.0268493150685,287.0679452054795,298.08260273972604,309.73027397260273,320.4742465753425,375.80246575342466,446.29095890410963,477.4183561643837,553.1282191780822,571.202191780822,665,665,668,692,691,694,880.9999999999999,916,928,928,928,928,928,928,928,932,889,889,891,856,898,879,897.0000000000001,944,944,927,927.0000000000001,932,982,972,972.0000000000001,972,973,1014,1014.0000000000001,724,726,726,726,706,711,711,711,0,-0.03078453864191011,0.006974231432255245,,
Total Africa,822.9679452054794,940.6526027397259,903.9761643835616,943.0953424657534,892.9309589041094,1015.582520547945,1110.2507397260274,1185.5589589041097,1248.9200547945206,1349.5318356164385,1406.083287671233,1503.8835616438355,1592.2452054794517,1796,1918,2287,2348,2422,2322,2492,2528,2553,2633,2691,2813,2868,2868,2877,2978,2861,2941,3033,2940,3042,2948,2940,3233,3247,3239,3210.97298630137,3263.97298630137,3138.97298630137,3345.6099726027396,3197.033479452055,3206.8027397260275,3308.8027397260275,3572.8842465753423,3643.1719178082194,3347.372917808219,3356.6799178082188,3356.6799178082188,3356.679917808219,3342.821917808219,3337.821917808219,3343.821917808219,3343,-0.0002458019082420826,0.004192768163311156,0.03279163949089913,,
Australia,462,455,496.00000000000006,543,553.9999999999999,603,624,639.9999999999999,686.0000000000001,689,702.0000000000001,691.0000000000001,714.9999999999999,714.9999999999999,730,723,725,725,725,723,669.9999999999999,658.9999999999999,647,659.9999999999999,661.9999999999999,661.9999999999999,677,694,703.0000000000001,708.0000000000001,730,751,793.0000000000001,810.0000000000001,827.9999999999999,828,814.9999999999999,829,755.9999999999999,763,718,693.8,732.9,733.8999999999997,733.9,739.5999999999998,742.4000000000002,663.4000000000001,662.3999999999999,536.15,443.0999999999999,451.75,453.9500000000001,453.9500000000001,455.4,455.95000000000005,0.0012077294685992612,-0.04659897641083477,0.004472434348152994,,
Bangladesh,0,0,0,0,0,0,0,31,31.000000000000004,30,30,31,31.000000000000004,31.000000000000004,31.000000000000004,31,31.000000000000004,31.000000000000004,31.000000000000004,31,31.000000000000004,31.000000000000004,31.000000000000004,31,31.000000000000004,31.000000000000004,31.000000000000004,31,31.000000000000004,31.000000000000004,31.000000000000004,31,34,35,36,36,36,36,36,36,36,36,36,36,39,39,39,39.99999999999999,43,43,43,43,43,43,43,48,0.11627906976744184,0.009811668825167263,0.0004708341895193414,,
China,241.49572628519337,317.9875852895533,317.9875852895533,462.2293765549177,539.813976402197,605.3784269773627,768.1968125723573,875.2854151784613,1020.6199472867452,1229.3334482843557,1327.680124147104,1575.732295489814,1756.0345345715198,1724.3450501268567,1748.3853486710834,1972.3972214695661,1977.8609256841632,2185.481685838854,2237.933246298987,2243.3969505135838,2348.300071433849,2370.1548882922375,2435.719338867403,2560.291794960218,2699.069882010985,3160.206517722984,3160.206517722984,3326.303125846737,3643.197970293371,3897.8065866935967,4386.261743478581,4617.9228021775,4981.805502869669,5017.86595068601,5901.893292607826,5908.449737665343,6166.336576594329,6877.710865334876,7322.456388403082,7843.693770475647,8463.418821917807,9226.54210958904,9455.47909589041,10388.77887671233,11333.90706849315,12322.533287671231,13014.68610958904,13680.511178082192,14502.776520547945,15252.54515068493,15024.180506849314,14895.212671232877,15230.98691780822,15655.47424657534,16199.199589041094,16691.41410958904,0.03038511364974683,0.03636178630652043,0.1637268423795845,,
India,231,329,320.15,366.69999999999993,423.7,411.635,415.1499999999999,489.00000000000006,499,555,564,568,564,626,557,557,557,753,779.0000000000001,704.9999999999999,867,991,1059,1051,1080,1122,1122,1041,1069,1072.0000000000002,1133,1210,1236,1356,2189.9999999999995,2219,2261,2303.0387064383563,2292.8712935616436,2558.4064477260276,2558.4064477260276,2871.7048458356167,2983.31,2992.058706438356,3574.4423684931508,3703.3083873972605,3794.5787158082194,4278.828378027398,4319.025154164384,4319.025154164384,4307.202580645162,4620.264516129033,4699.23935483871,4971.631612903226,4994.094516129032,5017.739677419355,0.004734624307561219,0.03401025460258089,0.04921923737993299,,
Indonesia,225.15,228.94999999999996,238.45,238.45,243.2,269.8,342.95000000000005,342.95,342.95000000000005,342.95000000000005,342.95000000000005,449.35,449.35,427.5,427.5,426.54999999999995,424.65,424.65,424.65,814.1500000000001,823.65,823.65,823.65,822.7,822.7,822.7,822.7,822.7,822.7,941.45,941.45,941.45,1007.95,1041.2,1070.65,1070.6499999999999,1070.65,1004.15,1004.15,1004.1499999999999,1004.15,1004.15,1094.4,1094.3999999999999,1099.245,1099.245,1099.245,1099.2450000000001,1099.245,1099.245,1110.6449999999998,1110.6449999999998,1110.6449999999998,1093.545,1110.6449999999998,1126.5365818759935,0.014308426073132097,0.0010322671343971912,0.011050248718572346,,
Japan,1917,2101.9999999999995,2214,2613.0000000000005,3029,3504,3904,4635,5140,5377,5567,5642.999999999999,5642.999999999999,5642.999999999999,5642.999999999999,5642.999999999999,5642.999999999999,5642.999999999999,4724,4724,4724,4619,4460.999999999999,4323.999999999999,4323.999999999999,4323.999999999999,4505,4636,4802,4861.999999999999,5006,5006,5055.999999999999,5144,5087,5009.999999999999,4704.979499999999,4727.7795,4645.1295,4531.129499999999,4531.1295,4588.4277999999995,4650.1777999999995,4650.1777999999995,4629.7528,4290.6028,4274.2628,4253.570849999999,4122.714999999999,3749.365,3720.865,3600.2149999999997,3342.8600000000006,3342.8600000000006,3342.8600000000006,3284.9100000000003,-0.017335455268841726,-0.03204305865209145,0.03222183203112458,,
Malaysia,118,122.99999999999999,124.00000000000001,119.99999999999999,124.00000000000001,125,125,123,122.99999999999999,181.99999999999997,143,167.99999999999997,140,143,157.99999999999997,172,174.99999999999997,174.99999999999997,205,205,209,213.00000000000003,213.00000000000003,213,220,230,234.99999999999997,235,240,349.99999999999994,365,376,376,476,491,572,559.0000000000001,524.0000000000001,527,527,522,528,534,568,572,581.9999999999999,601,606.0000000000001,612,612,612,618,624.9999999999999,624.9999999999999,624.9999999999999,955.0000000000001,0.5280000000000005,0.008900643076559467,0.009367638562311898,,
New Zealand,61,61,61,61,61,61,61,61,61,61,61,61,61,61,61,61,61,61,61,61,61,61,87.99999999999999,87.99999999999999,87.99999999999999,87.99999999999999,87.99999999999999,87.99999999999999,87.99999999999999,87.99999999999999,87.99999999999999,96.99999999999999,97,96.00000000000001,96.00000000000001,96,101,104,104,104,102,102.41917808219178,102.62,102.62,135.60500000000002,135.60500000000002,135.60500000000002,135.60500000000002,135.60500000000002,135.60500000000002,135.60500000000002,135.60500000000002,135.60500000000002,135.60500000000002,135.60500000000002,135.60500000000002,0,0,0.0013301556306202144,,
Pakistan,52,62.00000000000001,62.00000000000001,62,62.00000000000001,62.00000000000001,62.00000000000001,62,62.00000000000001,62.00000000000001,62.00000000000001,62,96.00000000000001,96.00000000000001,96.00000000000001,113,113,113,113,113,113,113,113,113,113,129,129,129,129,132,132,131,132,131.00000000000003,134.00000000000003,134,226.52712328767123,226.52712328767123,227.53123287671235,255.64630136986304,268.9532235342466,271.4645016164383,274.7748701917808,274.25293402739726,276.0842290958904,278.7053166027397,278.8951736438356,275.1357873424658,389.8051024109589,389.8051024109589,388.71492054794527,389.2770210958904,401.19132358904113,401.4530547945206,401.4530547945206,411.4530547945206,0.024909512782555376,0.038148107996395675,0.004035961782904902,,
Philippines,102,109.00000000000001,170.99999999999997,187,195,199,206.00000000000003,275,275,275,275,246,245.99999999999997,257,257,256.00000000000006,276.00000000000006,290.99999999999994,290.99999999999994,291,290.99999999999994,290.99999999999994,290.99999999999994,291,290.99999999999994,290.99999999999994,290.99999999999994,291,290.99999999999994,301.00000000000006,366,369,389,394,396.00000000000006,398,398,398,334.99999999999994,280,280,275.5,269.8,269.79999999999995,266.95,264.1,261.25,261.25,269.8,270.75,270.75,270.75000000000006,270.93999999999994,270.93999999999994,270.93999999999994,180.00000000000003,-0.33564626854654145,0.0014847030024240926,0.0017656282106975304,,
Singapore,50,78.99999999999999,162,170.00000000000003,180,288,303,490,699.9999999999999,955.9999999999999,923.0000000000001,918,918,958,960,1063,1063,1073.0000000000002,1083,1083.0000000000002,1043,973.0000000000001,903,880.9999999999999,891,933,1031,1056.0000000000002,1098,1133,1175,1175,1200,1219.9999999999998,689.9999999999999,1339.9999999999998,1365.0000000000002,1393.0000000000002,1393.0000000000002,1406.0000000000002,1420.0000000000002,1422,1427,1427.0000000000002,1427,1427,1427,1422,1414,1514,1514,1514,1514,1514,1514,1514,0,0.0059356280939573125,0.014850895061089227,,
South Korea,33,38,57,114.00000000000001,170.99999999999997,209,257,379.99999999999994,380,418,418,418.00000000000006,380,551,551,608,750.5,750.5,750.5,750.5,750.5,750.5,750.5,750.5,798,798,983.25,1591.2499999999998,1591.25,1615,1727.1,2316.1,2316.1,2316.1,2316.1,2316.1,2316.1,2316.1,2316.1,2598.2500000000005,2598.2500000000005,2633.4,2678.9999999999995,2712.2499999999995,2745.5000000000005,2774,2864.2499999999995,2877.5499999999993,2877.5499999999993,3122.65,3128.35,3258.4999999999995,3298.4,3345.9,3393.4000000000005,3571.9999999999995,0.05263157894736814,0.02141295231006013,0.03503791093673098,,
Taiwan,46,50,50,103,103.00000000000001,103.00000000000001,122,192.99999999999997,193.00000000000003,288,273.99999999999994,369,464,447,447,542,541.9999999999999,541.9999999999999,541.9999999999999,542,569.9999999999999,569.9999999999999,569.9999999999999,570,569.9999999999999,569.9999999999999,569.9999999999999,570,569.9999999999999,569.9999999999999,732,732,732,732,732,732,874,1159,1159,1159,1159,1139.9999999999998,1197.0000000000002,1197.0000000000002,1197.0000000000002,1197.0000000000002,1197.0000000000002,1197.0000000000002,1197.0000000000002,1197.0000000000002,988,988,1083,1083,1083,1130.5,0.04385964912280693,-0.009958429029398475,0.011089126067741989,,
Thailand,45,45,45,45.00000000000001,62.99999999999999,122,122,153,153,153,153,153,153,166,170.99999999999997,177,177.00000000000003,177.00000000000003,177.00000000000003,177,166,178.99999999999997,178.99999999999997,178.99999999999997,222.27999999999994,222.27999999999994,222.27999999999994,409.69999999999993,449.9,476.7000000000001,476.7000000000001,817.5,866.5,883.4999999999999,898.5,898.4999999999999,1063.5,1067.5,1067.5,1067.5,1077.5,1099.5,1099.5,1164.5,1235.5,1229.5,1229.5,1229.4999999999998,1236.5,1251.5,1251.5,1234.5,1234.5,1234.5,1234.5,1244.5,0.008100445524503952,-0.00008096838622628777,0.012207357267850424,,
Vietnam,0,0,0,0,0,0,0,0,0,0,0,0,0,0,0,0,0,0,0,0,0,0,0,1.0000000000000002,1,1,1,1.0000000000000002,1,1,1,1.0000000000000002,1,3.0000000000000004,8,8.000000000000002,8,8,8,10.999999999999998,10.999999999999998,10.999999999999998,13.999999999999998,14,162,162,159.00000000000003,158.99999999999997,159.00000000000003,159.00000000000003,159.00000000000003,163,167.00000000000003,367,367,367.00000000000006,0,0.0852132932166565,0.003599919740699965,,
Other Asia Pacific,24.7,24.7,24.7,24.699999999999996,62.7,62.7,62.7,93,93,96,96,96,136,134,142,178,192.00000000000003,217.00000000000003,226.00000000000003,226,226.00000000000003,226.00000000000003,227,228,228,228,230,230,230,230,145,145,145,145,145,143,143,140,144,177,176.1931506849315,176.1931506849315,176.1931506849315,178.1931506849315,183,183,184.466,184.466,190.33,197.33,197.33,197.33,197.33,197.33,357.33,357.83153910124304,0.0014035740106990158,0.069207112223719,0.0035099858895248394,,
Total Asia Pacific,3608.3457262851935,4024.637585289553,4343.287585289554,5110.079376554918,5811.4139764021975,6625.5134269773625,7374.996812572356,8843.23541517846,9759.569947286745,10714.283448284355,10938.630124147105,11449.082295489814,11752.384534571518,11979.845050126856,11979.885348671083,12522.947221469565,12708.010925684162,13161.631685838853,12370.083246298986,12689.046950513584,12893.450071433848,12870.304888292238,12791.869338867402,12763.491794960217,13041.049882010984,13612.186517722983,14098.436517722985,15151.95312584674,15759.047970293372,16408.956586693595,17435.511743478583,18716.9728021775,19363.35550286967,19800.66595068601,21020.143292607827,21709.69973766534,22108.093199882,23113.8061950609,23337.73841484144,24321.77601957154,24926.00114386301,26080.101585808217,26726.154916767122,27802.931467863014,29610.886466082193,30427.199791671228,31302.1387990411,32363.062193452057,33230.75177712328,33848.970407260276,33294.243008042424,33490.0492084578,33807.64759623597,34735.18891427309,35527.42715996465,36492.439962780154,0.02716247361427171,0.0183832201547125,0.3579560081970587,,
Total World,34785.26170058067,37826.68531593978,40929.60771201174,44104.05211720022,47393.10488421951,51700.17103024476,55766.66752599638,59969.72689982372,64551.49478630786,68467.3617749237,70905.81458246638,74227.21671602003,76423.82448121984,77252.4743562596,77800.52843304939,79420.94896193406,78797.48480149581,76760.11324856218,74365.23910838425,74015.75146448247,73387.20394498942,73659.3716312768,74672.66493293538,74190.53618466844,74603.4746169699,75076.89072123589,75092.821633264,75102.98983611178,75428.17080175609,76412.67121972414,76799.65286080193,78375.17801623237,79671.02316890331,80859.17755034276,82178.93201499591,82868.96880989269,83953.06491596514,85140.75697442098,85992.51147579524,87088.02541847114,88045.1478785735,89614.39092149923,90506.4598378694,91265.6954039669,92977.08354677279,93870.89909155095,95054.16785597568,95352.8822407707,96136.25116714869,97469.80030413497,97898.02025531745,98419.7154408189,98695.69139975759,100125.34626708759,101747.83590816014,101946.71727004695,0.00195464955211766,0.009055203128466971,1,,
