Exajoules (input-equivalent)*,1965,1966,1967,1968,1969,1970,1971,1972,1973,1974,1975,1976,1977,1978,1979,1980,1981,1982,1983,1984,1985,1986,1987,1988,1989,1990,1991,1992,1993,1994,1995,1996,1997,1998,1999,2000,2001,2002,2003,2004,2005,2006,2007,2008,2009,2010,2011,2012,2013,2014,2015,2016,2017,2018,2019,2020,2020_2,2009-19,2020_3,iii,jjj
Canada,0,0,0,0,0,0,0,0,0,0,0,0.00707,0.01069,0.011320000000000002,0.01345,0.013,0.01898,0.021390000000000003,0.02085,0.023370000000000005,0.01678,0.01866,0.023129999999999998,0.02486,0.034780000000000005,0.039559191919191924,0.03985919191919192,0.045260526319999994,0.04878052632000001,0.057940526320000005,0.0720070790761281,0.07596409537285308,0.08237166888359386,0.0905935898575196,0.09118411329679404,0.09197463354355935,0.09955658485083316,0.10338694566638976,0.09935274222553667,0.1048955279919544,0.10385339300466354,0.10977807229394237,0.11471949763815784,0.11216021800945043,0.14820891226298058,0.18094127125957657,0.19567541256272597,0.21425848147890372,0.21825591903499145,0.2265894723891927,0.36290661833561144,0.4193916728065453,0.37484472181818185,0.42484825814936056,0.4202119284132644,0.4549322290200058,0.0796676964903349,0.10983752725589069,0.016276319621931837,,
Mexico,0,0,0,0,0,0,0,0,0.0016100000000000003,0.0046300000000000004,0.00518,0.005789999999999999,0.00592,0.005979999999999998,0.010190000000000001,0.00915,0.009640000000000001,0.012960000000000003,0.01353,0.014240000000000001,0.01641,0.03394,0.044180000000000004,0.046329999999999996,0.04675,0.05126,0.058355124753775446,0.06369522980958635,0.06504760669730796,0.062285254000069123,0.06426443480664894,0.06196555154300723,0.05901246224556797,0.06160586031724091,0.06084001313197636,0.06384645108338804,0.06232760051504634,0.060213499120334184,0.06842544989880713,0.07105080594903583,0.07907116635569619,0.07257768478301882,0.08134735404206243,0.07764187507378878,0.07716509705179007,0.08181426974901833,0.08448814726743895,0.09753282183284831,0.10703368156831305,0.12628300216868238,0.15099138514849658,0.16414614324855578,0.17936088582553456,0.231760524458601,0.2881038327237516,0.3479508182695422,0.20442734028618403,0.14080866949720905,0.01244879647913171,,
US,0.13332232095652646,0.14062006895272863,0.1407357074264804,0.15546045096175942,0.1622706037653718,0.1623590253395494,0.16584413973581333,0.18672978440292398,0.19989691771854276,0.20404264805821332,0.19754301961701326,0.22564753541853655,0.23536121862459236,0.24678786657309668,0.2575603724229939,0.2665611631812324,0.2737760327329065,0.2640504894535597,0.29810294113669267,0.35607182700809914,0.3640945199964598,0.3872007725117736,0.4267961297377268,0.42404126916216306,0.5124077698564594,0.6064687788942053,0.6401077461672078,0.6814094648174127,0.7043607446512936,0.7033865844460963,0.6697576619867789,0.6863403758106347,0.6967402688649227,0.6919804372155645,0.7152939390906373,0.7275109334524501,0.7372828746167581,0.8178079315080495,0.8164243300570435,0.8471533221292936,0.8844698966994992,0.9696198597428761,1.0496074165055318,1.245922329222094,1.415422625673918,1.6302780024872816,1.8836218761407681,2.1171236864668455,2.453901772405336,2.718971015809527,2.876104253451808,3.326420841901415,3.7595637531100476,4.040836991118945,4.311577537258961,4.9001314692028775,0.1334002669848826,0.11782805876971425,0.17531425758522196,,
Total North America,0.13332232095652646,0.14062006895272863,0.1407357074264804,0.15546045096175942,0.1622706037653718,0.1623590253395494,0.16584413973581333,0.18672978440292398,0.20150691771854276,0.2086726480582133,0.20272301961701325,0.23850753541853653,0.2519712186245924,0.2640878665730967,0.2812003724229939,0.2887111631812324,0.3023960327329065,0.29840048945355974,0.33248294113669263,0.3936818270080991,0.3972845199964598,0.43980077251177363,0.4941061297377268,0.49523126916216303,0.5939377698564594,0.6972879708133971,0.7383220628401752,0.790365220946999,0.8181888776686015,0.8236123647661654,0.8060291758695559,0.824270022726495,0.8381243999940845,0.844179887390325,0.8673180655194077,0.8833320180793975,0.8991670599826377,0.9814083762947734,0.9842025221813874,1.0230996560702839,1.067394456059859,1.1519756168198374,1.245674268185752,1.4357244223053334,1.6407966349886887,1.8930335434958765,2.163785435970933,2.4289149897785975,2.77919137300864,3.071843490367402,3.390002256935916,3.909958657956516,4.313769360753764,4.697445773726907,5.019893298395977,5.703014516492425,0.13297876499368755,0.11831454366657757,0.2040393736862855,,
Argentina,0,0,0,0,0,0.00047540991253644326,0.0004986461370262391,0.0006435315192743763,0.0004904243440233237,0.0005006767142857143,0.0005492264150943396,0.0005020279154518952,0.0005385510781671159,0.000541366620879121,0.0008439376339285715,0.0008625156794425088,0.0007472249999999999,0.0009591246543778802,0.0013731478405315618,0.0009739279181184668,0.0010332161428571432,0.001070789208074534,0.0010815682330827068,0.001211160473515249,0.0011937690789473685,0.0010676328373015872,0.0009960040431266847,0.001018654945054945,0.001074384027777778,0.0011929003759398498,0.0011559245729813668,0.0036101549206349207,0.004602240499999999,0.004964392030075188,0.006852621428571428,0.007098083101045295,0.006544523836937176,0.009117819199657057,0.01071096957234691,0.009480260943564198,0.011096117441538723,0.015753614347661423,0.015657738822144173,0.01649388619477358,0.016675713425318536,0.019136191589050368,0.020696145599990917,0.02625903371040956,0.02696651733624642,0.026912060991911117,0.027196447250546384,0.022859835403064886,0.027104746569370473,0.017840009558769965,0.05721791464128899,0.09972812049101118,0.7381905634099375,0.13121397105845123,0.0035680188407466,,
Brazil,0,0,0,0,0,0.005146915000000002,0.006333952500000002,0.007165701875,0.007508003750000001,0.007851518,0.008671775750000001,0.00864337725,0.011168454625,0.013319440750000003,0.017760194000000003,0.018055082625,0.018736228750000004,0.021784744749999994,0.02984454949999999,0.028516788875000008,0.03067125588592233,0.031939324238673135,0.03565697314724919,0.03339783794093851,0.034031623385113265,0.03859062500000001,0.039996125625,0.049293607379452056,0.04983937033224442,0.05388223648777488,0.05593740488958306,0.06754709628222037,0.07382950998212703,0.07510233012160117,0.08378002280958721,0.07856363,0.0896670111038961,0.10154409584567284,0.1172555025,0.1221666575054786,0.13250806389900396,0.14513502041485182,0.17906953535995576,0.19927306628450908,0.2277421256367255,0.3202574735059006,0.32963859067917334,0.37848167161241947,0.4382851126884028,0.5433379633427803,0.6517521358135312,0.7687012614561678,0.865054592868645,0.9512735669088008,1.0479840408231638,1.0688190195661895,0.017094447529650836,0.16490666456996395,0.038239629709096966,,
Chile,0,0,0,0,0,0,0.0006600000000000001,0.0005700000000000001,0.00051,0.00046,0.00051,0.0007300000000000001,0.0008,0.0009099999999999999,0.00094,0.0010500000000000002,0.0011,0.0013700000000000003,0.0020800000000000007,0.00201,0.00195,0.0028000000000000004,0.00271,0.0032700000000000003,0.0032100000000000006,0.009630000000000001,0.01033,0.01743,0.0175,0.01786,0.018789999999999998,0.01738,0.01743,0.01161,0.0145,0.01375,0.01679025974025974,0.01764929032258064,0.016692692307692304,0.019841273885350313,0.017401329113924044,0.013837358490566033,0.02588759999999999,0.03446153427130436,0.03277879589177777,0.0350849015591411,0.04339995893451222,0.05927035801632936,0.06864573880626504,0.06313958346449111,0.08233656663482126,0.10614324465671553,0.134737360056723,0.15983460408137007,0.18490203188420484,0.2094179569197148,0.12949422232602403,0.18887137032263368,0.007492442574885892,,
Colombia,0,0,0,0,0,0,0,0,0,0,0.00189,0.00202,0.00192,0.00206,0.00216,0.00227,0.00212,0.00231,0.0023400000000000005,0.0025499999999999997,0.00267,0.00266,0.0026800000000000005,0.0027400000000000007,0.0027400000000000007,0.0027400000000000007,0.0026900000000000006,0.0034,0.0038900000000000007,0.00444,0.00477,0.00496,0.00483,0.00532,0.00457,0.004978350136986301,0.004954306412337662,0.004892557499999999,0.00491762596153846,0.005135164591222406,0.005442260838607593,0.005607185170475936,0.005326574281729694,0.005352790445772702,0.010020509444699016,0.010780889117819827,0.013244386006145768,0.014195741404366675,0.012941021328351603,0.016483260898907705,0.01722413508447172,0.018511113995697,0.017948976327713556,0.01956311940040012,0.023483670080689256,0.023474938189988262,-0.0031030527099509264,0.08889904487953726,0.0008398736618603925,,
Ecuador,0,0,0,0,0,0,0,0,0,0,0,0,0,0,0,0,0,0,0,0,0,0,0,0,0,0,0,0,0,0,0,0,0,0,0,0,0,0,0,0.00003158007707006369,0.0009961333517905058,0.0014007737341211316,0.002101197271499999,0.002005474678881987,0.0020752475380677766,0.002243343488464048,0.002627151431697986,0.0027732619581539975,0.0032826289296822267,0.004541409628998679,0.004941674981697853,0.0055452094093294034,0.004875569999999999,0.004887989840066842,0.006299815646309413,0.006543692506317768,0.03587373526821502,0.11744406531747131,0.0002341166968317484,,
Peru,0,0,0,0,0,0,0.00227,0.00227,0.0023,0.00266,0.00266,0.0024500000000000004,0.00242,0.00215,0.0016300000000000004,0.00085,0.0007599999999999999,0.0015100000000000003,0.00145,0.0014200000000000003,0.00169,0.0015400000000000001,0.00136,0.00136,0.00145,0.00136,0.00133,0.00133,0.00109,0.00119,0.0014200000000000003,0.0013740000000000004,0.001546,0.001265,0.001396,0.001588,0.0016313376623376626,0.0018478451612903225,0.001934076923076923,0.001502713375796178,0.003381493670886075,0.0033602264150943387,0.003999037499999999,0.004382832298136644,0.004355777777777775,0.006328380368098155,0.006308451219512191,0.006758890909090904,0.01067405421686746,0.01601277844311376,0.015770196999807515,0.016766024336994395,0.016488599499,0.02386025791204386,0.02627941204424416,0.029098267748188272,0.1042394797699151,0.19689207931086172,0.0010410621101395652,,
Trinidad & Tobago,0,0,0,0,0,0,0.00035000000000000005,0.00035000000000000005,0.00029,0.00025,0.00023,0.00018999999999999998,0.00023,0.00029,0.00029,0.0002600000000000001,0.00018999999999999998,0.00018,0.00016,0.00013000000000000004,0.00017,0.0002600000000000001,0.00031,0.00027,0.0002600000000000001,0.00031,0.00025,0.0003,0.00028000000000000003,0.00032,0.00033000000000000005,0.00017,0.00018,0.00018,0.00018,0.00020127,0.00029442564935064933,0.0002661706451612903,0.00013238423076923075,0.00024533598726114643,0.00023568778481012647,0.00027603509433962254,0.00020923706249999986,0.00021980683229813654,0.0002128305555555554,0.000037583558282208565,0.00003735439024390241,0.000037127999999999974,0.00003690433734939755,0.000041117604790419134,0.00004691089285714282,0.000046633313609467414,0.000046359,0.00004178412933000608,0.000041630070680284636,0.00004148610612244899,-0.006180978565705542,-0.15055098525339705,0.000001484267501937457,,
Venezuela,0,0,0,0,0,0,0,0,0,0,0,0,0,0,0,0,0,0,0,0,0,0,0,0,0,0,0,0,0,0,0,0,0,0,0,0,0,0,0,0,0,0,0,0,0,0.000023090797546012255,0.000027801219512195103,0.000048403636363636323,0.00004928551278283864,0.00006182120636775225,0.00009148013937282223,0.00009085401039746617,0.00009007280024698978,0.0000845727752106956,0.00011206707025096556,0.00011165539529902324,-0.00639567302330768,0,0.000003994746437980172,,
Central America,0,0,0,0,0,0,0.0010700000000000002,0.00141,0.00117,0.0015600000000000002,0.00338,0.00724,0.0069900000000000006,0.007520000000000001,0.00642,0.006821052631578947,0.011091052631578948,0.011981052631578948,0.01026105263157895,0.012371052631578948,0.0093699,0.0086075,0.009105160000000001,0.00883962,0.01171867,0.012207556315789476,0.013350639157894736,0.018216531736842106,0.017220100210526317,0.016930572210526317,0.017508388947368423,0.017620156584879053,0.019265448341578947,0.016785293609942107,0.02513357517038422,0.029805969434947368,0.032117078437655835,0.035344455315634626,0.03703836376817308,0.03874319182897451,0.04065707687879113,0.043952327744364764,0.047777720601956224,0.04862922096144718,0.05398578778738314,0.06148618989552389,0.06298940612977402,0.07426894522051491,0.08024166364587912,0.09121361782671852,0.10726641318919877,0.11984014993095622,0.12115334841312497,0.14168335720769842,0.15383952673806955,0.1448751399341694,-0.060844054307994666,0.1103984559282194,0.005183264522542646,,
Other Caribbean,0,0,0,0,0,0,0.009700000000000002,0.008310000000000001,0.009780000000000002,0.009840000000000002,0.01012,0.01103,0.011930000000000001,0.013390000000000003,0.012890000000000002,0.012920000000000003,0.01308,0.014060000000000001,0.015150000000000002,0.01289,0.012090000000000002,0.012660000000000005,0.013040000000000001,0.014220000000000002,0.013890000000000001,0.01603842105263158,0.01367842105263158,0.014700000000000001,0.010657171717171716,0.01138777777777778,0.009587777777777777,0.012295367169590643,0.011870215279797978,0.01049598632888889,0.012286559098001063,0.013751801359347938,0.013087765881897459,0.012282164787625515,0.010103454552142791,0.011193739386156105,0.008427258941201395,0.008504763982769262,0.008959844992828784,0.009843731944264432,0.010527116037732206,0.010316702038156458,0.011784985062278684,0.01715004973293215,0.021901202328643208,0.021359143061810915,0.023560580924110786,0.02438658835537171,0.02766037339282059,0.02875986095935477,0.039590265774851106,0.047338503425120255,0.19244370624599894,0.14163664530833264,0.001693651412279453,,
Other South America,0,0,0,0,0,0,0.0005600000000000001,0.00059,0.0006100000000000001,0.00066,0.00063,0.0007199999999999999,0.00074,0.00056,0.00079,0.00084,0.0008900000000000001,0.00091,0.00075,0.0008000000000000001,0.00095,0.0009699999999999999,0.0011,0.0010700000000000002,0.0009500000000000001,0.0011099999999999999,0.0011189473684210527,0.0012384210526315792,0.0013357894736842105,0.0011984210526315789,0.0012163157894736843,0.0011957894736842104,0.0011578947368421054,0.0012878947368421053,0.0013478947368421054,0.0010528008277235468,0.0010690153237385444,0.0011984310889511514,0.00116879313070573,0.0010984016017603915,0.0010220879176313347,0.0011917802682007805,0.00226324900694413,0.009533984722333222,0.010542653695913168,0.012340539276714696,0.013350432614760472,0.015306817237724224,0.017335420703987126,0.02824156747769236,0.04558405192643648,0.061702821635123785,0.06824413509913024,0.07872988170266891,0.07703261470347408,0.08377334600012587,0.08453357578761378,0.22003550581930265,0.0029971975347492306,,
Total S. & Cent. America,0,0,0,0,0,0.0056223249125364454,0.021442598637026244,0.021309233394274374,0.022658428094023325,0.023782194714285713,0.028641002165094336,0.03352540516545189,0.03673700570316711,0.040740807370879116,0.04372413163392858,0.04392865093602146,0.048714506381578954,0.055064922035956816,0.0634087499721105,0.061661769424697414,0.060594372028779465,0.06250761344674768,0.06704370138033187,0.06637861841445376,0.06944406246406062,0.08305423520572268,0.08374013724707403,0.10692721511398068,0.10288681576140446,0.10840190790465042,0.11071581197718432,0.1261525644310092,0.13471130884034604,0.12701089682734942,0.15004667324338608,0.1507899048600505,0.16615572404841084,0.1841428298665735,0.19995386294644543,0.20943831918263395,0.22116750983818487,0.23901908566244512,0.2912517348995587,0.33019632863372134,0.36891655779095034,0.4780352851946974,0.5041046632876016,0.5945503014383046,0.6803595498344575,0.8113443239475828,0.9757705938368524,1.1445937365034278,1.283404134026775,1.426559004475715,1.616782989477227,1.7132221262822471,0.05675356719545044,0.15923733111440308,0.06129473607707243,,
Austria,0,0,0,0,0,0,0,0,0,0,0,0,0,0,0,0,0,0,0,0,0,0.01287501,0.00905816,0.0104696,0.0110445,0.01142485,0.012258320000000001,0.013291639999998916,0.013621110000000033,0.012115550000000001,0.01859221,0.015954440000000004,0.017333889999999994,0.01889777,0.016499118188815172,0.015982793199999998,0.01832832701298701,0.017100898838709674,0.020526725192307686,0.029252528025477707,0.03669530183384312,0.048235245880480324,0.05855147642128691,0.06028467474132225,0.0593199569244657,0.062102577572069315,0.06182560514534602,0.06868817764679355,0.07708515376523034,0.08215559672010009,0.0936304230481299,0.09978570655116527,0.114852740148,0.11108835416016154,0.12413065130303161,0.12113383784610572,-0.026808690618027375,0.07663333074879186,0.004333861036976076,,
Belgium,0,0,0,0,0,0,0,0,0.00116,0.00108,0.0008300000000000001,0.0005700000000000001,0.0024700000000000004,0.0026,0.00315,0.003,0.0029100000000000003,0.00046,0.00021999999999999998,0.00024,0.00053,0.00119,0.0014800000000000002,0.00188,0.0019800000000000004,0.0028900000000000006,0.0030699999999999994,0.00276,0.0025300000000000006,0.00254,0.0033000000000000004,0.0032200000000000006,0.0028300000000000005,0.0036999999999999993,0.00509,0.0058400000000000014,0.006298831168831168,0.0076796129032258055,0.009268269230769227,0.011499363057324838,0.017604683544303792,0.024951509433962255,0.029615062499999987,0.038088447204968935,0.04827055555555553,0.05803137938650303,0.07632212817073167,0.09366468054545446,0.10408258192771075,0.10970832934131729,0.12926678571428576,0.12658984615384639,0.14038470000000047,0.15065936842105315,0.17127642769356868,0.20871752208091426,0.21527088362409286,0.13501481403270676,0.007467382795465092,,
Bulgaria,0,0,0,0,0,0,0,0,0,0,0,0,0,0,0,0,0,0,0,0,0,0,0,0,0,0,0,0,0,0,0,0,0,0,0,0,0,0,0,0.000009745222929936305,0.00004841772151898733,0.0001924528301886792,0.0004494374999999998,0.0013114285714285706,0.002342222222222221,0.006861533742331286,0.009497195121951213,0.019481999999999985,0.026237776445783116,0.025504202155688598,0.028279363392857117,0.028650055739644943,0.029727089999999998,0.03805314,0.040922349856616136,0.0438636741398247,0.06894712031169492,0.3311691575017035,0.0015693308465526568,,
Croatia,,,,,,,,,,,,,,,,,,,,,,,,,,0,0,0.00006,0.00018999999999999998,0.00006,0.00005,0.0001,0.00002,0.00005,0.00002,0.00001,0,0,0,0.00005847133757961783,0.00023240506329113918,0.00028867924528301874,0.00040162499999999986,0.0005796894409937886,0.000746266604444444,0.0016146330669938643,0.0023884462799999982,0.003940909090909089,0.0060213238389758995,0.008520359281437118,0.010190892857142848,0.013679467455621288,0.0162747,0.018614105263157894,0.022470476034412122,0.025622910582132005,0.1371767376262587,0.40563261822723606,0.0009167226581799732,,
Cyprus,0,0,0,0,0,0,0,0,0,0,0,0,0,0,0,0,0,0,0,0,0,0,0,0,0,0,0,0,0,0,0,0,0,0,0,0,0,0,0,0.000007357643312101911,0.000008918544303797465,0.000014549433962264145,0.00003336356249999999,0.00014592968944099373,0.00029613999999999986,0.00068521472392638,0.00166060975609756,0.0023830909090909076,0.0030139156626506,0.002913413173652692,0.003640598571428568,0.0038445459763313573,0.0039169800000000005,0.004149789473684211,0.004588694600573534,0.00554807170612245,0.20577059967494393,0.3152830039941905,0.00019849591348753315,,
Czech Republic,0,0,0,0,0,0,0,0,0,0,0,0,0,0,0,0,0,0,0,0,0,0,0,0,0,0,0,0,0.00221,0.0030900000000000003,0.00405,0.0029200000000000003,0.004940000000000001,0.00587,0.006830000000000001,0.00517,0.005108610389610389,0.004892051612903225,0.004844019230769229,0.005757779808917196,0.006484682278481011,0.009256211320754715,0.012566760187499994,0.016289501366459617,0.021145109999999988,0.029074139447852743,0.04869998396341461,0.055189594363636324,0.06031489499999995,0.06651810592814365,0.06947005982142851,0.06694474260355023,0.06974075699999999,0.06956745368421051,0.0714621220811143,0.07126533224489798,-0.0054784807299590454,0.12950093814931973,0.0025496925730670006,,
Denmark,0,0,0,0,0,0,0,0,0,0,0,0,0,0.00003,0.00006,0.00010499999999999999,0.00010499999999999999,0.00018499999999999994,0.0006010000000000001,0.000662,0.000874,0.0017660000000000002,0.002348,0.0037170000000000003,0.0055439999999999994,0.008203,0.010951,0.014364000000000002,0.017622,0.017103997093737,0.018241404554852434,0.02059244301068392,0.029101868486071887,0.03898456976015417,0.043487895301634584,0.05542005559668148,0.05780994376872463,0.06670149478703095,0.07900737887996041,0.09253775958879407,0.09480587457088771,0.08833701883351322,0.09829062575108172,0.09570571454659432,0.09486479392438202,0.11648194018404903,0.13214291768292674,0.13742001515151506,0.14704884789156616,0.16468912874251485,0.17247089434523794,0.1669355236686389,0.196976375,0.18695981836257308,0.20749763102553598,0.2026118092200856,-0.02621430402247793,0.08141106139370446,0.007248935897876271,,
Estonia,,,,,,,,,,,,,,,,,,,,,0,0,0,0,0,0,0,0,0,0,0.00006,0.00005,0.00008,0.00012,0.00012,0.00013000000000000002,0.00010928571428571427,0.00028033548387096775,0.00031482692307692304,0.0003761656050955413,0.0008414999999999999,0.0010998679245283014,0.0012144374999999994,0.0016250310559006204,0.004808166666666665,0.009565785276073612,0.010739853658536578,0.013309145454545444,0.011036277108433728,0.012341694610778432,0.013660714285714273,0.01347737165680472,0.02179250999999999,0.017078754736842103,0.018715284299060365,0.020367115574790567,0.08528769285372917,0.1455701573816972,0.0007286836625890916,,
Finland,0,0,0,0,0,0,0,0,0,0,0,0,0,0,0,0,0,0,0,0,0,0,0,0,0,0.051565,0.05000099999999999,0.049530000000000005,0.059631,0.06473,0.066196,0.05901000000000001,0.07908799999999999,0.093573,0.084134,0.08666726315789475,0.08229303178400546,0.08881226587436332,0.09205499999999998,0.10226293295340258,0.0934498211192538,0.10500930387288974,0.09677441249999996,0.10126189212160831,0.08523119005847948,0.10587234420406838,0.10886828915275987,0.10757534928229655,0.11726465250475578,0.1174752612669397,0.12458125996810195,0.13166435265139706,0.15053952153110048,0.16833714989227452,0.17326387695929082,0.17357174963382482,-0.000960194828163563,0.07352199645953683,0.00620995632792116,,
France,0,0.0039,0.00605,0.009260000000000001,0.01067,0.013702457999999999,0.013918224,0.015151953000000001,0.015500864000000001,0.015770592,0.014158849,0.013329,0.013745814000000002,0.014183880999999999,0.014840102000000004,0.014710235000000002,0.014921525,0.0152734,0.015587000000000002,0.016223,0.016521499999999998,0.016628,0.017506,0.0177325,0.0184145,0.01913271526,0.02102489604,0.02135977604,0.019780851799999995,0.021635825,0.023357542000000002,0.024330805,0.026895352000000008,0.026765857,0.028944919300000004,0.030392232500000005,0.03448620496753247,0.03759953728064516,0.040336756211538455,0.042737168251719734,0.04691193773924049,0.05807173746226413,0.07940699999999996,0.09666559006211177,0.11960444444444439,0.14532184049079747,0.18294695121951204,0.23618642740619988,0.26359516129720123,0.2884422210573565,0.34113156562133573,0.3540620056713632,0.3958212297006858,0.44282763244242473,0.5090704057128709,0.5708568241663439,0.11830721188814763,0.15585419417507884,0.020423807186638696,,
Germany,0,0,0,0,0,0.009200201613000001,0.010010282260000001,0.0101874874,0.010531048390000002,0.0107625,0.01124710181,0.012776852320000002,0.012465839210000001,0.01317465978,0.01443317792,0.0196625378,0.01804237651,0.01798813004,0.015402381550000002,0.01642944808,0.01644029738,0.015965695560000003,0.01447849294,0.01645881804,0.01775267893,0.01507,0.01572,0.01837,0.02238,0.027909999999999997,0.03517000000000001,0.04142,0.052570000000000006,0.07780000000000001,0.09143000000000001,0.14304,0.15696409090909091,0.2171218064516129,0.2733109615384615,0.35606315923566867,0.41508706329113915,0.49682083018867906,0.6421352624999997,0.6918602981366456,0.719060333333333,0.7906035644171774,0.992315085365853,1.1246742545454538,1.192109638554216,1.309551736526945,1.54647482142857,1.5311362807634896,1.765570096251,1.8504367776676782,1.985255715002873,2.063919035027159,0.03678326999686177,0.10689165260705957,0.07384178069831562,,
Greece,0,0,0,0,0,0,0,0,0,0,0,0,0,0,0,0,0,0,0,0,0,0,0.00001,0.00001,0.00001,0.00002,0.00002,0.00009,0.0004800000000000001,0.00038,0.00035000000000000016,0.00036,0.00037,0.0007300000000000001,0.0016300000000000004,0.004510000000000001,0.00829577922077922,0.00766974193548387,0.011043461538461535,0.012132802547770697,0.01345044303797468,0.017455471698113206,0.019153687499999995,0.023168571428571417,0.026548333333333323,0.028741472392638016,0.03854853658536583,0.05329963636363633,0.07376259036144572,0.07055407185628737,0.07970571428571421,0.08464792899408274,0.08854642800000001,0.09309719842105263,0.10783621296190088,0.12923327321146683,0.19514746759612356,0.15046321373522864,0.004623638261702,,
Hungary,0,0,0,0,0,0,0,0,0,0,0,0,0,0,0,0,0,0,0,0,0,0,0,0,0,0.00017,0.00024,0.00046,0.00039000000000000005,0.00045,0.0005600000000000001,0.0005,0.00053,0.0006,0.00065,0.00065,0.0007053896103896104,0.0004244516129032258,0.0016182692307692306,0.007123757961783437,0.01615215189873417,0.012576792452830183,0.015998062499999997,0.020374658385093156,0.02518833333333332,0.026516871165644156,0.02319256097560974,0.02257149654545453,0.023732558132530102,0.026106564071856266,0.027275892857142832,0.02715071005917157,0.029357999999999995,0.03171842105263158,0.03982944694797214,0.045571657142857144,0.14104382312386043,0.04688863324007708,0.0016304381401072768,,
Iceland,0,0,0,0,0.000019039999999999997,0.00012091000000000003,0.00012033000000000001,0.00021664000000000007,0.00024200000000000003,0.00005751,0.00018347000000000006,0.00019012000000000003,0.00016126,0.00018284999999999997,0.00045630000000000003,0.00044672000000000006,0.00123133,0.0015896800000000006,0.00171714,0.00173233,0.0017123299999999998,0.0021233899999999997,0.0023413600000000002,0.0024560800000000007,0.0025750799999999996,0.0028291000000000006,0.0026702499999999994,0.0022976900000000002,0.0025427200000000005,0.00258365,0.0028817700000000005,0.003431342880000001,0.0037307241000000004,0.0065265806700000005,0.011356729999999999,0.013226630000000003,0.014414418116883114,0.01411962982846491,0.013776652318772014,0.014446150610109515,0.016065288792341762,0.025332547009539613,0.034239991263572356,0.03837294183457011,0.04300137542777775,0.041913763991226975,0.04386128382548778,0.048306318349090875,0.04839294764873491,0.04806903009772451,0.0456620887703571,0.045958749836272156,0.046599529959,0.05381123631578946,0.05370652802831626,0.052999016097725095,-0.01586991408295113,0.022479178806950273,0.0018961701779465485,,
Ireland,0,0,0,0,0,0,0,0,0,0,0,0,0,0,0,0,0,0,0,0,0,0,0,0,0,0,0,0.00005000899999999999,0.00015002700000000003,0.0001900342,0.00016002880000000002,0.00041007380000000006,0.0013102358,0.0025404572000000004,0.0027805004,0.0033906101999999997,0.0042827837493506484,0.004630317178064515,0.0052971071538461525,0.007446690481528661,0.012030792747903793,0.016847214764226785,0.02035627603902953,0.02489213376288896,0.030293319307641203,0.02938630640608133,0.04401308105901741,0.04127450958765909,0.04630538553192993,0.05202166604449389,0.06422392691280668,0.06188209611049653,0.073668384,0.08504262526315788,0.09710365679639493,0.11109734448744388,0.14098483502721892,0.12354086299469413,0.003974780797396496,,
Italy,0.026760000000000006,0.03351,0.03475,0.03617,0.03812,0.04228,0.04209,0.03806999999999999,0.03845,0.04245,0.03986000000000001,0.03812,0.03730000000000001,0.038110000000000005,0.03825,0.0396,0.03469,0.035210000000000005,0.03393,0.03472,0.03212,0.03501,0.036930000000000004,0.037869999999999994,0.032010202020202015,0.03276919191919192,0.03299878787878788,0.03566919191919192,0.03797838383838384,0.03581717171717171,0.03675636363636364,0.04184666666666667,0.046029999999999995,0.05257000000000001,0.059500000000000004,0.0668,0.07487064935064934,0.08683490322580645,0.09999923076923076,0.1123916560509554,0.11980481012658223,0.13126245283018864,0.14248124999999995,0.15718136645962727,0.19000994444444433,0.2426185766871164,0.34647782926829246,0.46685770909090873,0.5459602228915659,0.5692461197604786,0.5770904999999995,0.5938047692307685,0.6092909999999999,0.5871996842105263,0.6198025333879558,0.6244713670088848,0.004779954163700362,0.12550570732984356,0.02234199934807068,,
Latvia,,,,,,,,,,,,,,,,,,,,,0,0,0,0,0,0,0,0,0,0,0,0.00001,0.00002,0.00002,0.00002,0.00005,0.00005961038961038961,0.00020729032258064514,0.000706153846153846,0.0008478343949044583,0.0008618354430379744,0.0008564150943396224,0.0009084374999999995,0.000978819875776397,0.0009066666666666662,0.0010794478527607356,0.0017837560975609748,0.0036738545454545433,0.005725518072289152,0.007056323353293407,0.008343964285714277,0.008631209822485199,0.00972972,0.009547074736842104,0.00966814361327325,0.009505092721832168,-0.019550918738433842,0.2670377206969423,0.0003400680745567382,,
Lithuania,,,,,,,,,,,,,,,,,,,,,0,0,0,0,0,0,0,0,0,0,0,0,0,0,0,0,0.000019870129870129866,0.00003948387096774193,0.00006865384615384615,0.0000701656050955414,0.00008521518987341769,0.00037239622641509424,0.0015309562499999994,0.0019015714285714276,0.002452722222222221,0.0034823926380368074,0.005897030487804875,0.0070509818181818135,0.00925834337349397,0.010186868263473047,0.012113410714285703,0.014799355029585785,0.0174051,0.015165789473684209,0.01893146743138058,0.02010236392388315,0.058947992539523764,0.22674300782997636,0.0007192115209914609,,
Luxembourg,0,0,0,0,0,0,0,0,0,0,0,0,0.00013000000000000004,0.00015,0.00016,0.00015,0.00018,0.00018,0.00017,0.00018999999999999998,0.00018,0.00017,0.00021999999999999998,0.00023,0.00018999999999999998,0.00012505000000000003,0.00013976000000000003,0.0001177,0.00014712,0.00015079999999999998,0.00019493000000000003,0.00015448,0.00019919,0.00028067999999999995,0.00036850000000000007,0.00047135000000000005,0.0004933653896103895,0.0005088779999999999,0.0006053111538461538,0.0008885012101910826,0.0011243756962025311,0.0012924747169811316,0.0014138538749999996,0.0014280126708074528,0.0015297449999999992,0.0015053228834355818,0.0017051383536585353,0.0019449916363636348,0.00231321253012048,0.0026554386826347282,0.00301931839285714,0.0030943299408283994,0.0046319939999999995,0.005294175789473684,0.006145100663662433,0.008353446115505415,0.35565273023111366,0.1491877712210088,0.0002988650841762456,,
Netherlands,0,0,0,0,0,0,0,0,0,0,0.00803,0.00872,0.00867,0.012110000000000001,0.011060000000000002,0.01024,0.01085,0.00265,0.00231,0.00017,0.00441,0.005540000000000001,0.007040000000000001,0.00851,0.009229999999999999,0.00726,0.00838,0.009,0.01038,0.0117701,0.013350000000000002,0.01755,0.0194,0.02233781,0.02438608,0.02849904,0.03175340142857143,0.038198591999999996,0.03821345653846153,0.05091923808917196,0.07144439582278478,0.07662724018867921,0.07170913012499996,0.08914022329192543,0.1014217827777777,0.10428926797546006,0.11460142207317067,0.11534518854545446,0.111496888192771,0.10623218766467055,0.12386972892857132,0.13248950804733717,0.156352473,0.16847136894736842,0.201983522818517,0.2842703770099152,0.40354855700522974,0.07131816861196683,0.01017047203981887,,
North Macedonia,,,,,,,,,,,,,,,,,,,,,,,,,,0,0,0,0,0,0,0,0,0,0,0,0,0,0,0,0,0,0,0,0,2.44049079754601E-7,0.000010943231707317065,0.000026297454545454528,0.00008342186746987944,0.0007788799401197597,0.00148980107142857,0.0015319555029585786,0.0016720379999999998,0.0015584168421052629,0.0016058006390823434,0.001756076408163265,0.09059514772078625,0,0.00006282795343247139,,
Norway,0,0,0,0,0,0,0,0,0,0,0,0,0,0,0,0,0,0,0,0,0.00005,0.0002600000000000001,0.00021,0.00027,0.00029,0.00213,0.00209,0.00227,0.0024300000000000003,0.0027000000000000006,0.0028899999999999998,0.0030299999999999997,0.0024100000000000002,0.0027000000000000006,0.0028727600000000002,0.00291499,0.00287181,0.0029040683225806446,0.005453037692307691,0.006088025923566877,0.00819450569620253,0.009921905660377355,0.012288768749999995,0.012519391304347819,0.011443833333333327,0.011555723926380363,0.015211371951219499,0.01745961818181817,0.021077132530120467,0.022781425149700583,0.025357928571428545,0.021479226390532524,0.027935648999999996,0.03706039368421053,0.05245938417772917,0.09134942039063228,0.7365783689280334,0.16446158618281137,0.003268250233136955,,
Poland,0.0002600000000000001,0.00037999999999999997,0.00043999999999999996,0.00047,0.00084,0.0005899999999999999,0.00101,0.00185,0.00223,0.00235,0.00211,0.00183,0.00265,0.00262,0.0024,0.00248,0.0026900000000000006,0.0026900000000000006,0.0036200000000000004,0.0034500000000000004,0.0039700000000000004,0.00368,0.00193,0.00094,0.00103,0.00055,0.0008300000000000001,0.00111,0.00061,0.00051,0.0006800000000000002,0.00133,0.0017100000000000001,0.0022400000000000002,0.00197,0.0022600000000000003,0.004550259740259741,0.004817032258064516,0.005678653846153845,0.009671159235668789,0.01593717721518987,0.02163939622641509,0.02942859374999999,0.04232683229813663,0.05953116666666663,0.07479634969325148,0.10081207317073165,0.13762952727272718,0.13482065060240955,0.1618135329341316,0.1880989285714284,0.18712171597633118,0.19405800000000004,0.17578894736842104,0.2094916231708316,0.2274941387755102,0.08296726454463621,0.13407617511958425,0.008139162448003856,,
Portugal,0.00207,0.002,0.00192,0.0022800000000000003,0.0028000000000000004,0.0018600000000000003,0.00143,0.00113,0.002,0.0018,0.0023599999999999997,0.0023,0.0023400000000000005,0.00232,0.0025800000000000007,0.0032000000000000006,0.00311,0.0035299999999999997,0.00405,0.0037300000000000002,0.0054800000000000005,0.006060000000000001,0.0061400000000000005,0.00653,0.0066301010101010105,0.00693959595959596,0.00813959595959596,0.008908383838383839,0.009155555555555556,0.00984,0.010460000000000002,0.0103,0.01126,0.011694000000000001,0.013622,0.015454000000000002,0.016965116883116884,0.0190786064516129,0.01944473076923077,0.023874821656050954,0.033880784810126574,0.04540924528301885,0.058751999999999964,0.07452335403726705,0.09451999999999997,0.1145904294478527,0.11733420731707309,0.1274999999999999,0.14508570108090352,0.14652343668826337,0.14308560154821415,0.149722721893491,0.150093,0.15217684210526314,0.16569156902908644,0.16069537959183675,-0.032803406252257195,0.057736935144480084,0.005749272513927297,,
Romania,0,0,0,0,0,0,0,0,0,0,0,0,0,0,0,0,0,0,0,0,0,0,0,0,0,0.000020627325890483786,0,0.00002,0.00001,0,0,0,0.00010999999999999999,0.00010999999999999999,0,0,0,0.00002961290322580645,0.00002942307692307692,0.00003898089171974522,0.000058101265822784796,0.000048113207547169804,0.0003633749999999999,0.00027559006211180114,0.00018898428731762057,0.003933134411600666,0.014796219512195112,0.026519999999999978,0.047853975903614426,0.059769862275449046,0.08714624999999993,0.08094514792899402,0.088093512,0.07632221578947368,0.08072098870954528,0.08200472890947053,0.013127732706218254,0.8325510321851111,0.0029339209075506514,,
Slovakia,0,0,0,0,0,0,0,0,0,0,0,0,0,0,0,0,0,0,0,0,0,0,0,0,0,0,0,0,0,0,0,0,0,0,0,0,0.0015300000000000001,0.0015003870967741932,0.0009905769230769228,0.0002533757961783439,0.0003776582278481012,0.0038875471698113203,0.0046186874999999995,0.004979627329192544,0.005128333333333331,0.00642975460122699,0.011391036585365846,0.012712909090909082,0.013871385542168662,0.018506586826347288,0.019798928571428554,0.020551036394585373,0.019871999999999997,0.01982736842105263,0.020396099959033184,0.0204331411546785,-0.0009211103550872402,0.14804018127888074,0.0007310458901318498,,
Slovenia,,,,,,,,,,,,,,,,,,,,,,,,,,0,0,0,0,0,0,0,0,0,0.00031,0.0007000000000000001,0.0007153246753246755,0.0010068387096774194,0.0011965384615384611,0.0011791719745222926,0.0010651898734177212,0.000952641509433962,0.0009944999999999995,0.0027749068322981347,0.0018605555555555547,0.0021964417177914096,0.0029667073170731692,0.003987272727272725,0.004424096385542166,0.004764071856287421,0.004981607142857139,0.005033758288076513,0.005251248,0.004775201578947367,0.0050401990004096675,0.004752115805320196,-0.05973318077924228,0.10479195768989169,0.00017001863309276373,,
Spain,0,0,0,0,0,0.00047,0.0005200000000000002,0.00061,0.0005600000000000001,0.00051,0.00113,0.0018700000000000004,0.0030900000000000003,0.00316,0.0025099999999999996,0.0036200000000000004,0.00424,0.00487,0.005600000000000001,0.0055000000000000005,0.00611,0.005380000000000001,0.0056300000000000005,0.006730000000000002,0.005970606060606061,0.00562,0.00564,0.0068600000000000015,0.007039999999999999,0.00824,0.012960000000000003,0.014589999999999999,0.022180000000000002,0.028980000000000002,0.04485,0.06238000000000002,0.08359363636363637,0.11803703225806451,0.1500576923076923,0.18599732484076428,0.23114620253164553,0.2520169811320753,0.29618887499999985,0.3685209316770185,0.44731388775723097,0.5121598021652343,0.5189642104506801,0.6158474299262339,0.6836006807316282,0.6513959753342305,0.6279156157781369,0.617616467422264,0.6257310405299998,0.6246654198552631,0.6581880453925439,0.7151553656506162,0.08358301891730768,0.039378576099573515,0.025586442481209847,,
Sweden,0,0,0,0,0,0.0013,0.0016,0.00226,0.0039900000000000005,0.0035700000000000003,0.0031,0.0035399999999999997,0.0036,0.0027600000000000007,0.0034700000000000004,0.00721,0.009210000000000003,0.01002,0.0145,0.01853,0.018080000000000002,0.019860000000000003,0.019650000000000004,0.020460000000000002,0.021940000000000005,0.01949,0.018730000000000004,0.020410000000000005,0.022240000000000003,0.023050000000000005,0.024599999999999997,0.02263,0.029770000000000005,0.03089,0.03056,0.045559999999999996,0.04233331168831169,0.04723258064516129,0.05091173076923076,0.07847828025477706,0.08174848101265822,0.08995245283018864,0.10775981249999994,0.11723981366459621,0.1317688888888888,0.14739625766871156,0.16444701219512184,0.17968690909090895,0.19656813253012034,0.20134616766467048,0.2470767857142855,0.2454344339644968,0.269235,0.2588205263157895,0.29904176976648916,0.3563235154208826,0.18829538154759784,0.08540519789070244,0.012748350316472307,,
Switzerland,0,0,0,0,0,0,0,0,0,0,0,0,0,0.0009800000000000002,0.0028700000000000006,0.0017300000000000002,0.00436,0.0039,0.00396,0.0036900000000000006,0.00365,0.00458,0.005110000000000001,0.00513,0.00529,0.00439,0.00438,0.004879999999999999,0.00495,0.00555,0.005800000000000001,0.006220000000000001,0.006670000000000001,0.007,0.007620000000000001,0.008470000000000002,0.008872012987012989,0.009170129032258063,0.009346730769230767,0.009686751592356687,0.010119303797468351,0.01129698113207547,0.011704499999999996,0.012211490683229808,0.01233444444444444,0.013169263803680973,0.015141402439024378,0.01774799999999999,0.020249457831325285,0.023948622754491,0.02577321428571426,0.0286716568047337,0.032886,0.034697894736842094,0.03731559197050389,0.042048146395718924,0.12374636272620654,0.11706147508532583,0.0015043758753271494,,
Turkey,0.001,0.00122,0.0017300000000000002,0.0017900000000000001,0.0017800000000000001,0.0016600000000000002,0.0016200000000000003,0.0017500000000000005,0.0019700000000000004,0.00207,0.0022,0.0016100000000000003,0.00218,0.0013700000000000003,0.00145,0.00136,0.0011,0,0,0.00022100000000000003,0.00006,0.0004360000000000001,0.000579,0.000684,0.0006260000000000001,0.000801,0.001197,0.001167,0.00134,0.0013,0.0030830000000000002,0.0025910000000000004,0.0037679999999999996,0.0033150000000000002,0.002344,0.002749,0.0033381818181818183,0.0027895354838709673,0.002245961538461538,0.0022111910828025473,0.001814696202531645,0.0026784622641509424,0.005795276624999998,0.010939927639751547,0.020614946111111098,0.03679484797546011,0.05377299319418381,0.06821277620806585,0.09038422109360512,0.10979366119760468,0.1503783541071427,0.20834643727810634,0.2614014,0.3384746078947368,0.3862651789980379,0.4424848262110927,0.142416855748551,0.3405108563224115,0.015830983165956342,,
Ukraine,,,,,,,,,,,,,,,,,,,,,0,0,0,0,0,0,0,0,0,0,0,0,0,0.00003,0.00003,0.00006,0.00015896103896103893,0.00021716129032258057,0.0003040384615384615,0.000321592356687898,0.00036797468354430365,0.0003367924528301886,0.003117374999999999,0.0029364596273291914,0.001718888888888888,0.0022339877300613484,0.002365902439024389,0.007005545454545449,0.012070409638554207,0.015475904191616756,0.015535874999999987,0.014309573964497028,0.017235,0.023230947368421052,0.047087367535288305,0.08629002725712814,0.8275445551472327,0.3924052776311193,0.0030872379977292513,,
United Kingdom,0,0,0,0,0,0,0,0,0,0,0,0,0,0,0,0,0,0,0,0.0000101010101010101,0.0000101010101010101,0.0000101010101010101,0,0.0000101010101010101,0.00009,0.006048000000000001,0.0069689999999999995,0.009672000000000002,0.014150000000000003,0.018625,0.020336,0.022926,0.027768,0.035311999999999996,0.042801,0.04828800000000001,0.054573311688311685,0.06260266451612904,0.07321148076923076,0.0906978152866242,0.11641847468354426,0.1301356415094339,0.1397302972380307,0.15930555465315305,0.18903923867409983,0.2120306858686801,0.27540397184225096,0.3332514363557,0.44713147918579216,0.5371908166908386,0.7018561744387716,0.7028302648592682,0.8371345321109394,0.9359406766807031,1.0214152983886617,1.1352410381497027,0.10840251606311324,0.18376375895284824,0.04061604082142468,,
Other Europe,0,0,0,0,0,0,0,0,0,0,0,0,0,0,0,0,0,0,0,0,0,0,0,0,0,0,0,0,0.000004272727272727275,0.000006111111111111111,0.0000057575757575757586,0.00014871358585858587,0.00013412555555555557,0.00014837015151515152,0.00012369676767676768,0.00011839282828282828,0.00011689190968122785,0.00011133055718475072,0.00014137525932400932,0.00033476642154024315,0.00037872791714614487,0.0004535711780902737,0.0005771725888886015,0.00047882918972332,0.0005423620792465121,0.0005520825613713939,0.0006882371784922391,0.0009215755189548278,0.0013453741126560777,0.0019167014652994785,0.0024698375420844497,0.0032670917866573384,0.005853449598402371,0.008849635446043043,0.019288940232497713,0.02094800683843639,0.08304404468411852,0.4292292807107858,0.0007494664765327297,,
Total Europe,0.030090000000000006,0.04101,0.044890000000000006,0.04997,0.05422903999999999,0.071183569613,0.07231883626,0.07122608039999999,0.07663391239,0.080420602,0.08520942081,0.08485597232,0.08880291321000003,0.09375139078,0.09768957991999999,0.10751449280000001,0.10764023151000002,0.09854621004,0.10166752155000001,0.10549787909010101,0.110198228390101,0.13153419657010104,0.13066101294000002,0.14008809905010103,0.14061766802090908,0.19744813046467832,0.20544960987838382,0.22271739079757466,0.25196304092121213,0.27034823912201983,0.3040850065669737,0.3156259649432092,0.39022938594162737,0.4737860947816694,0.5243511999581264,0.6492043574828592,0.7159124118935801,0.86231827073156,1.010004204246518,1.2556624849949931,1.4646971923788445,1.6836301429632674,1.9985503424268893,2.2702892050734618,2.553046932267307,2.943587380124625,3.5407939930672403,4.171347628159782,4.693324009767315,5.035953963568835,5.715066826544603,5.796090044417873,6.477631197829129,6.799309012401858,7.487668104188061,8.180057746900903,0.08948577164948013,0.11359886270831088,0.29266168875576365,,
Azerbaijan,,,,,,,,,,,,,,,,,,,,,0,0,0,0,0,0,0,0,0,0,0,0,0,0,0,0,0,0,0,0,0,0,0,0,0.000019833333333333322,0.0000046932515337423285,0,0,0.0006322771084337343,0.0008447065868263467,0.0009116249999999992,0.0013158905325443774,0.0013000499999999999,0.001816852631578947,0.002206754608766899,0.002136195685731265,-0.03461894809978938,0.6019015924892879,0.00007642765567709413,,
Belarus,,,,,,,,,,,,,,,,,,,,,0,0,0,0,0,0,0,0,0,0,0,0,0,0,0,0,0,0,0,0.000009843659525188186,0.000009683544303797465,0.00002886792452830188,0.00014343749999999993,0.00032310559006211166,0.0005761111111111108,0.000797852760736196,0.0009235975609756091,0.0009365454545454539,0.0008332048192771078,0.0008245508982035921,0.0012932142857142845,0.0017472781065088743,0.0026279999999999997,0.002916842105263158,0.004056042605489554,0.0042426765410729815,0.0431558393738809,0.21551304949086791,0.00015179219019881607,,
Kazakhstan,,,,,,,,,,,,,,,,,,,,,0,0,0,0,0,0,0,0,0,0,0,0,0,0,0,0,0,0,0,0,0,0,0,0,0,0,0.0000013714024390243892,0.00002490654545454544,0.00004918212650602407,0.00013288279041916157,0.0016244346964285699,0.0033066640650887547,0.0039109806,0.00473322142105263,0.009836740378533387,0.03297656272999277,2.343227691928432,0,0.0011798176536805536,,
Russian Federation,,,,,,,,,,,,,,,,,,,,,0,0,0,0,0,0.00065,0.00065,0.00063,0.0006000000000000001,0.00061,0.00059,0.00057,0.00057,0.00058,0.00058,0.0008100000000000002,0.0011643896103896104,0.0017718387096774192,0.0036719999999999995,0.004451617834394904,0.004436031645569619,0.00491620754716981,0.004696143749999999,0.0046954844720496864,0.004733555555555553,0.005079036809815947,0.005259841463414631,0.004750524881693646,0.004578939759036141,0.007425593892215563,0.008786908392857135,0.00961745778106508,0.010819611,0.012221452105263157,0.01623319177386317,0.03120598935510204,0.9171046287527713,0.13115376159426484,0.0011164710356010136,,
Turkmenistan,,,,,,,,,,,,,,,,,,,,,0,0,0,0,0,0,0,0,0,0,0,0,0,0,0,0,0,0,0,0,0,0,0,0,0,0.0000014971472392638027,0.000004261143292682924,0.000009100546699875462,0.000017039683734939747,0.000028561526946107757,0.000047539285714285666,0.00006318328280781382,0.00006263999999999998,0.00006227368421052631,0.00006204408029496107,0.00006181616326530612,-0.006395673023307569,0,0.0000022116253079607574,,
USSR,0,0,0,0,0,0,0,0,0,0,0,0,0,0,0,0,0,0,0,0,,,,,,,,,,,,,,,,,,,,,,,,,,,,,,,,,,,,,,,,,
Uzbekistan,,,,,,,,,,,,,,,,,,,,,0,0,0,0,0,0,0,0,0,0,0,0,0,0,0,0,0,0,0,0,0,0,0,0,0,0,0,0,0,0,0,0.0000027159763313609437,0.0000063,0.0000610836842105263,0.00013817287996722652,0.00013766530612244898,-0.006395673023307458,0,0.000004925314981809158,,
Other CIS,,,,,,,,,,,,,,,,,,,,,0,0,0,0,0,0,0,0,0,0,0,0,0,0,0,0,0,0,0,0,0,0.00002501886792452829,0.000027731249999999986,0.000018055900621118003,0.00004068076388888887,0.000039241449386503046,0.00002953646341463413,0.00004936633599003733,0.00010145697289156618,0.0002393098652694609,0.00028367611607142836,0.00026949461173705094,0.00038019374999999995,0.000632970394736842,0.001325958213846784,0.0012958651517805942,-0.025365563472330988,0.4168180265495911,0.0000463627636202856,,
Total CIS,0,0,0,0,0,0,0,0,0,0,0,0,0,0,0,0,0,0,0,0,0,0,0,0,0,0.00065,0.00065,0.00063,0.0006000000000000001,0.00061,0.00059,0.00057,0.00057,0.00058,0.00058,0.0008100000000000002,0.0011643896103896104,0.0017718387096774192,0.0036719999999999995,0.004461461493920091,0.004445715189873416,0.00497009433962264,0.004867312499999999,0.005036645962732916,0.005370180763888887,0.0059223214187116525,0.00621860803353658,0.005770443764383557,0.006212100469879514,0.009495605559880231,0.012947397776785705,0.016322684356083313,0.019107775349999998,0.022444696026315786,0.033858904540761986,0.0720567709330674,1.1223337105677023,0.20217695856563056,0.0025780082390675324,,
Iran,0,0,0,0,0,0,0,0,0,0,0,0,0,0,0,0,0,0,0,0,0,0,0,0,0,0,0,0,0,0,0,0,0,0,0.00035000000000000005,0.00036500000000000004,0.0003348116883116883,0.00029909032258064515,0.00027069230769230767,0.0004512038216560509,0.0006865632911392403,0.0012066792452830185,0.0013483124999999993,0.001862608695652173,0.002155222222222221,0.0020631533742331274,0.0022035731707317056,0.002110472727272726,0.0021318614457831314,0.002244610778443112,0.0023678571428571407,0.0026354023668639036,0.003748526999999999,0.007440944736842104,0.00834451097833307,0.008654566024925736,0.03432300491628326,0.14496149969889083,0.00030963838968772826,,
Iraq,0,0,0,0,0,0,0,0,0,0,0,0,0,0,0,0,0,0,0,0,0,0,0,0,0,0,0,0,0,0,0,0,0,0,0,0,0,0,0,0,0,0,0,0,0,0,0,0,0.0004267409638554213,0.000524964071856287,0.0005218848214285709,0.0005187967455621296,0.000515745,0.003369086842105263,0.003356664973371569,0.003344334367346939,-0.00639567302330768,0,0.000119651789020989,,
Israel,0,0,0,0,0,0,0,0,0,0,0,0,0,0,0,0,0,0,0,0,0,0,0,0,0,0,0,0,0,0,0,0,0,0,0,0,0.00009935064935064934,0.00010858064516129028,0.00011769230769230768,0.00010719745222929932,0.0001065189873417721,0.0000962264150943396,0.00009562499999999997,0.00015204968944099374,0.000708333333333333,0.0013047239263803672,0.0025375609756097548,0.004181999999999997,0.005005680722891563,0.00864679041916167,0.011776446428571417,0.01641264497041419,0.016407,0.01804057894736842,0.029405863170831627,0.05038833332852884,0.7088653373213147,0.4515086398627781,0.0018027665796250065,,
Kuwait,0,0,0,0,0,0,0,0,0,0,0,0,0,0,0,0,0,0,0,0,0,0,0,0,0,0,0,0,0,0,0,0,0,0,0,0,0,0,0,0,0,0,0,0,0,0,0,0,0.0000016774698795180711,0.000030031976047904166,0.000046355357142857096,0.00044192556213017706,0.000618966,0.0007892831578947368,0.0015220056100862683,0.0015164145690696248,-0.00639567302330768,0,0.00005425346157316514,,
Oman,0,0,0,0,0,0,0,0,0,0,0,0,0,0,0,0,0,0,0,0,0,0,0,0,0,0,0,0,0,0,0,0,0,0,0,0,0,0,0,0,0,0,0,0,0,0,0,0,0.000011060240963855412,0.000010994011976047893,0.000033696428571428546,0.00003798745562130174,0.00014004,0.00014058105263157895,0.00014758026708769343,0.0018301669193580635,11.367279849207174,0,0.00006547872373238309,,
Qatar,0,0,0,0,0,0,0,0,0,0,0,0,0,0,0,0,0,0,0,0,0,0,0,0,0,0,0,0,0,0,0,0,0,0,0,0,0,0,0,0,0,0,0,0,0,0,0.0010816167073170722,0.0010750614545454538,0.0010930743975903605,0.001111769461077843,0.0011051517857142846,0.0011154333727810641,0.001108872,0.0011023873684210526,0.0010983228512904547,0.0010942881959183674,-0.006395673023307569,0,0.00003915085214701566,,
Saudi Arabia,0,0,0,0,0,0,0,0,0,0,0,0,0,0,0,0,0,0,0,0,0,0,0,0,0,0,0,0,0,0,0,0,0,0,0,0,0,0,0,0,0,0,0,0.000005787391304347823,0.000005751666666666663,0.00003838141104294476,0.00005030341463414631,0.0002377249090909089,0.00039148644578313217,0.0004203468862275445,0.000417844821428571,0.0004153723668639049,0.0005853239999999999,0.0019143431578947366,0.009252732350857681,0.009218742721813715,-0.006395673023307569,1.0924140574483792,0.000329823198887937,,
United Arab Emirates,0,0,0,0,0,0,0,0,0,0,0,0,0,0,0,0,0,0,0,0,0,0,0,0,0,0,0,0,0,0,0,0,0,0,0,0,0,0,0,0,0,0,0,0,0.00006000999999999997,0.00017293693251533733,0.00019307853658536572,0.00022478945454545434,0.0008019780722891558,0.002907998622754489,0.0028842685714285683,0.003123571952662719,0.007121438999999999,0.011811279513694768,0.03721645216991252,0.049374069489100066,0.3230484043748283,0.9021779116793365,0.001766478795690524,,
Other Middle East,0,0,0,0,0,0,0,0,0,0,0,0,0,0,0,0,0,0,0,0,0,0,0,0,0,0.00001,0.00001,0.00001,0.00001,0.00001,0.00001,0.00001,0.00003,0.00003,0.00003,0.00006,0.00007948051948051948,0.00007896774193548388,0.00008826923076923076,0.00009842675159235667,0.00008812025316455695,0.00009718867924528299,0.00013483124999999997,0.00016155279503105583,0.0001444999999999999,0.0001768276380368097,0.00018735969512195108,0.00020894795267745934,0.0002999168674698793,0.0005263612275449097,0.0029957946428571403,0.009630852071005908,0.014993324999999997,0.024422065789473684,0.03236113175236484,0.03981029187769575,0.22682732149845708,0.717970038546361,0.0014243111248450997,,
Total Middle East,0,0,0,0,0,0,0,0,0,0,0,0,0,0,0,0,0,0,0,0,0,0,0,0,0,0.00001,0.00001,0.00001,0.00001,0.00001,0.00001,0.00001,0.00003,0.00003,0.0003800000000000001,0.00042500000000000003,0.0005136428571428572,0.00048663870967741933,0.0004766538461538461,0.0006568280254777069,0.0008812025316455693,0.0014000943396226412,0.001578768749999999,0.0021819985714285704,0.0030738172222222206,0.0037560232822085866,0.006253492499999996,0.008038996498132,0.010163476626506017,0.016423867455089808,0.02214929999999998,0.034331986863905296,0.045239238,0.06903055056632634,0.12270526412413572,0.16523120749375708,0.34289068430235736,0.4458342735678098,0.005911552915209848,,
Algeria,0,0,0,0,0,0,0,0,0,0,0,0,0,0,0,0,0,0,0,0,0,0,0,0,0,0,0,0,0,0,0,0,0,0,0,0,0,0,0,0,0,0,0,0,0,0.00008541717791411039,0.00016903467987804864,0.000247795217932752,0.000263602409638554,0.0005588622754491014,0.0007012499999999993,0.0023905304368971366,0.004706999999999999,0.005484736842105262,0.005571487095452682,0.005400032653061224,-0.03342171071707356,0,0.00019319945218967534,,
Egypt,0,0,0,0,0,0,0,0,0,0,0,0,0,0,0,0,0,0,0,0,0,0,0,0,0,0,0,0,0,0,0,0,0,0,0.00012,0.0008070000000000002,0.0017873181818181816,0.0021074516129032258,0.0028148076923076924,0.004921829762594093,0.004949367088607595,0.005831903945111491,0.006346022727272724,0.008850367024280062,0.009816498316498312,0.013463469046291124,0.016227272727272715,0.017065564738291995,0.014765607886089804,0.010697876973326066,0.017636396103896092,0.02381280258203333,0.024409090909090908,0.031677299308878255,0.05766432866146098,0.08601726654298082,0.4876137237745981,0.1936996441004062,0.0030774793121919977,,
Morocco,0,0,0,0,0,0,0,0,0,0,0,0,0,0,0,0,0,0,0,0,0,0,0,0,0,0,0,0,0,0,0,0,0,0,0,0.00064,0.0020446363636363635,0.0019149777126099706,0.001989990675990676,0.0019393092067168498,0.00199869332566168,0.001763839908519153,0.002667947159090908,0.0028347859966120817,0.003694676206509538,0.0061847763524818695,0.0064586618625277125,0.006751484622589525,0.011198503285870747,0.017626158954817624,0.022996446428571404,0.030795550295857954,0.031051800000000004,0.04286592947368423,0.05598811451044656,0.06191515086721458,0.1028409212962782,0.31235686026908227,0.002215166832927545,,
South Africa,0,0,0,0,0,0,0,0,0,0,0,0,0,0,0,0,0,0,0,0,0,0,0,0,0,0,0,0,0,0,0,0.0006,0.0014600000000000001,0.00231,0.0019700000000000004,0.004868000000000002,0.004310824675324675,0.004666006451612904,0.004200634615384615,0.003989694267515923,0.004399234177215188,0.004196433962264151,0.004423612499999998,0.00474014906832298,0.004744888888888888,0.004298079754601225,0.00493798170731707,0.005059199999999997,0.0069836204819277055,0.024013670658682616,0.056809446428571386,0.07170449112426028,0.0953030549271891,0.1021663504066326,0.10708453289430199,0.11188287913710213,0.04195428783940747,0.3656835239198364,0.004002885231895415,,
Eastern Africa,0,0,0,0,0,0,0.00126,0.0012700000000000003,0.00132,0.00136,0.00133,0.00146,0.00149,0.00155,0.0016100000000000003,0.0016700000000000003,0.00177,0.00195,0.0018900000000000002,0.0019200000000000003,0.0022700000000000003,0.00617,0.006149999999999999,0.00583,0.0057399999999999994,0.00713,0.0071600000000000006,0.00709,0.006980000000000001,0.005860000000000001,0.0073,0.008940930879110345,0.009120930879110345,0.01146501965295753,0.011321861758220688,0.014998631578947368,0.015854641209793047,0.014701296193576626,0.018610557115412672,0.021279873439759966,0.020875775127129438,0.022158797546990853,0.021285783456385612,0.022385925986777765,0.025849454900251447,0.02881203945543946,0.02936354917618997,0.03234501531080941,0.0367630649495573,0.049144370819919944,0.06758027454791965,0.0694422993910826,0.07103736642162418,0.07775994568295133,0.09157560214010496,0.08798589440675143,-0.04182452817608984,0.13483530767164953,0.0031479118168232802,,
Middle Africa,0,0,0,0,0,0,0,0,0,0,0,0,0,0,0,0,0,0,0,0,0,0,0,0,0,0.00003,0.00008,0.00008,0.00008,0.00009,0.00009,0.00007000000000000001,0.00007000000000000001,0.00007000000000000001,0.00007000000000000001,0.00007000000000000001,0.0000700223376664829,0.00007309451599371049,0.0000744109615723674,0.00007634407626234801,0.00008963088625141334,0.006270469245430994,0.0008461569385590027,0.0008819167069994509,0.0008432755554103184,0.0007557918445734216,0.0008078586586373373,0.0008629478186085691,0.0009359360241787899,0.0010113483236427142,0.0007076158913393951,0.0008647306460148405,0.0009289799924919605,0.0011430291241606443,0.0011390172951071089,0.0011363557914820985,-0.005062522662533153,0.030519183449155163,0.00004065592386417321,,
Western Africa,0,0,0,0,0,0,0.00037999999999999997,0.00037999999999999997,0.00037999999999999997,0.00039000000000000005,0.00039000000000000005,0.00039000000000000005,0.0004,0.0004,0.0004,0.0004,0.00041,0.00041,0.00041,0.00042,0.00042,0.00042,0.00043000000000000004,0.00043000000000000004,0.00043000000000000004,0.00092,0.001,0.00105,0.00111,0.001184,0.0012029999999999999,0.0013410000000000002,0.0013520000000000001,0.0014060000000000001,0.0014579999999999999,0.0016534100000262265,0.0017368281818097432,0.0018310842578803605,0.0017210048076829539,0.002599748075057441,0.0027167416689977976,0.0027958467894857422,0.002758956126714873,0.0026984323591650442,0.0024048766674114254,0.0026265640875574496,0.0029174487795422797,0.0033213303409925137,0.004021090461210389,0.004212750301115252,0.0057840785976250786,0.006545562610290861,0.007706352662095811,0.009083715650346654,0.00931417503491654,0.010073834365966147,0.07860440572493888,0.14499913512333373,0.0003604162059743972,,
Other Northern Africa,0,0,0,0,0,0,0,0,0,0,0,0,0,0,0,0,0,0,0,0,0,0,0,0,0,0,0,0,0,0,0,0,0,0,0,0.00023,0.00023844155844155845,0.0002961290322580645,0.00032677269230769226,0.0004396362420382164,0.0004251850632911391,0.00039167037735849037,0.00044463712499999983,0.00041141795031055884,0.0009641644444444438,0.0013714138573619626,0.0011019894969512187,0.0019401880460772091,0.003504573298192768,0.005031911182634726,0.004746959330357139,0.005352609630785437,0.00531177975,0.005681871973684211,0.006074550036870135,0.006035390675776144,-0.00916108999261267,0.2020881063124449,0.00021593094842669376,,
Other Southern Africa,0,0,0,0,0,0,0,0,0,0,0,0,0,0,0,0,0,0,0,0,0,0,0,0,0,0,0,0.00032250000088654987,0.0012470000004380596,0.0012900000004172,0.0016770000002294602,0.0017200000002086002,0.0019554732030077275,0.0019704732030077277,0.0022193862314558626,0.0012980000000000003,0.0014366103896103898,0.0015339483870967744,0.0014436923076923073,0.0015212292993630572,0.0015435569620253157,0.0014510943396226414,0.0014831437499999997,0.0014093105590062105,0.0012476111111111106,0.0017487055214723917,0.002552487804878047,0.0028337454545454524,0.0027945726506947016,0.002396512987958252,0.0023941668170474545,0.0025474155645425736,0.002670458627271029,0.002973344737059694,0.00426964973022686,0.00494215253329738,0.15434513267143934,0.1309184816391249,0.0001768176645246009,,
Total Africa,0,0,0,0,0,0,0.00164,0.0016500000000000004,0.0017000000000000001,0.0017500000000000003,0.0017200000000000002,0.00185,0.0018900000000000002,0.00195,0.0020100000000000005,0.0020700000000000002,0.00218,0.00236,0.0023,0.0023400000000000005,0.00269,0.00659,0.006579999999999999,0.00626,0.00617,0.00808,0.00824,0.00854250000088655,0.009417000000438061,0.008424000000417202,0.01027000000022946,0.012671930879318945,0.013958404082118073,0.017221492855965262,0.01715924798967655,0.024565041578973597,0.02747932289810044,0.027123988163931634,0.031181870868350982,0.03676766436930789,0.03699818429917957,0.04486005611478351,0.04025625978302311,0.04421230565147416,0.04956544609052548,0.059346257097693006,0.0645362848931944,0.07042727154984743,0.08123057144736076,0.11469346247754633,0.17935663414532763,0.21345599228176498,0.24312588328976295,0.2788362231995029,0.3386814573988879,0.37538895697363195,0.1053551823028005,0.21188452564578397,0.013430463388817777,,
Australia,0.00296,0.0028400000000000005,0.0029,0.0028200000000000005,0.0028100000000000004,0.00261,0.0026300000000000004,0.0028000000000000004,0.00338,0.00429,0.004889999999999999,0.00484,0.00429,0.00405,0.00418,0.00385,0.00404,0.005160000000000001,0.00431,0.00441,0.004560000000000001,0.0046,0.0047,0.00731,0.0081,0.007595000000000001,0.007249500000000001,0.006821000000000001,0.006866000000000001,0.007194000000000001,0.0085365,0.009791,0.010351500000000001,0.011346,0.012171000000000001,0.010702500000000002,0.011312561688311688,0.018346674193548386,0.02411760576923077,0.03589360509554139,0.05087831012658226,0.059584358490566015,0.06924062812499997,0.06931327639751549,0.07097303583966487,0.07888603293328812,0.1030930472698241,0.12272315454545446,0.1515073283132529,0.16743295724550886,0.1976850023382548,0.21824674594577387,0.23121027775332825,0.2879500060022796,0.36759692133171074,0.4428380015974448,0.2013921664590197,0.1787666720914738,0.015843618884211014,,
Bangladesh,0,0,0,0,0,0,0,0,0,0,0,0,0,0,0,0,0,0,0,0,0,0,0,0,0,0,0,0,0,0,0,0,0,0,0,0,0,9.870967741935483E-7,0.000008826923076923077,0.000018515923566878975,0.00003292405063291138,0.00006735849056603772,0.00010136249999999996,0.00017200621118012413,0.0002946666666666665,0.00048246625766871126,0.0006203963414634142,0.0009272727272727266,0.001287015722891565,0.0016311723952095799,0.0018774557142857123,0.002063752721893489,0.0023518709999999997,0.0025323378947368414,0.003184125247403418,0.0037382903618173365,0.17083222676780752,0.2687203713080959,0.00013374653385098042,,
China,0,0,0,0,0,0,0,0,0,0,0,0,0,0,0,0,0,0,0,0,0,0,0,0,0,0.0006802020202020203,0.000750909090909091,0.002473131313131313,0.0033312121212121216,0.00848838383838384,0.03637161616161616,0.01635939393939394,0.02930979797979798,0.028495555555555562,0.03010737373737374,0.0314889898989899,0.03282736127508855,0.03387097947214076,0.03527797202797203,0.037828789808917185,0.07119400460299193,0.10526994854202398,0.14780080113636357,0.2672083229813663,0.4604480017579998,0.7039957085889565,0.9734345121951216,1.2682996793454537,1.6937931333795166,2.1029994754491,2.542188803571426,3.3453877042011806,4.517977357894736,5.6943182105263155,6.61468164195002,7.665952078367347,0.15576338634730602,0.30536761918609434,0.2742682937691641,,
China Hong Kong SAR,0,0,0,0,0,0,0,0,0,0,0,0,0,0,0,0,0,0,0,0,0,0,0,0,0,0,0,0,0,0,0,0,0,0,0,0,0,0,0,0,0,0.000006678113207547167,0.000008271562499999996,0.00000766900621118012,0.000010379444444444438,0.0003791302453987728,0.00041570286585365825,0.00039786490909090883,0.00034976168674698776,0.00041229377245508947,0.0005358733928571424,0.0006017788757396444,0.0006024960000000001,0.0006172342105263159,0.0006762262353947174,0.0010843871387667301,0.5992049343448247,0.5184195638729447,0.0000387966174709141,,
India,0,0,0,0,0,0,0,0,0,0,0,0,0,0,0,0,0,0,0,0,0,0,0,0,0,0.0006788936663936663,0.0020798132132132134,0.0020786189189189188,0.0034681954954954948,0.005715652852852853,0.010612751460551462,0.016405892547092547,0.019757272727272727,0.023775883838383832,0.031381394348894344,0.03275149535899536,0.04138213886451386,0.041833477050804466,0.05230620004173754,0.08339937377814988,0.09726460057770658,0.14368047169811318,0.18307214999999993,0.2256341366459626,0.26433111111111096,0.31786829447852744,0.39104840853658507,0.4586995636363632,0.5153924819277105,0.5775511796407181,0.5931095999999995,0.7226819720217266,0.891699446132533,1.108279748022443,1.2413186273245262,1.3429832082168283,0.07894445930905025,0.1672758464678168,0.04804852799924027,,
Indonesia,0,0,0,0,0,0,0,0,0,0,0,0,0,0,0,0,0,0,0,0,0,0,0,0,0,0.0112742,0.010514599999999999,0.010857399999999998,0.010919700000000001,0.0160391,0.022125300000000004,0.0234287,0.0272838,0.032865000000000005,0.03940729999999999,0.048724,0.059954142857142866,0.06162741290322581,0.06180709615384614,0.06495775796178344,0.06405664556962025,0.06422150943396225,0.06731062874999996,0.07922705869565212,0.0881196416666666,0.08831244478527603,0.08849137499999994,0.08863183363636357,0.08766485240963849,0.09313664281437119,0.0937728348214285,0.09938431863905316,0.1177929,0.13007666315789473,0.13266379352724292,0.1494569171967373,0.1235059770347342,0.04176069787385539,0.0053471888752373315,,
Japan,0,0,0,0,0,0.00242704,0.00235611,0.00248591,0.00253998,0.0030754700000000003,0.0037850700000000006,0.00367553,0.0053377400000000005,0.008276440000000001,0.01099732,0.010914400000000003,0.01136527,0.09870767000000001,0.11030233,0.12119022999999998,0.12699479,0.13803359,0.14792468,0.15986553,0.17046979,0.11341126,0.11651857,0.11860617,0.11582831595959596,0.13502493595959597,0.14335605595959597,0.15304106191919195,0.1653488944185001,0.16322945957070709,0.16741198636363638,0.16564143719178084,0.166715150684042,0.17814066387096772,0.19284296538461537,0.2023603154689817,0.24427794437424127,0.24690379811320745,0.26058259546874984,0.25498705604335054,0.25309756594413224,0.2791000732753986,0.2892388966463413,0.3173989753542962,0.3799068532448184,0.4781462423940266,0.6215456810970985,0.6548881151138028,0.7871273068116545,0.8830261881726068,0.9909394113036635,1.1153781535959681,0.12250119393134873,0.1462409328655898,0.039905397264017144,,
Malaysia,0,0,0,0,0,0,0,0,0,0,0,0,0,0,0,0,0,0,0,0,0,0,0,0,0,0,0,0,0,0,0,0,0,0,0,0.00570903,0.00570366116883117,0.00399181935483871,0.004084903846153846,0.005616756687898086,0.005737499999999998,0.006004181886792451,0.0072653293124999956,0.007571703913043474,0.013159586666666659,0.011854726288343552,0.014344075591463402,0.013989414981818172,0.01147122108433734,0.008428742514970052,0.009325714285714277,0.0096869822485207,0.009855,0.017742631578947368,0.023443870388006632,0.027966888437206395,0.1896702938600494,0.0594457089729683,0.0010005842321073796,,
New Zealand,0.013480000000000002,0.01359,0.011340000000000001,0.01295,0.013269999999999999,0.012730000000000002,0.012560000000000002,0.012570000000000001,0.012430000000000002,0.01759722105263158,0.017868273684210526,0.017355115789473685,0.016586694736842107,0.016818273684210527,0.015582484210526316,0.01652143157894737,0.01619248421052632,0.016489852631578948,0.016670484210526318,0.01819095789473684,0.016908726315789473,0.017636989473684212,0.017585647368421053,0.01767947368421053,0.022609157894736838,0.026085368421052635,0.027851684210526313,0.027617961722488038,0.02884196384901648,0.027376416799574692,0.026826401010101007,0.02633823315257841,0.027309777660818723,0.031075268548644345,0.033480581924508236,0.03599582817650186,0.03421582489281054,0.03288369976818644,0.03193037558036673,0.0348446820316,0.04108843520215613,0.043408955960916,0.04796399904122606,0.05503830578031623,0.06515557523991278,0.07588120453104662,0.08164866049095863,0.08311045376075561,0.08521606926116246,0.09361542633646376,0.09997057325048726,0.09914559771965292,0.09661883804370723,0.09553183619501127,0.09782021281908568,0.09839244899685455,0.0031016529320964104,0.041472248372214304,0.0035202319073046073,,
Pakistan,0,0,0,0,0,0,0,0,0,0,0,0,0,0,0,0,0,0,0,0,0,0,0,0,0,0,0,0,0,0,0,0,0,0,0,0.009267000000000001,0.00866437012987013,0.009484025806451612,0.01021078846153846,0.010489757961783436,0,0,0.0000019316249999999995,0.000015052919254658378,0.00005031999999999998,0.00012604196319018396,0.0002503042682926827,0.000786466363636363,0.0027291757145312696,0.005051014421516294,0.009525507244472747,0.020859393395869934,0.03737283774542698,0.04838360455548022,0.04804446000169871,0.04480039529062668,-0.07006989281525344,0.9860504137799306,0.001602844350047276,,
Philippines,0,0,0,0,0,0,0,0,0,0,0,0,0.00001,0.00003,0.006369400000000002,0.020448499999999998,0.03912190000000001,0.039078600000000005,0.0493498,0.053584599999999996,0.05942180000000001,0.055733000000000005,0.04895970000000001,0.0522291,0.0570166,0.0589576,0.05758,0.057,0.05667000000000001,0.0632,0.06135,0.06534,0.07237,0.08914,0.10594,0.11626,0.10374194805194804,0.101103318,0.09633550846153843,0.10019599681528661,0.09607459727848096,0.10122913018867923,0.09824358543749998,0.10249546024844716,0.09825279388888886,0.0940470631288343,0.09466427195121946,0.09745143054545446,0.09109619999999992,0.09777690377245499,0.11200053535714277,0.1255554575147928,0.122201415,0.12474570342331333,0.12496969464973373,0.1280454765714286,0.02181273548320206,0.024344358643741737,0.004581141914936757,,
Singapore,0,0,0,0,0,0,0,0,0,0,0,0,0,0,0,0,0,0,0,0,0,0.00085,0.00085,0.00085,0.00085,0.00085,0.0024500000000000004,0.0024500000000000004,0.0024500000000000004,0.0024500000000000004,0.0024500000000000004,0.0024500000000000004,0.0024500000000000004,0.0024500000000000004,0.0024500000000000004,0.0024500000000000004,0.004699285714285715,0.004668967741935484,0.004854807692307691,0.0046679617834394895,0.004625429667721517,0.004558868830188678,0.0047201379749999975,0.004952823463509316,0.004993071038888887,0.005540329134662573,0.005691597527743898,0.005970769085454541,0.0066201908428504715,0.007041513333475053,0.007841423641429212,0.00805753425853527,0.008078887045899397,0.00803166033250191,0.008512304483649626,0.00865520254090253,0.014009127975615598,0.054794703755034924,0.000309661162612621,,
South Korea,0,0,0,0,0,0,0,0,0,0,0,0,0,0,0,0,0,0,0,0,0,0,0,0,0,0.00001,0.00001,0.00002,0.000030000000000000004,0.000030000000000000004,0.00252,0.00406,0.0008200000000000001,0.00064,0.00097411,0.00100969,0.0010608066233766232,0.001983324193548387,0.002163743653846153,0.0034126135289581517,0.00391312731202291,0.004919317478594715,0.007944756835831871,0.01305180113617844,0.01691130257037002,0.0420333017690967,0.07083141579564789,0.0799111476640551,0.09364022132530114,0.13463716319305585,0.1577170319318902,0.17142934676532484,0.21730825422,0.243159715244972,0.27212263187661034,0.3290520072191864,0.20590101512736259,0.3202578557217137,0.011772645022918743,,
Sri Lanka,0,0,0,0,0,0,0,0,0,0,0,0,0,0,0,0,0,0,0,0,0,0,0,0,0,0,0,0,0,0,0,0,0,0,0.000035000000000000004,0.00003832,0.00004374504467532468,0.0000504096361083871,0.000056980128184615374,0.00006202657577579617,0.00009006744504303793,0.00009115072727547168,0.00008971735022999996,0.0001457479763776397,0.00031449292951111097,0.0008716956609865025,0.001231095798175609,0.0016597121626472716,0.0025379000954024074,0.003132659118783231,0.004091292857142853,0.004524816568047333,0.00592578,0.006573810526315788,0.007063802716687994,0.01006224051524239,0.420587247023686,0.365031795769831,0.00036000140744399785,,
Taiwan,0,0,0,0,0,0,0,0,0,0,0,0,0,0,0,0,0,0.00008282489999999999,0.00004545145,0.0000350599,0.000029558800000000002,0.000045321,0.000028272000000000003,0.0000310436,0.0031721424000000008,0.003461438,0.00394528202,0.0042111909,0.0036348286000000003,0.0038535519000000005,0.005167886149999999,0.00595200458,0.005202695220000001,0.006172268445,0.007530775870000001,0.010596316495,0.01368456452181818,0.017194661053838704,0.017784784706249997,0.018256246616751588,0.01879275415727848,0.02046456688528301,0.02222315930446874,0.022888762263167692,0.024011880505833322,0.027042534091656426,0.031612259274420705,0.031598741104363615,0.03504536893870479,0.03610805281706585,0.03928641698068925,0.04046626595556209,0.047232987507,0.05711619390131579,0.07030958244706267,0.09163084815595102,0.2996875741102598,0.11341952930047405,0.0032783190037507254,,
Thailand,0,0,0,0,0,0,0,0,0,0,0,0,0,0,0,0,0,0,0,0,0,0,0.0000492,0.0003019000000000001,0.00021570000000000007,0.0002500899999999999,0.00029667000000000007,0.00020861,0.00029429,0.0005076354,0.0014274905999999998,0.0020712081,0.002735002650000001,0.0030951109499999987,0.004474332869999997,0.005268974909999998,0.006170548010844151,0.007426937519419356,0.012078107483076922,0.017949900505414,0.01797525379537973,0.01949728936698112,0.023510590603874983,0.020707725444037248,0.02170048135666665,0.03217559484478526,0.03804930186749998,0.04832997330818177,0.06668551534784091,0.0828851219046161,0.09146150864988209,0.11351508486701531,0.13451012930700001,0.16037472472631578,0.1908004425407293,0.18209232062082092,-0.04824748726481354,0.2428279198658856,0.0065148007155005,,
Vietnam,0,0,0,0,0,0,0,0,0,0,0,0,0,0,0,0,0,0,0,0,0,0,0,0,0,0,0,0,0,0,0,0,0,0,0,0,0,0,0,0,0.00048417721518987327,0.0006254716981132074,0.0007554374999999996,0.0005388260869565216,0.0006951111111111106,0.0009536311656441713,0.0009571456097560969,0.000960617454545454,0.0012239631325301195,0.0012328776646706578,0.002307467678571426,0.002575370236686388,0.0031870529999999996,0.004475297656162063,0.03671041262133812,0.08396624602908438,1.2810103204248606,0.48687172751268193,0.0030040990078173666,,
Other Asia Pacific,0,0,0,0,0,0,0,0,0,0,0,0,0,0,0,0,0,0,0,0.000010526315789473684,0,0,0,0,0,0.00045,0.00045,0.0002,0.0002,0.0002,0.0002,0.00021640218000000002,0.00004919092,0.000058662070000000013,0.000058250670000000006,0.00010138048980181457,0.0003197388864512052,0.00038939403947473174,0.00044735096313737016,0.0005825852901557986,0.0007152807370184965,0.0008697817203427885,0.0009389743887717754,0.0010289868362398091,0.0012769962090452244,0.001454713826724605,0.0016332211592017616,0.0022145153028078767,0.002966603567390091,0.00407151675613691,0.005423264447950814,0.006409437749148784,0.00807441041829812,0.010795384597857106,0.0137422559486918,0.015492387394365143,0.12427381099163037,0.2681973533301736,0.0005542782701517199,,
Total Asia Pacific,0.016440000000000003,0.01643,0.014240000000000001,0.01577,0.01608,0.01776704,0.017546110000000004,0.017855910000000003,0.018349980000000002,0.02496269105263158,0.026543343684210526,0.025870645789473685,0.026224434736842106,0.029174713684210526,0.03712920421052632,0.05173433157894737,0.07071965421052633,0.15951894753157897,0.1806780656605263,0.1974213741105263,0.2079148751157895,0.21689890047368424,0.22009749936842105,0.23826704728421053,0.26243339029473683,0.22370405210764832,0.22969702853464863,0.23254408285453823,0.23253450602532008,0.27007967675040734,0.3209440013418646,0.32545389641825684,0.36298793157638953,0.3923432089782908,0.4354221057844127,0.47600496252106966,0.49049584841401,0.5129967517012632,0.546308017276879,0.6205368858340035,0.7172010521120663,0.821402837624813,0.9417740569170164,1.1249847220487665,1.3837960139475807,1.761004986969485,2.187255688189569,2.6230615858880153,3.2291338559946263,3.8952909555445974,4.589665987260723,5.645479674798326,7.239127247879585,8.883730950724996,10.244600417413254,11.741587498246574,0.14299300909620682,0.2216373291784448,0.4200841769377833,,
Total World,0.17985232095652648,0.19806006895272862,0.1998657074264804,0.22120045096175944,0.23257964376537182,0.2569319598650858,0.2787916846328396,0.2987710081971983,0.32084923820256606,0.3395881358251306,0.3448367862763181,0.3846095586934621,0.40562557227460166,0.4297047784081864,0.4617532881874489,0.4939586384962013,0.5316504248350118,0.6138905690610955,0.6805372783193294,0.760602849633424,0.7786819955311298,0.8573314830023063,0.9184883434264798,0.9462250339109283,1.072602890636166,1.2102343885914466,1.2661088385002817,1.3617364097139797,1.4156002403769763,1.4814861885436603,1.5526439957558078,1.604754379398289,1.7406114304345657,1.8551515808336,1.9952572924950098,2.1851312845223503,2.300888399704273,2.570248694177456,2.7757991313657344,3.1506232999706194,3.5127853124096533,3.9472579278643933,4.52395274346224,5.212625628246919,6.004565583071162,7.144685797583301,8.472948165942077,9.902111217077058,11.479614937148783,12.955045668920937,14.884958996500213,16.760232777177904,19.62140483712902,22.17735621112163,24.864190435538312,27.950558823322606,0.1210576611585088,0.15268136751765993,1,,
